"Jahr","Grossregion","Schweizer/innen und Ausländer/innen","Berufliche Stellung","Geschlecht","Zentralwert","P10","P25","P75","P90"
"2024","Schweiz","Schweizer/innen und Ausländer/innen - Total","Berufliche Stellung - Total","Geschlecht - Total",7024,4635,5524,9326,12526
"2024","Schweiz","Schweizer/innen und Ausländer/innen - Total","Berufliche Stellung - Total","Frauen",6666,4421,5176,8627,11145
"2024","Schweiz","Schweizer/innen und Ausländer/innen - Total","Berufliche Stellung - Total","Männer",7276,4847,5778,9880,13472
"2024","Schweiz","Schweizer/innen und Ausländer/innen - Total","Oberes und mittleres Kader","Geschlecht - Total",11174,6190,8247,15225,22243
"2024","Schweiz","Schweizer/innen und Ausländer/innen - Total","Oberes und mittleres Kader","Frauen",10077,5524,7529,13468,19274
"2024","Schweiz","Schweizer/innen und Ausländer/innen - Total","Oberes und mittleres Kader","Männer",11715,6536,8601,15925,23501
"2024","Schweiz","Schweizer/innen und Ausländer/innen - Total","Unteres Kader","Geschlecht - Total",9493,6063,7582,11816,14780
"2024","Schweiz","Schweizer/innen und Ausländer/innen - Total","Unteres Kader","Frauen",8915,5595,7128,11092,13761
"2024","Schweiz","Schweizer/innen und Ausländer/innen - Total","Unteres Kader","Männer",9856,6387,7853,12198,15318
"2024","Schweiz","Schweizer/innen und Ausländer/innen - Total","Verantwortlich für die Ausführung der Arbeiten","Geschlecht - Total",7740,5242,6292,9709,11972
"2024","Schweiz","Schweizer/innen und Ausländer/innen - Total","Verantwortlich für die Ausführung der Arbeiten","Frauen",7424,4909,5949,9183,11259
"2024","Schweiz","Schweizer/innen und Ausländer/innen - Total","Verantwortlich für die Ausführung der Arbeiten","Männer",7949,5491,6499,10065,12321
"2024","Schweiz","Schweizer/innen und Ausländer/innen - Total","Ohne Kaderfunktion","Geschlecht - Total",6368,4468,5189,7907,9878
"2024","Schweiz","Schweizer/innen und Ausländer/innen - Total","Ohne Kaderfunktion","Frauen",6160,4306,4953,7739,9548
"2024","Schweiz","Schweizer/innen und Ausländer/innen - Total","Ohne Kaderfunktion","Männer",6499,4637,5392,8044,10133
"2024","Schweiz","Schweizer/innen","Berufliche Stellung - Total","Geschlecht - Total",7480,4972,5959,9756,12778
"2024","Schweiz","Schweizer/innen","Berufliche Stellung - Total","Frauen",6983,4736,5559,8825,11126
"2024","Schweiz","Schweizer/innen","Berufliche Stellung - Total","Männer",7920,5257,6303,10551,13977
"2024","Schweiz","Schweizer/innen","Oberes und mittleres Kader","Geschlecht - Total",10989,6330,8258,14564,20257
"2024","Schweiz","Schweizer/innen","Oberes und mittleres Kader","Frauen",9800,5542,7440,12666,16751
"2024","Schweiz","Schweizer/innen","Oberes und mittleres Kader","Männer",11597,6708,8691,15348,21472
"2024","Schweiz","Schweizer/innen","Unteres Kader","Geschlecht - Total",9430,6271,7664,11589,13998
"2024","Schweiz","Schweizer/innen","Unteres Kader","Frauen",8768,5728,7132,10763,12946
"2024","Schweiz","Schweizer/innen","Unteres Kader","Männer",9864,6677,8019,12022,14567
"2024","Schweiz","Schweizer/innen","Verantwortlich für die Ausführung der Arbeiten","Geschlecht - Total",7936,5491,6553,9802,11930
"2024","Schweiz","Schweizer/innen","Verantwortlich für die Ausführung der Arbeiten","Frauen",7515,5137,6149,9149,11054
"2024","Schweiz","Schweizer/innen","Verantwortlich für die Ausführung der Arbeiten","Männer",8242,5824,6842,10291,12369
"2024","Schweiz","Schweizer/innen","Ohne Kaderfunktion","Geschlecht - Total",6765,4790,5568,8291,10192
"2024","Schweiz","Schweizer/innen","Ohne Kaderfunktion","Frauen",6525,4636,5316,7985,9722
"2024","Schweiz","Schweizer/innen","Ohne Kaderfunktion","Männer",6982,4994,5811,8589,10592
"2024","Schweiz","Ausländer/innen","Berufliche Stellung - Total","Geschlecht - Total",6235,4281,4988,8361,11952
"2024","Schweiz","Ausländer/innen","Berufliche Stellung - Total","Frauen",5812,4039,4641,8110,11211
"2024","Schweiz","Ausländer/innen","Berufliche Stellung - Total","Männer",6405,4478,5236,8532,12382
"2024","Schweiz","Ausländer/innen","Oberes und mittleres Kader","Geschlecht - Total",12007,5782,8097,18323,28918
"2024","Schweiz","Ausländer/innen","Oberes und mittleres Kader","Frauen",11526,5478,7946,17149,25852
"2024","Schweiz","Ausländer/innen","Oberes und mittleres Kader","Männer",12225,5936,8178,18891,30201
"2024","Schweiz","Ausländer/innen","Unteres Kader","Geschlecht - Total",9661,5647,7330,12461,16886
"2024","Schweiz","Ausländer/innen","Unteres Kader","Frauen",9359,5319,7111,11982,16272
"2024","Schweiz","Ausländer/innen","Unteres Kader","Männer",9830,5837,7433,12659,17289
"2024","Schweiz","Ausländer/innen","Verantwortlich für die Ausführung der Arbeiten","Geschlecht - Total",7317,4851,5872,9509,12074
"2024","Schweiz","Ausländer/innen","Verantwortlich für die Ausführung der Arbeiten","Frauen",7187,4531,5525,9294,11754
"2024","Schweiz","Ausländer/innen","Verantwortlich für die Ausführung der Arbeiten","Männer",7385,5065,6024,9617,12223
"2024","Schweiz","Ausländer/innen","Ohne Kaderfunktion","Geschlecht - Total",5790,4171,4784,7218,9223
"2024","Schweiz","Ausländer/innen","Ohne Kaderfunktion","Frauen",5355,3958,4501,7096,9106
"2024","Schweiz","Ausländer/innen","Ohne Kaderfunktion","Männer",5979,4345,5015,7272,9311
"2024","Schweiz","> Kurzaufenthalter/innen (Kat. L)","Berufliche Stellung - Total","Geschlecht - Total",5184,3540,4181,6289,7667
"2024","Schweiz","> Kurzaufenthalter/innen (Kat. L)","Berufliche Stellung - Total","Frauen",4408,3398,3813,5522,7932
"2024","Schweiz","> Kurzaufenthalter/innen (Kat. L)","Berufliche Stellung - Total","Männer",5531,3637,4434,6401,7588
"2024","Schweiz","> Kurzaufenthalter/innen (Kat. L)","Oberes und mittleres Kader","Geschlecht - Total",6777,5205,5417,12046,18239
"2024","Schweiz","> Kurzaufenthalter/innen (Kat. L)","Oberes und mittleres Kader","Frauen",6476,5155,5416,11106,14362
"2024","Schweiz","> Kurzaufenthalter/innen (Kat. L)","Oberes und mittleres Kader","Männer",7500,5205,5837,14806,19361
"2024","Schweiz","> Kurzaufenthalter/innen (Kat. L)","Unteres Kader","Geschlecht - Total",7167,4247,5429,9524,11970
"2024","Schweiz","> Kurzaufenthalter/innen (Kat. L)","Unteres Kader","Frauen",7167,4300,4983,9536,12125
"2024","Schweiz","> Kurzaufenthalter/innen (Kat. L)","Unteres Kader","Männer",7182,4000,5526,9524,11713
"2024","Schweiz","> Kurzaufenthalter/innen (Kat. L)","Verantwortlich für die Ausführung der Arbeiten","Geschlecht - Total",5800,3625,4600,8115,9018
"2024","Schweiz","> Kurzaufenthalter/innen (Kat. L)","Verantwortlich für die Ausführung der Arbeiten","Frauen",5972,3583,4300,8115,8961
"2024","Schweiz","> Kurzaufenthalter/innen (Kat. L)","Verantwortlich für die Ausführung der Arbeiten","Männer",5732,3637,4780,8063,9100
"2024","Schweiz","> Kurzaufenthalter/innen (Kat. L)","Ohne Kaderfunktion","Geschlecht - Total",5067,3494,4135,6178,7276
"2024","Schweiz","> Kurzaufenthalter/innen (Kat. L)","Ohne Kaderfunktion","Frauen",4321,3396,3788,5184,7176
"2024","Schweiz","> Kurzaufenthalter/innen (Kat. L)","Ohne Kaderfunktion","Männer",5463,3592,4383,6326,7301
"2024","Schweiz","> Aufenthalter/innen (Kat. B)","Berufliche Stellung - Total","Geschlecht - Total",5834,4133,4706,8061,11778
"2024","Schweiz","> Aufenthalter/innen (Kat. B)","Berufliche Stellung - Total","Frauen",5475,3941,4438,7927,11213
"2024","Schweiz","> Aufenthalter/innen (Kat. B)","Berufliche Stellung - Total","Männer",5971,4323,4917,8132,12121
"2024","Schweiz","> Aufenthalter/innen (Kat. B)","Oberes und mittleres Kader","Geschlecht - Total",13090,5394,8227,22124,34233
"2024","Schweiz","> Aufenthalter/innen (Kat. B)","Oberes und mittleres Kader","Frauen",12379,5134,8018,19771,30650
"2024","Schweiz","> Aufenthalter/innen (Kat. B)","Oberes und mittleres Kader","Männer",13432,5470,8303,23157,36306
"2024","Schweiz","> Aufenthalter/innen (Kat. B)","Unteres Kader","Geschlecht - Total",9875,5462,7249,12798,18852
"2024","Schweiz","> Aufenthalter/innen (Kat. B)","Unteres Kader","Frauen",9524,5360,7174,12289,17440
"2024","Schweiz","> Aufenthalter/innen (Kat. B)","Unteres Kader","Männer",10111,5528,7261,13169,20108
"2024","Schweiz","> Aufenthalter/innen (Kat. B)","Verantwortlich für die Ausführung der Arbeiten","Geschlecht - Total",7518,4714,5762,9796,12506
"2024","Schweiz","> Aufenthalter/innen (Kat. B)","Verantwortlich für die Ausführung der Arbeiten","Frauen",7402,4464,5520,9479,12079
"2024","Schweiz","> Aufenthalter/innen (Kat. B)","Verantwortlich für die Ausführung der Arbeiten","Männer",7588,4923,5829,10005,12728
"2024","Schweiz","> Aufenthalter/innen (Kat. B)","Ohne Kaderfunktion","Geschlecht - Total",5421,4047,4571,6934,9009
"2024","Schweiz","> Aufenthalter/innen (Kat. B)","Ohne Kaderfunktion","Frauen",5030,3893,4320,6889,8857
"2024","Schweiz","> Aufenthalter/innen (Kat. B)","Ohne Kaderfunktion","Männer",5615,4230,4763,6963,9124
"2024","Schweiz","> Niedergelassene (Kat. C)","Berufliche Stellung - Total","Geschlecht - Total",6559,4559,5286,8850,12850
"2024","Schweiz","> Niedergelassene (Kat. C)","Berufliche Stellung - Total","Frauen",5954,4278,4837,8330,11681
"2024","Schweiz","> Niedergelassene (Kat. C)","Berufliche Stellung - Total","Männer",6813,4891,5672,9206,13560
"2024","Schweiz","> Niedergelassene (Kat. C)","Oberes und mittleres Kader","Geschlecht - Total",11966,5951,8132,17931,28024
"2024","Schweiz","> Niedergelassene (Kat. C)","Oberes und mittleres Kader","Frauen",11583,5684,8098,16866,24803
"2024","Schweiz","> Niedergelassene (Kat. C)","Oberes und mittleres Kader","Männer",12129,6000,8180,18393,29453
"2024","Schweiz","> Niedergelassene (Kat. C)","Unteres Kader","Geschlecht - Total",9917,6032,7633,12694,16918
"2024","Schweiz","> Niedergelassene (Kat. C)","Unteres Kader","Frauen",9529,5416,7303,12182,16260
"2024","Schweiz","> Niedergelassene (Kat. C)","Unteres Kader","Männer",10166,6409,7777,12960,17333
"2024","Schweiz","> Niedergelassene (Kat. C)","Verantwortlich für die Ausführung der Arbeiten","Geschlecht - Total",7487,5179,6142,9713,12339
"2024","Schweiz","> Niedergelassene (Kat. C)","Verantwortlich für die Ausführung der Arbeiten","Frauen",7249,4800,5714,9531,12083
"2024","Schweiz","> Niedergelassene (Kat. C)","Verantwortlich für die Ausführung der Arbeiten","Männer",7557,5534,6338,9793,12506
"2024","Schweiz","> Niedergelassene (Kat. C)","Ohne Kaderfunktion","Geschlecht - Total",6034,4434,5050,7401,9469
"2024","Schweiz","> Niedergelassene (Kat. C)","Ohne Kaderfunktion","Frauen",5480,4185,4682,7121,9185
"2024","Schweiz","> Niedergelassene (Kat. C)","Ohne Kaderfunktion","Männer",6310,4746,5409,7536,9693
"2024","Schweiz","> Grenzgänger/innen (Kat. G)","Berufliche Stellung - Total","Geschlecht - Total",6314,4251,5081,8276,11109
"2024","Schweiz","> Grenzgänger/innen (Kat. G)","Berufliche Stellung - Total","Frauen",6118,3996,4732,8163,10609
"2024","Schweiz","> Grenzgänger/innen (Kat. G)","Berufliche Stellung - Total","Männer",6385,4399,5235,8332,11380
"2024","Schweiz","> Grenzgänger/innen (Kat. G)","Oberes und mittleres Kader","Geschlecht - Total",11207,5892,7998,15960,23121
"2024","Schweiz","> Grenzgänger/innen (Kat. G)","Oberes und mittleres Kader","Frauen",10522,5335,7500,15100,21430
"2024","Schweiz","> Grenzgänger/innen (Kat. G)","Oberes und mittleres Kader","Männer",11540,6118,8181,16251,23778
"2024","Schweiz","> Grenzgänger/innen (Kat. G)","Unteres Kader","Geschlecht - Total",9028,5371,6964,11753,14960
"2024","Schweiz","> Grenzgänger/innen (Kat. G)","Unteres Kader","Frauen",8749,4952,6641,11265,14417
"2024","Schweiz","> Grenzgänger/innen (Kat. G)","Unteres Kader","Männer",9139,5528,7055,11920,15202
"2024","Schweiz","> Grenzgänger/innen (Kat. G)","Verantwortlich für die Ausführung der Arbeiten","Geschlecht - Total",7011,4621,5640,9012,11378
"2024","Schweiz","> Grenzgänger/innen (Kat. G)","Verantwortlich für die Ausführung der Arbeiten","Frauen",6905,4302,5342,8749,10838
"2024","Schweiz","> Grenzgänger/innen (Kat. G)","Verantwortlich für die Ausführung der Arbeiten","Männer",7036,4798,5770,9122,11626
"2024","Schweiz","> Grenzgänger/innen (Kat. G)","Ohne Kaderfunktion","Geschlecht - Total",5950,4140,4874,7418,9332
"2024","Schweiz","> Grenzgänger/innen (Kat. G)","Ohne Kaderfunktion","Frauen",5753,3880,4584,7502,9427
"2024","Schweiz","> Grenzgänger/innen (Kat. G)","Ohne Kaderfunktion","Männer",6012,4286,5024,7375,9281
"2024","Schweiz","> Andere","Berufliche Stellung - Total","Geschlecht - Total",5003,3814,4270,6736,9922
"2024","Schweiz","> Andere","Berufliche Stellung - Total","Frauen",4955,3847,4262,7038,10118
"2024","Schweiz","> Andere","Berufliche Stellung - Total","Männer",5036,3796,4284,6505,9763
"2024","Schweiz","> Andere","Oberes und mittleres Kader","Geschlecht - Total",13419,6930,9186,21041,35389
"2024","Schweiz","> Andere","Oberes und mittleres Kader","Frauen",12455,7177,9591,18189,32710
"2024","Schweiz","> Andere","Oberes und mittleres Kader","Männer",13750,6894,8768,22456,36315
"2024","Schweiz","> Andere","Unteres Kader","Geschlecht - Total",9406,5500,7176,11714,14286
"2024","Schweiz","> Andere","Unteres Kader","Frauen",9278,5302,7138,11446,13551
"2024","Schweiz","> Andere","Unteres Kader","Männer",9659,5854,7434,11920,15417
"2024","Schweiz","> Andere","Verantwortlich für die Ausführung der Arbeiten","Geschlecht - Total",6926,3933,4481,9123,11381
"2024","Schweiz","> Andere","Verantwortlich für die Ausführung der Arbeiten","Frauen",7117,4233,4515,9438,11862
"2024","Schweiz","> Andere","Verantwortlich für die Ausführung der Arbeiten","Männer",6625,3776,4285,8806,10962
"2024","Schweiz","> Andere","Ohne Kaderfunktion","Geschlecht - Total",4819,3782,4200,5994,7931
"2024","Schweiz","> Andere","Ohne Kaderfunktion","Frauen",4740,3817,4166,6145,8347
"2024","Schweiz","> Andere","Ohne Kaderfunktion","Männer",4874,3761,4220,5916,7627
"2024","Région lémanique","Schweizer/innen und Ausländer/innen - Total","Berufliche Stellung - Total","Geschlecht - Total",6998,4585,5500,9346,12636
"2024","Région lémanique","Schweizer/innen und Ausländer/innen - Total","Berufliche Stellung - Total","Frauen",6902,4439,5318,8970,11573
"2024","Région lémanique","Schweizer/innen und Ausländer/innen - Total","Berufliche Stellung - Total","Männer",7052,4711,5618,9687,13531
"2024","Région lémanique","Schweizer/innen und Ausländer/innen - Total","Oberes und mittleres Kader","Geschlecht - Total",11697,6083,8252,16666,24902
"2024","Région lémanique","Schweizer/innen und Ausländer/innen - Total","Oberes und mittleres Kader","Frauen",11022,5800,7870,15105,21774
"2024","Région lémanique","Schweizer/innen und Ausländer/innen - Total","Oberes und mittleres Kader","Männer",11955,6193,8471,17490,26177
"2024","Région lémanique","Schweizer/innen und Ausländer/innen - Total","Unteres Kader","Geschlecht - Total",9613,5957,7643,12035,15546
"2024","Région lémanique","Schweizer/innen und Ausländer/innen - Total","Unteres Kader","Frauen",9243,5495,7295,11548,14595
"2024","Région lémanique","Schweizer/innen und Ausländer/innen - Total","Unteres Kader","Männer",9833,6190,7837,12348,16206
"2024","Région lémanique","Schweizer/innen und Ausländer/innen - Total","Verantwortlich für die Ausführung der Arbeiten","Geschlecht - Total",7589,5092,6165,9784,12597
"2024","Région lémanique","Schweizer/innen und Ausländer/innen - Total","Verantwortlich für die Ausführung der Arbeiten","Frauen",7551,4785,6000,9598,12326
"2024","Région lémanique","Schweizer/innen und Ausländer/innen - Total","Verantwortlich für die Ausführung der Arbeiten","Männer",7628,5300,6242,9907,12787
"2024","Région lémanique","Schweizer/innen und Ausländer/innen - Total","Ohne Kaderfunktion","Geschlecht - Total",6378,4449,5178,7995,9908
"2024","Région lémanique","Schweizer/innen und Ausländer/innen - Total","Ohne Kaderfunktion","Frauen",6411,4332,5072,8109,9869
"2024","Région lémanique","Schweizer/innen und Ausländer/innen - Total","Ohne Kaderfunktion","Männer",6355,4545,5247,7892,9941
"2024","Région lémanique","Schweizer/innen","Berufliche Stellung - Total","Geschlecht - Total",7632,4983,6033,9943,13179
"2024","Région lémanique","Schweizer/innen","Berufliche Stellung - Total","Frauen",7333,4834,5835,9246,11704
"2024","Région lémanique","Schweizer/innen","Berufliche Stellung - Total","Männer",7919,5125,6209,10664,14596
"2024","Région lémanique","Schweizer/innen","Oberes und mittleres Kader","Geschlecht - Total",11467,6190,8238,15883,23329
"2024","Région lémanique","Schweizer/innen","Oberes und mittleres Kader","Frauen",10413,5542,7544,14260,20146
"2024","Région lémanique","Schweizer/innen","Oberes und mittleres Kader","Männer",11830,6420,8584,16661,24287
"2024","Région lémanique","Schweizer/innen","Unteres Kader","Geschlecht - Total",9518,6220,7774,11805,14821
"2024","Région lémanique","Schweizer/innen","Unteres Kader","Frauen",9127,5812,7442,11320,13986
"2024","Région lémanique","Schweizer/innen","Unteres Kader","Männer",9772,6444,8016,12105,15519
"2024","Région lémanique","Schweizer/innen","Verantwortlich für die Ausführung der Arbeiten","Geschlecht - Total",7967,5450,6480,10091,12879
"2024","Région lémanique","Schweizer/innen","Verantwortlich für die Ausführung der Arbeiten","Frauen",7864,5263,6310,9803,12591
"2024","Région lémanique","Schweizer/innen","Verantwortlich für die Ausführung der Arbeiten","Männer",8063,5522,6588,10278,13077
"2024","Région lémanique","Schweizer/innen","Ohne Kaderfunktion","Geschlecht - Total",6931,4785,5654,8574,10422
"2024","Région lémanique","Schweizer/innen","Ohne Kaderfunktion","Frauen",6917,4702,5610,8507,10187
"2024","Région lémanique","Schweizer/innen","Ohne Kaderfunktion","Männer",6945,4874,5713,8645,10679
"2024","Région lémanique","Ausländer/innen","Berufliche Stellung - Total","Geschlecht - Total",6370,4355,5091,8536,11954
"2024","Région lémanique","Ausländer/innen","Berufliche Stellung - Total","Frauen",6227,4203,4800,8461,11318
"2024","Région lémanique","Ausländer/innen","Berufliche Stellung - Total","Männer",6431,4518,5247,8589,12392
"2024","Région lémanique","Ausländer/innen","Oberes und mittleres Kader","Geschlecht - Total",12173,5899,8332,18350,28150
"2024","Région lémanique","Ausländer/innen","Oberes und mittleres Kader","Frauen",12070,6155,8881,17064,24732
"2024","Région lémanique","Ausländer/innen","Oberes und mittleres Kader","Männer",12230,5835,8049,19009,29941
"2024","Région lémanique","Ausländer/innen","Unteres Kader","Geschlecht - Total",9726,5571,7393,12436,16355
"2024","Région lémanique","Ausländer/innen","Unteres Kader","Frauen",9428,5067,7082,11900,15466
"2024","Région lémanique","Ausländer/innen","Unteres Kader","Männer",9898,5927,7559,12729,16830
"2024","Région lémanique","Ausländer/innen","Verantwortlich für die Ausführung der Arbeiten","Geschlecht - Total",7148,4797,5911,9422,12309
"2024","Région lémanique","Ausländer/innen","Verantwortlich für die Ausführung der Arbeiten","Frauen",7163,4464,5585,9343,11849
"2024","Région lémanique","Ausländer/innen","Verantwortlich für die Ausführung der Arbeiten","Männer",7147,5156,6025,9484,12500
"2024","Région lémanique","Ausländer/innen","Ohne Kaderfunktion","Geschlecht - Total",5897,4264,4851,7311,9270
"2024","Région lémanique","Ausländer/innen","Ohne Kaderfunktion","Frauen",5716,4119,4635,7460,9352
"2024","Région lémanique","Ausländer/innen","Ohne Kaderfunktion","Männer",5984,4404,5009,7226,9200
"2024","Région lémanique","> Kurzaufenthalter/innen (Kat. L)","Berufliche Stellung - Total","Geschlecht - Total",5440,3836,4417,6499,8470
"2024","Région lémanique","> Kurzaufenthalter/innen (Kat. L)","Berufliche Stellung - Total","Frauen",4587,3659,4002,6175,8947
"2024","Région lémanique","> Kurzaufenthalter/innen (Kat. L)","Berufliche Stellung - Total","Männer",5722,4084,4707,6552,8279
"2024","Région lémanique","> Kurzaufenthalter/innen (Kat. L)","Oberes und mittleres Kader","Geschlecht - Total",7500,5205,5837,11250,17900
"2024","Région lémanique","> Kurzaufenthalter/innen (Kat. L)","Oberes und mittleres Kader","Frauen",,,,,
"2024","Région lémanique","> Kurzaufenthalter/innen (Kat. L)","Oberes und mittleres Kader","Männer",5837,5205,5205,10613,17575
"2024","Région lémanique","> Kurzaufenthalter/innen (Kat. L)","Unteres Kader","Geschlecht - Total",8470,3836,5578,10971,11938
"2024","Région lémanique","> Kurzaufenthalter/innen (Kat. L)","Unteres Kader","Frauen",8156,3703,4983,10444,12466
"2024","Région lémanique","> Kurzaufenthalter/innen (Kat. L)","Unteres Kader","Männer",8470,3836,5632,11106,11473
"2024","Région lémanique","> Kurzaufenthalter/innen (Kat. L)","Verantwortlich für die Ausführung der Arbeiten","Geschlecht - Total",4805,3678,4072,6697,10284
"2024","Région lémanique","> Kurzaufenthalter/innen (Kat. L)","Verantwortlich für die Ausführung der Arbeiten","Frauen",4359,3625,4072,6226,9992
"2024","Région lémanique","> Kurzaufenthalter/innen (Kat. L)","Verantwortlich für die Ausführung der Arbeiten","Männer",5732,3678,4215,6964,10284
"2024","Région lémanique","> Kurzaufenthalter/innen (Kat. L)","Ohne Kaderfunktion","Geschlecht - Total",5398,3839,4416,6374,7637
"2024","Région lémanique","> Kurzaufenthalter/innen (Kat. L)","Ohne Kaderfunktion","Frauen",4478,3650,3983,5671,7829
"2024","Région lémanique","> Kurzaufenthalter/innen (Kat. L)","Ohne Kaderfunktion","Männer",5651,4094,4698,6471,7595
"2024","Région lémanique","> Aufenthalter/innen (Kat. B)","Berufliche Stellung - Total","Geschlecht - Total",5897,4144,4678,8150,12000
"2024","Région lémanique","> Aufenthalter/innen (Kat. B)","Berufliche Stellung - Total","Frauen",5709,3959,4483,8064,11320
"2024","Région lémanique","> Aufenthalter/innen (Kat. B)","Berufliche Stellung - Total","Männer",5993,4279,4833,8236,12500
"2024","Région lémanique","> Aufenthalter/innen (Kat. B)","Oberes und mittleres Kader","Geschlecht - Total",12885,5300,8778,20817,33772
"2024","Région lémanique","> Aufenthalter/innen (Kat. B)","Oberes und mittleres Kader","Frauen",12456,6152,9066,18448,27598
"2024","Région lémanique","> Aufenthalter/innen (Kat. B)","Oberes und mittleres Kader","Männer",13120,5074,8510,22237,36772
"2024","Région lémanique","> Aufenthalter/innen (Kat. B)","Unteres Kader","Geschlecht - Total",9333,5212,6912,12167,16691
"2024","Région lémanique","> Aufenthalter/innen (Kat. B)","Unteres Kader","Frauen",9009,5145,6640,11524,15528
"2024","Région lémanique","> Aufenthalter/innen (Kat. B)","Unteres Kader","Männer",9609,5363,7108,12694,18200
"2024","Région lémanique","> Aufenthalter/innen (Kat. B)","Verantwortlich für die Ausführung der Arbeiten","Geschlecht - Total",7147,4400,5709,9324,12786
"2024","Région lémanique","> Aufenthalter/innen (Kat. B)","Verantwortlich für die Ausführung der Arbeiten","Frauen",7110,4238,5567,8750,11926
"2024","Région lémanique","> Aufenthalter/innen (Kat. B)","Verantwortlich für die Ausführung der Arbeiten","Männer",7231,4792,5778,9644,13401
"2024","Région lémanique","> Aufenthalter/innen (Kat. B)","Ohne Kaderfunktion","Geschlecht - Total",5377,4045,4539,6826,8840
"2024","Région lémanique","> Aufenthalter/innen (Kat. B)","Ohne Kaderfunktion","Frauen",5096,3898,4333,6898,8805
"2024","Région lémanique","> Aufenthalter/innen (Kat. B)","Ohne Kaderfunktion","Männer",5550,4215,4661,6794,8846
"2024","Région lémanique","> Niedergelassene (Kat. C)","Berufliche Stellung - Total","Geschlecht - Total",6599,4509,5293,8972,13333
"2024","Région lémanique","> Niedergelassene (Kat. C)","Berufliche Stellung - Total","Frauen",6253,4283,4940,8662,12215
"2024","Région lémanique","> Niedergelassene (Kat. C)","Berufliche Stellung - Total","Männer",6735,4736,5581,9175,14138
"2024","Région lémanique","> Niedergelassene (Kat. C)","Oberes und mittleres Kader","Geschlecht - Total",12375,5979,8086,19121,29878
"2024","Région lémanique","> Niedergelassene (Kat. C)","Oberes und mittleres Kader","Frauen",12713,6535,9057,17913,25246
"2024","Région lémanique","> Niedergelassene (Kat. C)","Oberes und mittleres Kader","Männer",12063,5724,7736,19913,31439
"2024","Région lémanique","> Niedergelassene (Kat. C)","Unteres Kader","Geschlecht - Total",10129,6032,7803,13106,17538
"2024","Région lémanique","> Niedergelassene (Kat. C)","Unteres Kader","Frauen",9845,5081,7461,12491,16307
"2024","Région lémanique","> Niedergelassene (Kat. C)","Unteres Kader","Männer",10319,6423,7975,13564,18817
"2024","Région lémanique","> Niedergelassene (Kat. C)","Verantwortlich für die Ausführung der Arbeiten","Geschlecht - Total",7115,5039,5999,9553,12834
"2024","Région lémanique","> Niedergelassene (Kat. C)","Verantwortlich für die Ausführung der Arbeiten","Frauen",7120,4685,5647,9721,12872
"2024","Région lémanique","> Niedergelassene (Kat. C)","Verantwortlich für die Ausführung der Arbeiten","Männer",7110,5414,6125,9432,12834
"2024","Région lémanique","> Niedergelassene (Kat. C)","Ohne Kaderfunktion","Geschlecht - Total",6039,4359,5028,7389,9369
"2024","Région lémanique","> Niedergelassene (Kat. C)","Ohne Kaderfunktion","Frauen",5746,4201,4743,7383,9323
"2024","Région lémanique","> Niedergelassene (Kat. C)","Ohne Kaderfunktion","Männer",6211,4580,5262,7392,9431
"2024","Région lémanique","> Grenzgänger/innen (Kat. G)","Berufliche Stellung - Total","Geschlecht - Total",6565,4571,5338,8587,11245
"2024","Région lémanique","> Grenzgänger/innen (Kat. G)","Berufliche Stellung - Total","Frauen",6644,4432,5199,8678,10840
"2024","Région lémanique","> Grenzgänger/innen (Kat. G)","Berufliche Stellung - Total","Männer",6532,4646,5400,8531,11529
"2024","Région lémanique","> Grenzgänger/innen (Kat. G)","Oberes und mittleres Kader","Geschlecht - Total",11572,6137,8372,15986,22535
"2024","Région lémanique","> Grenzgänger/innen (Kat. G)","Oberes und mittleres Kader","Frauen",10980,6000,8216,14654,20309
"2024","Région lémanique","> Grenzgänger/innen (Kat. G)","Oberes und mittleres Kader","Männer",12015,6388,8454,16641,23504
"2024","Région lémanique","> Grenzgänger/innen (Kat. G)","Unteres Kader","Geschlecht - Total",9712,5744,7536,12149,15060
"2024","Région lémanique","> Grenzgänger/innen (Kat. G)","Unteres Kader","Frauen",9484,5128,7217,11781,14451
"2024","Région lémanique","> Grenzgänger/innen (Kat. G)","Unteres Kader","Männer",9822,5972,7677,12332,15316
"2024","Région lémanique","> Grenzgänger/innen (Kat. G)","Verantwortlich für die Ausführung der Arbeiten","Geschlecht - Total",7275,4966,6034,9446,11692
"2024","Région lémanique","> Grenzgänger/innen (Kat. G)","Verantwortlich für die Ausführung der Arbeiten","Frauen",7357,4716,5778,9411,11159
"2024","Région lémanique","> Grenzgänger/innen (Kat. G)","Verantwortlich für die Ausführung der Arbeiten","Männer",7199,5238,6066,9491,11906
"2024","Région lémanique","> Grenzgänger/innen (Kat. G)","Ohne Kaderfunktion","Geschlecht - Total",6174,4479,5135,7664,9522
"2024","Région lémanique","> Grenzgänger/innen (Kat. G)","Ohne Kaderfunktion","Frauen",6234,4343,5002,7957,9737
"2024","Région lémanique","> Grenzgänger/innen (Kat. G)","Ohne Kaderfunktion","Männer",6141,4550,5185,7505,9357
"2024","Région lémanique","> Andere","Berufliche Stellung - Total","Geschlecht - Total",5490,4077,4537,7473,10626
"2024","Région lémanique","> Andere","Berufliche Stellung - Total","Frauen",5560,4031,4466,7788,10490
"2024","Région lémanique","> Andere","Berufliche Stellung - Total","Männer",5440,4107,4567,7361,10830
"2024","Région lémanique","> Andere","Oberes und mittleres Kader","Geschlecht - Total",13529,7000,10747,16624,23556
"2024","Région lémanique","> Andere","Oberes und mittleres Kader","Frauen",14104,8200,11286,18006,23556
"2024","Région lémanique","> Andere","Oberes und mittleres Kader","Männer",13433,7000,10747,15198,23663
"2024","Région lémanique","> Andere","Unteres Kader","Geschlecht - Total",9355,6059,7216,11170,13481
"2024","Région lémanique","> Andere","Unteres Kader","Frauen",9359,5000,7176,11129,12655
"2024","Région lémanique","> Andere","Unteres Kader","Männer",9355,6312,7395,11384,14181
"2024","Région lémanique","> Andere","Verantwortlich für die Ausführung der Arbeiten","Geschlecht - Total",7059,3934,4270,9407,11334
"2024","Région lémanique","> Andere","Verantwortlich für die Ausführung der Arbeiten","Frauen",7519,3933,4790,10144,11645
"2024","Région lémanique","> Andere","Verantwortlich für die Ausführung der Arbeiten","Männer",6343,3934,4219,8584,11271
"2024","Région lémanique","> Andere","Ohne Kaderfunktion","Geschlecht - Total",5166,4000,4461,6458,8445
"2024","Région lémanique","> Andere","Ohne Kaderfunktion","Frauen",5139,3978,4433,6777,8583
"2024","Région lémanique","> Andere","Ohne Kaderfunktion","Männer",5173,4008,4518,6308,8342
"2024","Espace Mittelland","Schweizer/innen und Ausländer/innen - Total","Berufliche Stellung - Total","Geschlecht - Total",6964,4737,5581,8980,11734
"2024","Espace Mittelland","Schweizer/innen und Ausländer/innen - Total","Berufliche Stellung - Total","Frauen",6548,4501,5222,8306,10537
"2024","Espace Mittelland","Schweizer/innen und Ausländer/innen - Total","Berufliche Stellung - Total","Männer",7257,4968,5877,9475,12397
"2024","Espace Mittelland","Schweizer/innen und Ausländer/innen - Total","Oberes und mittleres Kader","Geschlecht - Total",10513,6030,7831,13730,17419
"2024","Espace Mittelland","Schweizer/innen und Ausländer/innen - Total","Oberes und mittleres Kader","Frauen",9459,5333,7093,12499,15747
"2024","Espace Mittelland","Schweizer/innen und Ausländer/innen - Total","Oberes und mittleres Kader","Männer",10997,6420,8191,14096,18020
"2024","Espace Mittelland","Schweizer/innen und Ausländer/innen - Total","Unteres Kader","Geschlecht - Total",9106,6160,7441,11190,13275
"2024","Espace Mittelland","Schweizer/innen und Ausländer/innen - Total","Unteres Kader","Frauen",8550,5626,7050,10535,12623
"2024","Espace Mittelland","Schweizer/innen und Ausländer/innen - Total","Unteres Kader","Männer",9456,6474,7690,11512,13535
"2024","Espace Mittelland","Schweizer/innen und Ausländer/innen - Total","Verantwortlich für die Ausführung der Arbeiten","Geschlecht - Total",7654,5340,6350,9453,11446
"2024","Espace Mittelland","Schweizer/innen und Ausländer/innen - Total","Verantwortlich für die Ausführung der Arbeiten","Frauen",7221,4978,5868,8902,10488
"2024","Espace Mittelland","Schweizer/innen und Ausländer/innen - Total","Verantwortlich für die Ausführung der Arbeiten","Männer",7961,5709,6641,9909,11891
"2024","Espace Mittelland","Schweizer/innen und Ausländer/innen - Total","Ohne Kaderfunktion","Geschlecht - Total",6397,4581,5277,7812,9595
"2024","Espace Mittelland","Schweizer/innen und Ausländer/innen - Total","Ohne Kaderfunktion","Frauen",6134,4385,5027,7569,9281
"2024","Espace Mittelland","Schweizer/innen und Ausländer/innen - Total","Ohne Kaderfunktion","Männer",6571,4775,5498,8006,9790
"2024","Espace Mittelland","Schweizer/innen","Berufliche Stellung - Total","Geschlecht - Total",7348,5006,5955,9409,12049
"2024","Espace Mittelland","Schweizer/innen","Berufliche Stellung - Total","Frauen",6857,4761,5540,8571,10725
"2024","Espace Mittelland","Schweizer/innen","Berufliche Stellung - Total","Männer",7744,5310,6283,10026,12912
"2024","Espace Mittelland","Schweizer/innen","Oberes und mittleres Kader","Geschlecht - Total",10508,6110,7882,13650,16961
"2024","Espace Mittelland","Schweizer/innen","Oberes und mittleres Kader","Frauen",9406,5352,7103,12302,15282
"2024","Espace Mittelland","Schweizer/innen","Oberes und mittleres Kader","Männer",11004,6535,8254,14029,17592
"2024","Espace Mittelland","Schweizer/innen","Unteres Kader","Geschlecht - Total",9137,6261,7524,11141,12938
"2024","Espace Mittelland","Schweizer/innen","Unteres Kader","Frauen",8507,5638,7056,10420,12186
"2024","Espace Mittelland","Schweizer/innen","Unteres Kader","Männer",9562,6593,7825,11513,13315
"2024","Espace Mittelland","Schweizer/innen","Verantwortlich für die Ausführung der Arbeiten","Geschlecht - Total",7798,5440,6480,9553,11469
"2024","Espace Mittelland","Schweizer/innen","Verantwortlich für die Ausführung der Arbeiten","Frauen",7297,5053,5950,8907,10379
"2024","Espace Mittelland","Schweizer/innen","Verantwortlich für die Ausführung der Arbeiten","Männer",8153,5927,6868,10106,11981
"2024","Espace Mittelland","Schweizer/innen","Ohne Kaderfunktion","Geschlecht - Total",6745,4855,5612,8187,9952
"2024","Espace Mittelland","Schweizer/innen","Ohne Kaderfunktion","Frauen",6486,4678,5341,7847,9588
"2024","Espace Mittelland","Schweizer/innen","Ohne Kaderfunktion","Männer",6983,5072,5863,8472,10209
"2024","Espace Mittelland","Ausländer/innen","Berufliche Stellung - Total","Geschlecht - Total",5967,4285,4940,7536,10199
"2024","Espace Mittelland","Ausländer/innen","Berufliche Stellung - Total","Frauen",5438,4011,4586,7154,9618
"2024","Espace Mittelland","Ausländer/innen","Berufliche Stellung - Total","Männer",6212,4509,5179,7724,10492
"2024","Espace Mittelland","Ausländer/innen","Oberes und mittleres Kader","Geschlecht - Total",10583,5541,7416,14461,21119
"2024","Espace Mittelland","Ausländer/innen","Oberes und mittleres Kader","Frauen",10120,5316,7040,14208,19733
"2024","Espace Mittelland","Ausländer/innen","Oberes und mittleres Kader","Männer",10854,5647,7608,14645,21316
"2024","Espace Mittelland","Ausländer/innen","Unteres Kader","Geschlecht - Total",8943,5734,7138,11508,15579
"2024","Espace Mittelland","Ausländer/innen","Unteres Kader","Frauen",8847,5469,6991,11486,16122
"2024","Espace Mittelland","Ausländer/innen","Unteres Kader","Männer",8996,5846,7273,11508,15238
"2024","Espace Mittelland","Ausländer/innen","Verantwortlich für die Ausführung der Arbeiten","Geschlecht - Total",7168,5058,5925,9033,11354
"2024","Espace Mittelland","Ausländer/innen","Verantwortlich für die Ausführung der Arbeiten","Frauen",6911,4800,5570,8857,10944
"2024","Espace Mittelland","Ausländer/innen","Verantwortlich für die Ausführung der Arbeiten","Männer",7294,5300,6139,9126,11502
"2024","Espace Mittelland","Ausländer/innen","Ohne Kaderfunktion","Geschlecht - Total",5636,4183,4782,6834,8381
"2024","Espace Mittelland","Ausländer/innen","Ohne Kaderfunktion","Frauen",5197,3953,4484,6454,8156
"2024","Espace Mittelland","Ausländer/innen","Ohne Kaderfunktion","Männer",5903,4400,5023,6994,8505
"2024","Espace Mittelland","> Kurzaufenthalter/innen (Kat. L)","Berufliche Stellung - Total","Geschlecht - Total",4964,3798,4205,6178,7116
"2024","Espace Mittelland","> Kurzaufenthalter/innen (Kat. L)","Berufliche Stellung - Total","Frauen",4357,3691,3903,5254,7077
"2024","Espace Mittelland","> Kurzaufenthalter/innen (Kat. L)","Berufliche Stellung - Total","Männer",5336,3972,4361,6300,7137
"2024","Espace Mittelland","> Kurzaufenthalter/innen (Kat. L)","Oberes und mittleres Kader","Geschlecht - Total",,,,,
"2024","Espace Mittelland","> Kurzaufenthalter/innen (Kat. L)","Oberes und mittleres Kader","Frauen",,,,,
"2024","Espace Mittelland","> Kurzaufenthalter/innen (Kat. L)","Oberes und mittleres Kader","Männer",,,,,
"2024","Espace Mittelland","> Kurzaufenthalter/innen (Kat. L)","Unteres Kader","Geschlecht - Total",,,,,
"2024","Espace Mittelland","> Kurzaufenthalter/innen (Kat. L)","Unteres Kader","Frauen",,,,,
"2024","Espace Mittelland","> Kurzaufenthalter/innen (Kat. L)","Unteres Kader","Männer",,,,,
"2024","Espace Mittelland","> Kurzaufenthalter/innen (Kat. L)","Verantwortlich für die Ausführung der Arbeiten","Geschlecht - Total",,,,,
"2024","Espace Mittelland","> Kurzaufenthalter/innen (Kat. L)","Verantwortlich für die Ausführung der Arbeiten","Frauen",,,,,
"2024","Espace Mittelland","> Kurzaufenthalter/innen (Kat. L)","Verantwortlich für die Ausführung der Arbeiten","Männer",,,,,
"2024","Espace Mittelland","> Kurzaufenthalter/innen (Kat. L)","Ohne Kaderfunktion","Geschlecht - Total",4880,3796,4191,6162,6999
"2024","Espace Mittelland","> Kurzaufenthalter/innen (Kat. L)","Ohne Kaderfunktion","Frauen",4329,3689,3900,5162,6699
"2024","Espace Mittelland","> Kurzaufenthalter/innen (Kat. L)","Ohne Kaderfunktion","Männer",5190,3950,4345,6286,7047
"2024","Espace Mittelland","> Aufenthalter/innen (Kat. B)","Berufliche Stellung - Total","Geschlecht - Total",5358,4000,4558,7039,9428
"2024","Espace Mittelland","> Aufenthalter/innen (Kat. B)","Berufliche Stellung - Total","Frauen",5022,3870,4287,6901,9199
"2024","Espace Mittelland","> Aufenthalter/innen (Kat. B)","Berufliche Stellung - Total","Männer",5508,4180,4743,7098,9529
"2024","Espace Mittelland","> Aufenthalter/innen (Kat. B)","Oberes und mittleres Kader","Geschlecht - Total",11050,5477,7486,16295,29643
"2024","Espace Mittelland","> Aufenthalter/innen (Kat. B)","Oberes und mittleres Kader","Frauen",10290,5518,7221,14253,26277
"2024","Espace Mittelland","> Aufenthalter/innen (Kat. B)","Oberes und mittleres Kader","Männer",11350,5459,7719,17225,30987
"2024","Espace Mittelland","> Aufenthalter/innen (Kat. B)","Unteres Kader","Geschlecht - Total",9153,5333,6923,12500,17693
"2024","Espace Mittelland","> Aufenthalter/innen (Kat. B)","Unteres Kader","Frauen",9330,5267,7348,13734,18833
"2024","Espace Mittelland","> Aufenthalter/innen (Kat. B)","Unteres Kader","Männer",9045,5333,6714,11952,17135
"2024","Espace Mittelland","> Aufenthalter/innen (Kat. B)","Verantwortlich für die Ausführung der Arbeiten","Geschlecht - Total",7039,4685,5673,9054,11299
"2024","Espace Mittelland","> Aufenthalter/innen (Kat. B)","Verantwortlich für die Ausführung der Arbeiten","Frauen",6969,4538,5363,8928,11181
"2024","Espace Mittelland","> Aufenthalter/innen (Kat. B)","Verantwortlich für die Ausführung der Arbeiten","Männer",7039,4899,5777,9187,11367
"2024","Espace Mittelland","> Aufenthalter/innen (Kat. B)","Ohne Kaderfunktion","Geschlecht - Total",5151,3960,4454,6424,8030
"2024","Espace Mittelland","> Aufenthalter/innen (Kat. B)","Ohne Kaderfunktion","Frauen",4819,3832,4184,6129,7946
"2024","Espace Mittelland","> Aufenthalter/innen (Kat. B)","Ohne Kaderfunktion","Männer",5314,4121,4654,6531,8065
"2024","Espace Mittelland","> Niedergelassene (Kat. C)","Berufliche Stellung - Total","Geschlecht - Total",6276,4539,5201,7921,10921
"2024","Espace Mittelland","> Niedergelassene (Kat. C)","Berufliche Stellung - Total","Frauen",5649,4229,4767,7418,10075
"2024","Espace Mittelland","> Niedergelassene (Kat. C)","Berufliche Stellung - Total","Männer",6547,4883,5577,8225,11398
"2024","Espace Mittelland","> Niedergelassene (Kat. C)","Oberes und mittleres Kader","Geschlecht - Total",10347,5376,7200,14286,20308
"2024","Espace Mittelland","> Niedergelassene (Kat. C)","Oberes und mittleres Kader","Frauen",9824,5067,6869,14208,19325
"2024","Espace Mittelland","> Niedergelassene (Kat. C)","Oberes und mittleres Kader","Männer",10550,5673,7427,14325,20377
"2024","Espace Mittelland","> Niedergelassene (Kat. C)","Unteres Kader","Geschlecht - Total",9131,5929,7375,11729,15680
"2024","Espace Mittelland","> Niedergelassene (Kat. C)","Unteres Kader","Frauen",8851,5378,6934,11378,15670
"2024","Espace Mittelland","> Niedergelassene (Kat. C)","Unteres Kader","Männer",9286,6169,7496,11974,15680
"2024","Espace Mittelland","> Niedergelassene (Kat. C)","Verantwortlich für die Ausführung der Arbeiten","Geschlecht - Total",7335,5298,6100,9302,11526
"2024","Espace Mittelland","> Niedergelassene (Kat. C)","Verantwortlich für die Ausführung der Arbeiten","Frauen",7039,4939,5650,9060,11124
"2024","Espace Mittelland","> Niedergelassene (Kat. C)","Verantwortlich für die Ausführung der Arbeiten","Männer",7522,5505,6378,9454,11704
"2024","Espace Mittelland","> Niedergelassene (Kat. C)","Ohne Kaderfunktion","Geschlecht - Total",5914,4439,5023,7032,8713
"2024","Espace Mittelland","> Niedergelassene (Kat. C)","Ohne Kaderfunktion","Frauen",5348,4114,4647,6607,8420
"2024","Espace Mittelland","> Niedergelassene (Kat. C)","Ohne Kaderfunktion","Männer",6208,4781,5391,7227,8872
"2024","Espace Mittelland","> Grenzgänger/innen (Kat. G)","Berufliche Stellung - Total","Geschlecht - Total",6194,4635,5266,7601,9715
"2024","Espace Mittelland","> Grenzgänger/innen (Kat. G)","Berufliche Stellung - Total","Frauen",5732,4380,4928,7108,9060
"2024","Espace Mittelland","> Grenzgänger/innen (Kat. G)","Berufliche Stellung - Total","Männer",6388,4811,5437,7783,10019
"2024","Espace Mittelland","> Grenzgänger/innen (Kat. G)","Oberes und mittleres Kader","Geschlecht - Total",10881,5909,8350,14590,20128
"2024","Espace Mittelland","> Grenzgänger/innen (Kat. G)","Oberes und mittleres Kader","Frauen",10840,6706,8531,14938,18035
"2024","Espace Mittelland","> Grenzgänger/innen (Kat. G)","Oberes und mittleres Kader","Männer",10991,5698,8275,14590,21316
"2024","Espace Mittelland","> Grenzgänger/innen (Kat. G)","Unteres Kader","Geschlecht - Total",8427,6178,7111,10203,12653
"2024","Espace Mittelland","> Grenzgänger/innen (Kat. G)","Unteres Kader","Frauen",8280,6360,6837,9791,12536
"2024","Espace Mittelland","> Grenzgänger/innen (Kat. G)","Unteres Kader","Männer",8456,6072,7220,10396,12698
"2024","Espace Mittelland","> Grenzgänger/innen (Kat. G)","Verantwortlich für die Ausführung der Arbeiten","Geschlecht - Total",6928,5188,5860,8345,10686
"2024","Espace Mittelland","> Grenzgänger/innen (Kat. G)","Verantwortlich für die Ausführung der Arbeiten","Frauen",6297,4894,5506,7692,9635
"2024","Espace Mittelland","> Grenzgänger/innen (Kat. G)","Verantwortlich für die Ausführung der Arbeiten","Männer",7167,5314,6057,8534,11023
"2024","Espace Mittelland","> Grenzgänger/innen (Kat. G)","Ohne Kaderfunktion","Geschlecht - Total",5933,4534,5137,7036,8395
"2024","Espace Mittelland","> Grenzgänger/innen (Kat. G)","Ohne Kaderfunktion","Frauen",5523,4333,4820,6604,7937
"2024","Espace Mittelland","> Grenzgänger/innen (Kat. G)","Ohne Kaderfunktion","Männer",6074,4681,5303,7172,8575
"2024","Espace Mittelland","> Andere","Berufliche Stellung - Total","Geschlecht - Total",4813,3773,4139,6075,7808
"2024","Espace Mittelland","> Andere","Berufliche Stellung - Total","Frauen",4697,3782,4024,5848,7778
"2024","Espace Mittelland","> Andere","Berufliche Stellung - Total","Männer",4914,3769,4196,6200,7838
"2024","Espace Mittelland","> Andere","Oberes und mittleres Kader","Geschlecht - Total",8777,7264,7467,13079,20511
"2024","Espace Mittelland","> Andere","Oberes und mittleres Kader","Frauen",,,,,
"2024","Espace Mittelland","> Andere","Oberes und mittleres Kader","Männer",,,,,
"2024","Espace Mittelland","> Andere","Unteres Kader","Geschlecht - Total",8532,5606,7138,10252,12242
"2024","Espace Mittelland","> Andere","Unteres Kader","Frauen",,,,,
"2024","Espace Mittelland","> Andere","Unteres Kader","Männer",8815,5606,5606,10373,12527
"2024","Espace Mittelland","> Andere","Verantwortlich für die Ausführung der Arbeiten","Geschlecht - Total",6245,3733,4558,8387,9988
"2024","Espace Mittelland","> Andere","Verantwortlich für die Ausführung der Arbeiten","Frauen",6641,4641,5365,8474,9513
"2024","Espace Mittelland","> Andere","Verantwortlich für die Ausführung der Arbeiten","Männer",,,,,
"2024","Espace Mittelland","> Andere","Ohne Kaderfunktion","Geschlecht - Total",4701,3769,4114,5675,6905
"2024","Espace Mittelland","> Andere","Ohne Kaderfunktion","Frauen",4555,3737,3989,5573,6862
"2024","Espace Mittelland","> Andere","Ohne Kaderfunktion","Männer",4793,3769,4150,5836,7067
"2024","Nordwestschweiz","Schweizer/innen und Ausländer/innen - Total","Berufliche Stellung - Total","Geschlecht - Total",7156,4689,5635,9574,12918
"2024","Nordwestschweiz","Schweizer/innen und Ausländer/innen - Total","Berufliche Stellung - Total","Frauen",6848,4485,5297,8851,11682
"2024","Nordwestschweiz","Schweizer/innen und Ausländer/innen - Total","Berufliche Stellung - Total","Männer",7391,4899,5851,10080,13667
"2024","Nordwestschweiz","Schweizer/innen und Ausländer/innen - Total","Oberes und mittleres Kader","Geschlecht - Total",11219,6166,8155,16022,23517
"2024","Nordwestschweiz","Schweizer/innen und Ausländer/innen - Total","Oberes und mittleres Kader","Frauen",9949,5469,7236,14326,22761
"2024","Nordwestschweiz","Schweizer/innen und Ausländer/innen - Total","Oberes und mittleres Kader","Männer",11751,6571,8513,16504,23853
"2024","Nordwestschweiz","Schweizer/innen und Ausländer/innen - Total","Unteres Kader","Geschlecht - Total",9578,6266,7616,12390,16406
"2024","Nordwestschweiz","Schweizer/innen und Ausländer/innen - Total","Unteres Kader","Frauen",8823,5570,7046,11667,15694
"2024","Nordwestschweiz","Schweizer/innen und Ausländer/innen - Total","Unteres Kader","Männer",9998,6673,7895,12671,16694
"2024","Nordwestschweiz","Schweizer/innen und Ausländer/innen - Total","Verantwortlich für die Ausführung der Arbeiten","Geschlecht - Total",8276,5546,6626,10581,12940
"2024","Nordwestschweiz","Schweizer/innen und Ausländer/innen - Total","Verantwortlich für die Ausführung der Arbeiten","Frauen",7749,4994,6189,9761,12429
"2024","Nordwestschweiz","Schweizer/innen und Ausländer/innen - Total","Verantwortlich für die Ausführung der Arbeiten","Männer",8665,5842,6932,10946,13207
"2024","Nordwestschweiz","Schweizer/innen und Ausländer/innen - Total","Ohne Kaderfunktion","Geschlecht - Total",6552,4538,5299,8186,10452
"2024","Nordwestschweiz","Schweizer/innen und Ausländer/innen - Total","Ohne Kaderfunktion","Frauen",6429,4385,5071,8075,10270
"2024","Nordwestschweiz","Schweizer/innen und Ausländer/innen - Total","Ohne Kaderfunktion","Männer",6632,4686,5481,8279,10633
"2024","Nordwestschweiz","Schweizer/innen","Berufliche Stellung - Total","Geschlecht - Total",7530,4977,6030,9881,12808
"2024","Nordwestschweiz","Schweizer/innen","Berufliche Stellung - Total","Frauen",7014,4704,5607,8827,11168
"2024","Nordwestschweiz","Schweizer/innen","Berufliche Stellung - Total","Männer",8001,5275,6395,10666,14009
"2024","Nordwestschweiz","Schweizer/innen","Oberes und mittleres Kader","Geschlecht - Total",10694,6122,8024,14628,20624
"2024","Nordwestschweiz","Schweizer/innen","Oberes und mittleres Kader","Frauen",9268,5316,7000,12378,17665
"2024","Nordwestschweiz","Schweizer/innen","Oberes und mittleres Kader","Männer",11413,6667,8471,15539,21662
"2024","Nordwestschweiz","Schweizer/innen","Unteres Kader","Geschlecht - Total",9413,6368,7635,11912,14667
"2024","Nordwestschweiz","Schweizer/innen","Unteres Kader","Frauen",8469,5688,7006,10790,13377
"2024","Nordwestschweiz","Schweizer/innen","Unteres Kader","Männer",9974,6873,8016,12422,15350
"2024","Nordwestschweiz","Schweizer/innen","Verantwortlich für die Ausführung der Arbeiten","Geschlecht - Total",8339,5717,6839,10417,12650
"2024","Nordwestschweiz","Schweizer/innen","Verantwortlich für die Ausführung der Arbeiten","Frauen",7644,5158,6267,9388,11624
"2024","Nordwestschweiz","Schweizer/innen","Verantwortlich für die Ausführung der Arbeiten","Männer",8864,6089,7208,10951,13070
"2024","Nordwestschweiz","Schweizer/innen","Ohne Kaderfunktion","Geschlecht - Total",6879,4785,5638,8482,10563
"2024","Nordwestschweiz","Schweizer/innen","Ohne Kaderfunktion","Frauen",6646,4619,5384,8172,10186
"2024","Nordwestschweiz","Schweizer/innen","Ohne Kaderfunktion","Männer",7094,5000,5896,8802,10969
"2024","Nordwestschweiz","Ausländer/innen","Berufliche Stellung - Total","Geschlecht - Total",6607,4444,5220,9020,13122
"2024","Nordwestschweiz","Ausländer/innen","Berufliche Stellung - Total","Frauen",6462,4214,4865,8903,13111
"2024","Nordwestschweiz","Ausländer/innen","Berufliche Stellung - Total","Männer",6675,4607,5425,9083,13129
"2024","Nordwestschweiz","Ausländer/innen","Oberes und mittleres Kader","Geschlecht - Total",13158,6299,8741,20401,29093
"2024","Nordwestschweiz","Ausländer/innen","Oberes und mittleres Kader","Frauen",13943,6189,8613,21996,29268
"2024","Nordwestschweiz","Ausländer/innen","Oberes und mittleres Kader","Männer",12833,6300,8808,20075,28904
"2024","Nordwestschweiz","Ausländer/innen","Unteres Kader","Geschlecht - Total",10009,5975,7579,13469,18354
"2024","Nordwestschweiz","Ausländer/innen","Unteres Kader","Frauen",9974,5416,7173,13899,18597
"2024","Nordwestschweiz","Ausländer/innen","Unteres Kader","Männer",10037,6362,7707,13326,18200
"2024","Nordwestschweiz","Ausländer/innen","Verantwortlich für die Ausführung der Arbeiten","Geschlecht - Total",8174,5235,6348,10879,13376
"2024","Nordwestschweiz","Ausländer/innen","Verantwortlich für die Ausführung der Arbeiten","Frauen",8016,4692,5977,10781,13286
"2024","Nordwestschweiz","Ausländer/innen","Verantwortlich für die Ausführung der Arbeiten","Männer",8255,5517,6491,10930,13420
"2024","Nordwestschweiz","Ausländer/innen","Ohne Kaderfunktion","Geschlecht - Total",6117,4332,4992,7740,10251
"2024","Nordwestschweiz","Ausländer/innen","Ohne Kaderfunktion","Frauen",5876,4138,4693,7860,10471
"2024","Nordwestschweiz","Ausländer/innen","Ohne Kaderfunktion","Männer",6194,4489,5186,7683,10133
"2024","Nordwestschweiz","> Kurzaufenthalter/innen (Kat. L)","Berufliche Stellung - Total","Geschlecht - Total",4986,2653,3200,6279,8156
"2024","Nordwestschweiz","> Kurzaufenthalter/innen (Kat. L)","Berufliche Stellung - Total","Frauen",4931,2786,3505,6721,8403
"2024","Nordwestschweiz","> Kurzaufenthalter/innen (Kat. L)","Berufliche Stellung - Total","Männer",5012,2653,2924,6255,7914
"2024","Nordwestschweiz","> Kurzaufenthalter/innen (Kat. L)","Oberes und mittleres Kader","Geschlecht - Total",,,,,
"2024","Nordwestschweiz","> Kurzaufenthalter/innen (Kat. L)","Oberes und mittleres Kader","Frauen",,,,,
"2024","Nordwestschweiz","> Kurzaufenthalter/innen (Kat. L)","Oberes und mittleres Kader","Männer",,,,,
"2024","Nordwestschweiz","> Kurzaufenthalter/innen (Kat. L)","Unteres Kader","Geschlecht - Total",,,,,
"2024","Nordwestschweiz","> Kurzaufenthalter/innen (Kat. L)","Unteres Kader","Frauen",,,,,
"2024","Nordwestschweiz","> Kurzaufenthalter/innen (Kat. L)","Unteres Kader","Männer",,,,,
"2024","Nordwestschweiz","> Kurzaufenthalter/innen (Kat. L)","Verantwortlich für die Ausführung der Arbeiten","Geschlecht - Total",5975,3302,4525,8293,8689
"2024","Nordwestschweiz","> Kurzaufenthalter/innen (Kat. L)","Verantwortlich für die Ausführung der Arbeiten","Frauen",,,,,
"2024","Nordwestschweiz","> Kurzaufenthalter/innen (Kat. L)","Verantwortlich für die Ausführung der Arbeiten","Männer",5942,3302,4525,8337,8731
"2024","Nordwestschweiz","> Kurzaufenthalter/innen (Kat. L)","Ohne Kaderfunktion","Geschlecht - Total",4803,2653,2825,6058,7013
"2024","Nordwestschweiz","> Kurzaufenthalter/innen (Kat. L)","Ohne Kaderfunktion","Frauen",4534,2696,3491,5554,7673
"2024","Nordwestschweiz","> Kurzaufenthalter/innen (Kat. L)","Ohne Kaderfunktion","Männer",4898,2653,2779,6114,6925
"2024","Nordwestschweiz","> Aufenthalter/innen (Kat. B)","Berufliche Stellung - Total","Geschlecht - Total",6009,4211,4832,8399,12677
"2024","Nordwestschweiz","> Aufenthalter/innen (Kat. B)","Berufliche Stellung - Total","Frauen",5953,3999,4533,8529,13043
"2024","Nordwestschweiz","> Aufenthalter/innen (Kat. B)","Berufliche Stellung - Total","Männer",6032,4429,4978,8301,12407
"2024","Nordwestschweiz","> Aufenthalter/innen (Kat. B)","Oberes und mittleres Kader","Geschlecht - Total",16275,6189,9614,24870,35087
"2024","Nordwestschweiz","> Aufenthalter/innen (Kat. B)","Oberes und mittleres Kader","Frauen",17159,6610,10317,25044,34226
"2024","Nordwestschweiz","> Aufenthalter/innen (Kat. B)","Oberes und mittleres Kader","Männer",15712,6174,9263,24648,35800
"2024","Nordwestschweiz","> Aufenthalter/innen (Kat. B)","Unteres Kader","Geschlecht - Total",9963,5379,7047,14507,19171
"2024","Nordwestschweiz","> Aufenthalter/innen (Kat. B)","Unteres Kader","Frauen",9553,4755,6576,14452,18711
"2024","Nordwestschweiz","> Aufenthalter/innen (Kat. B)","Unteres Kader","Männer",10200,5753,7261,14659,19604
"2024","Nordwestschweiz","> Aufenthalter/innen (Kat. B)","Verantwortlich für die Ausführung der Arbeiten","Geschlecht - Total",8687,5134,6191,11479,14044
"2024","Nordwestschweiz","> Aufenthalter/innen (Kat. B)","Verantwortlich für die Ausführung der Arbeiten","Frauen",8291,4290,5645,11441,14168
"2024","Nordwestschweiz","> Aufenthalter/innen (Kat. B)","Verantwortlich für die Ausführung der Arbeiten","Männer",9007,5433,6458,11513,13939
"2024","Nordwestschweiz","> Aufenthalter/innen (Kat. B)","Ohne Kaderfunktion","Geschlecht - Total",5612,4151,4663,7269,9726
"2024","Nordwestschweiz","> Aufenthalter/innen (Kat. B)","Ohne Kaderfunktion","Frauen",5403,3937,4402,7469,10000
"2024","Nordwestschweiz","> Aufenthalter/innen (Kat. B)","Ohne Kaderfunktion","Männer",5685,4332,4849,7135,9583
"2024","Nordwestschweiz","> Niedergelassene (Kat. C)","Berufliche Stellung - Total","Geschlecht - Total",6769,4619,5390,9374,13906
"2024","Nordwestschweiz","> Niedergelassene (Kat. C)","Berufliche Stellung - Total","Frauen",6241,4333,4893,8875,13337
"2024","Nordwestschweiz","> Niedergelassene (Kat. C)","Berufliche Stellung - Total","Männer",6982,4978,5762,9699,14218
"2024","Nordwestschweiz","> Niedergelassene (Kat. C)","Oberes und mittleres Kader","Geschlecht - Total",12515,6117,8468,19583,27317
"2024","Nordwestschweiz","> Niedergelassene (Kat. C)","Oberes und mittleres Kader","Frauen",12970,5570,8305,20970,27726
"2024","Nordwestschweiz","> Niedergelassene (Kat. C)","Oberes und mittleres Kader","Männer",12494,6145,8510,19145,27122
"2024","Nordwestschweiz","> Niedergelassene (Kat. C)","Unteres Kader","Geschlecht - Total",10422,6368,7813,13804,18329
"2024","Nordwestschweiz","> Niedergelassene (Kat. C)","Unteres Kader","Frauen",10304,5416,7337,14220,18593
"2024","Nordwestschweiz","> Niedergelassene (Kat. C)","Unteres Kader","Männer",10452,6699,7900,13590,18136
"2024","Nordwestschweiz","> Niedergelassene (Kat. C)","Verantwortlich für die Ausführung der Arbeiten","Geschlecht - Total",8117,5338,6444,11054,13820
"2024","Nordwestschweiz","> Niedergelassene (Kat. C)","Verantwortlich für die Ausführung der Arbeiten","Frauen",7753,4692,5854,10828,13321
"2024","Nordwestschweiz","> Niedergelassene (Kat. C)","Verantwortlich für die Ausführung der Arbeiten","Männer",8255,5781,6598,11204,14044
"2024","Nordwestschweiz","> Niedergelassene (Kat. C)","Ohne Kaderfunktion","Geschlecht - Total",6223,4489,5154,7744,10356
"2024","Nordwestschweiz","> Niedergelassene (Kat. C)","Ohne Kaderfunktion","Frauen",5675,4239,4736,7633,10350
"2024","Nordwestschweiz","> Niedergelassene (Kat. C)","Ohne Kaderfunktion","Männer",6443,4824,5500,7807,10362
"2024","Nordwestschweiz","> Grenzgänger/innen (Kat. G)","Berufliche Stellung - Total","Geschlecht - Total",7062,4736,5660,9407,12921
"2024","Nordwestschweiz","> Grenzgänger/innen (Kat. G)","Berufliche Stellung - Total","Frauen",7270,4610,5596,9496,13274
"2024","Nordwestschweiz","> Grenzgänger/innen (Kat. G)","Berufliche Stellung - Total","Männer",6986,4813,5673,9342,12812
"2024","Nordwestschweiz","> Grenzgänger/innen (Kat. G)","Oberes und mittleres Kader","Geschlecht - Total",12812,6796,8958,19680,27458
"2024","Nordwestschweiz","> Grenzgänger/innen (Kat. G)","Oberes und mittleres Kader","Frauen",13476,6667,8407,21577,27554
"2024","Nordwestschweiz","> Grenzgänger/innen (Kat. G)","Oberes und mittleres Kader","Männer",12812,6961,9161,18931,27317
"2024","Nordwestschweiz","> Grenzgänger/innen (Kat. G)","Unteres Kader","Geschlecht - Total",9592,6185,7603,12810,17860
"2024","Nordwestschweiz","> Grenzgänger/innen (Kat. G)","Unteres Kader","Frauen",9601,6039,7569,13105,18577
"2024","Nordwestschweiz","> Grenzgänger/innen (Kat. G)","Unteres Kader","Männer",9592,6259,7614,12676,17474
"2024","Nordwestschweiz","> Grenzgänger/innen (Kat. G)","Verantwortlich für die Ausführung der Arbeiten","Geschlecht - Total",8249,5616,6534,10730,12848
"2024","Nordwestschweiz","> Grenzgänger/innen (Kat. G)","Verantwortlich für die Ausführung der Arbeiten","Frauen",8216,5593,6644,10549,12931
"2024","Nordwestschweiz","> Grenzgänger/innen (Kat. G)","Verantwortlich für die Ausführung der Arbeiten","Männer",8275,5616,6501,10781,12785
"2024","Nordwestschweiz","> Grenzgänger/innen (Kat. G)","Ohne Kaderfunktion","Geschlecht - Total",6591,4614,5422,8332,10741
"2024","Nordwestschweiz","> Grenzgänger/innen (Kat. G)","Ohne Kaderfunktion","Frauen",6871,4507,5277,8727,11223
"2024","Nordwestschweiz","> Grenzgänger/innen (Kat. G)","Ohne Kaderfunktion","Männer",6467,4655,5476,8156,10526
"2024","Nordwestschweiz","> Andere","Berufliche Stellung - Total","Geschlecht - Total",5005,3814,4332,6507,8909
"2024","Nordwestschweiz","> Andere","Berufliche Stellung - Total","Frauen",4894,3810,4214,6900,9514
"2024","Nordwestschweiz","> Andere","Berufliche Stellung - Total","Männer",5037,3814,4437,6346,8504
"2024","Nordwestschweiz","> Andere","Oberes und mittleres Kader","Geschlecht - Total",12121,5777,7177,26152,36315
"2024","Nordwestschweiz","> Andere","Oberes und mittleres Kader","Frauen",,,,,
"2024","Nordwestschweiz","> Andere","Oberes und mittleres Kader","Männer",10823,5657,5777,27208,37429
"2024","Nordwestschweiz","> Andere","Unteres Kader","Geschlecht - Total",10153,4282,6598,13333,18625
"2024","Nordwestschweiz","> Andere","Unteres Kader","Frauen",,,,,
"2024","Nordwestschweiz","> Andere","Unteres Kader","Männer",,,,,
"2024","Nordwestschweiz","> Andere","Verantwortlich für die Ausführung der Arbeiten","Geschlecht - Total",7246,4193,4910,8285,10329
"2024","Nordwestschweiz","> Andere","Verantwortlich für die Ausführung der Arbeiten","Frauen",,,,,
"2024","Nordwestschweiz","> Andere","Verantwortlich für die Ausführung der Arbeiten","Männer",,,,,
"2024","Nordwestschweiz","> Andere","Ohne Kaderfunktion","Geschlecht - Total",4906,3796,4315,6074,7765
"2024","Nordwestschweiz","> Andere","Ohne Kaderfunktion","Frauen",4753,3810,4203,6430,8172
"2024","Nordwestschweiz","> Andere","Ohne Kaderfunktion","Männer",4931,3796,4389,6030,7434
"2024","Zürich","Schweizer/innen und Ausländer/innen - Total","Berufliche Stellung - Total","Geschlecht - Total",7502,4761,5714,10241,13970
"2024","Zürich","Schweizer/innen und Ausländer/innen - Total","Berufliche Stellung - Total","Frauen",6968,4539,5285,9131,11784
"2024","Zürich","Schweizer/innen und Ausländer/innen - Total","Berufliche Stellung - Total","Männer",7936,5007,6072,11111,15534
"2024","Zürich","Schweizer/innen und Ausländer/innen - Total","Oberes und mittleres Kader","Geschlecht - Total",12378,7484,9580,16865,25968
"2024","Zürich","Schweizer/innen und Ausländer/innen - Total","Oberes und mittleres Kader","Frauen",10952,6884,8811,13880,19742
"2024","Zürich","Schweizer/innen und Ausländer/innen - Total","Oberes und mittleres Kader","Männer",13218,7798,10142,18254,28585
"2024","Zürich","Schweizer/innen und Ausländer/innen - Total","Unteres Kader","Geschlecht - Total",10405,6827,8432,12538,15860
"2024","Zürich","Schweizer/innen und Ausländer/innen - Total","Unteres Kader","Frauen",9592,6189,7890,11536,14054
"2024","Zürich","Schweizer/innen und Ausländer/innen - Total","Unteres Kader","Männer",10952,7281,8859,13095,16943
"2024","Zürich","Schweizer/innen und Ausländer/innen - Total","Verantwortlich für die Ausführung der Arbeiten","Geschlecht - Total",8318,5600,6793,10237,12445
"2024","Zürich","Schweizer/innen und Ausländer/innen - Total","Verantwortlich für die Ausführung der Arbeiten","Frauen",7972,5369,6479,9627,11569
"2024","Zürich","Schweizer/innen und Ausländer/innen - Total","Verantwortlich für die Ausführung der Arbeiten","Männer",8571,5833,7023,10657,12927
"2024","Zürich","Schweizer/innen und Ausländer/innen - Total","Ohne Kaderfunktion","Geschlecht - Total",6507,4558,5242,8153,10269
"2024","Zürich","Schweizer/innen und Ausländer/innen - Total","Ohne Kaderfunktion","Frauen",6177,4376,4968,7780,9496
"2024","Zürich","Schweizer/innen und Ausländer/innen - Total","Ohne Kaderfunktion","Männer",6746,4751,5529,8500,10852
"2024","Zürich","Schweizer/innen","Berufliche Stellung - Total","Geschlecht - Total",7904,5055,6145,10584,14100
"2024","Zürich","Schweizer/innen","Berufliche Stellung - Total","Frauen",7249,4810,5659,9276,11727
"2024","Zürich","Schweizer/innen","Berufliche Stellung - Total","Männer",8568,5397,6583,11632,15918
"2024","Zürich","Schweizer/innen","Oberes und mittleres Kader","Geschlecht - Total",12026,7529,9524,15955,23002
"2024","Zürich","Schweizer/innen","Oberes und mittleres Kader","Frauen",10742,6985,8721,13153,17606
"2024","Zürich","Schweizer/innen","Oberes und mittleres Kader","Männer",12966,7885,10074,17388,25394
"2024","Zürich","Schweizer/innen","Unteres Kader","Geschlecht - Total",10260,6892,8367,12320,15016
"2024","Zürich","Schweizer/innen","Unteres Kader","Frauen",9414,6189,7793,11321,13379
"2024","Zürich","Schweizer/innen","Unteres Kader","Männer",10834,7405,8843,12869,15966
"2024","Zürich","Schweizer/innen","Verantwortlich für die Ausführung der Arbeiten","Geschlecht - Total",8400,5809,7020,10307,12434
"2024","Zürich","Schweizer/innen","Verantwortlich für die Ausführung der Arbeiten","Frauen",7999,5517,6675,9545,11340
"2024","Zürich","Schweizer/innen","Verantwortlich für die Ausführung der Arbeiten","Männer",8745,6133,7238,10822,13047
"2024","Zürich","Schweizer/innen","Ohne Kaderfunktion","Geschlecht - Total",6857,4811,5573,8453,10472
"2024","Zürich","Schweizer/innen","Ohne Kaderfunktion","Frauen",6517,4663,5281,7939,9571
"2024","Zürich","Schweizer/innen","Ohne Kaderfunktion","Männer",7186,5034,5890,8984,11184
"2024","Zürich","Ausländer/innen","Berufliche Stellung - Total","Geschlecht - Total",6650,4419,5142,9412,13647
"2024","Zürich","Ausländer/innen","Berufliche Stellung - Total","Frauen",6048,4190,4735,8730,11988
"2024","Zürich","Ausländer/innen","Berufliche Stellung - Total","Männer",6915,4652,5466,9926,14714
"2024","Zürich","Ausländer/innen","Oberes und mittleres Kader","Geschlecht - Total",13809,7206,9985,21172,33708
"2024","Zürich","Ausländer/innen","Oberes und mittleres Kader","Frauen",12383,6666,9214,17821,28448
"2024","Zürich","Ausländer/innen","Oberes und mittleres Kader","Männer",14517,7385,10436,23284,35983
"2024","Zürich","Ausländer/innen","Unteres Kader","Geschlecht - Total",10771,6655,8602,13155,19121
"2024","Zürich","Ausländer/innen","Unteres Kader","Frauen",10077,6055,8212,12168,16696
"2024","Zürich","Ausländer/innen","Unteres Kader","Männer",11197,6960,8909,13720,20428
"2024","Zürich","Ausländer/innen","Verantwortlich für die Ausführung der Arbeiten","Geschlecht - Total",8130,5313,6344,10105,12458
"2024","Zürich","Ausländer/innen","Verantwortlich für die Ausführung der Arbeiten","Frauen",7936,5107,6043,9804,11986
"2024","Zürich","Ausländer/innen","Verantwortlich für die Ausführung der Arbeiten","Männer",8264,5514,6515,10310,12736
"2024","Zürich","Ausländer/innen","Ohne Kaderfunktion","Geschlecht - Total",5929,4276,4860,7569,9852
"2024","Zürich","Ausländer/innen","Ohne Kaderfunktion","Frauen",5352,4065,4560,7257,9277
"2024","Zürich","Ausländer/innen","Ohne Kaderfunktion","Männer",6198,4500,5149,7749,10213
"2024","Zürich","> Kurzaufenthalter/innen (Kat. L)","Berufliche Stellung - Total","Geschlecht - Total",5838,3575,4708,6899,8419
"2024","Zürich","> Kurzaufenthalter/innen (Kat. L)","Berufliche Stellung - Total","Frauen",4749,3000,4094,7072,8911
"2024","Zürich","> Kurzaufenthalter/innen (Kat. L)","Berufliche Stellung - Total","Männer",5953,3882,5070,6860,8286
"2024","Zürich","> Kurzaufenthalter/innen (Kat. L)","Oberes und mittleres Kader","Geschlecht - Total",,,,,
"2024","Zürich","> Kurzaufenthalter/innen (Kat. L)","Oberes und mittleres Kader","Frauen",,,,,
"2024","Zürich","> Kurzaufenthalter/innen (Kat. L)","Oberes und mittleres Kader","Männer",,,,,
"2024","Zürich","> Kurzaufenthalter/innen (Kat. L)","Unteres Kader","Geschlecht - Total",8019,5429,5429,10198,14097
"2024","Zürich","> Kurzaufenthalter/innen (Kat. L)","Unteres Kader","Frauen",,,,,
"2024","Zürich","> Kurzaufenthalter/innen (Kat. L)","Unteres Kader","Männer",,,,,
"2024","Zürich","> Kurzaufenthalter/innen (Kat. L)","Verantwortlich für die Ausführung der Arbeiten","Geschlecht - Total",8083,6263,7066,9435,11722
"2024","Zürich","> Kurzaufenthalter/innen (Kat. L)","Verantwortlich für die Ausführung der Arbeiten","Frauen",7711,6263,7059,9248,10670
"2024","Zürich","> Kurzaufenthalter/innen (Kat. L)","Verantwortlich für die Ausführung der Arbeiten","Männer",8618,5950,7074,9605,12744
"2024","Zürich","> Kurzaufenthalter/innen (Kat. L)","Ohne Kaderfunktion","Geschlecht - Total",5753,3461,4641,6645,7911
"2024","Zürich","> Kurzaufenthalter/innen (Kat. L)","Ohne Kaderfunktion","Frauen",4704,2784,3993,6199,8083
"2024","Zürich","> Kurzaufenthalter/innen (Kat. L)","Ohne Kaderfunktion","Männer",5919,3810,4996,6720,7900
"2024","Zürich","> Aufenthalter/innen (Kat. B)","Berufliche Stellung - Total","Geschlecht - Total",6286,4233,4854,9129,13410
"2024","Zürich","> Aufenthalter/innen (Kat. B)","Berufliche Stellung - Total","Frauen",5935,4028,4561,8642,11908
"2024","Zürich","> Aufenthalter/innen (Kat. B)","Berufliche Stellung - Total","Männer",6449,4394,5057,9524,14486
"2024","Zürich","> Aufenthalter/innen (Kat. B)","Oberes und mittleres Kader","Geschlecht - Total",14785,6576,10352,26654,36785
"2024","Zürich","> Aufenthalter/innen (Kat. B)","Oberes und mittleres Kader","Frauen",13095,5714,9123,20043,31456
"2024","Zürich","> Aufenthalter/innen (Kat. B)","Oberes und mittleres Kader","Männer",16171,7501,11508,28981,39670
"2024","Zürich","> Aufenthalter/innen (Kat. B)","Unteres Kader","Geschlecht - Total",10873,6632,8756,13972,22041
"2024","Zürich","> Aufenthalter/innen (Kat. B)","Unteres Kader","Frauen",10124,6245,8271,12417,19143
"2024","Zürich","> Aufenthalter/innen (Kat. B)","Unteres Kader","Männer",11316,6969,9259,15129,23040
"2024","Zürich","> Aufenthalter/innen (Kat. B)","Verantwortlich für die Ausführung der Arbeiten","Geschlecht - Total",8340,5000,6120,10295,12583
"2024","Zürich","> Aufenthalter/innen (Kat. B)","Verantwortlich für die Ausführung der Arbeiten","Frauen",8118,4800,6047,9842,11929
"2024","Zürich","> Aufenthalter/innen (Kat. B)","Verantwortlich für die Ausführung der Arbeiten","Männer",8481,5124,6232,10570,12932
"2024","Zürich","> Aufenthalter/innen (Kat. B)","Ohne Kaderfunktion","Geschlecht - Total",5632,4122,4643,7496,9722
"2024","Zürich","> Aufenthalter/innen (Kat. B)","Ohne Kaderfunktion","Frauen",5163,3957,4398,7340,9207
"2024","Zürich","> Aufenthalter/innen (Kat. B)","Ohne Kaderfunktion","Männer",5831,4271,4854,7540,10040
"2024","Zürich","> Niedergelassene (Kat. C)","Berufliche Stellung - Total","Geschlecht - Total",6928,4641,5403,9804,14188
"2024","Zürich","> Niedergelassene (Kat. C)","Berufliche Stellung - Total","Frauen",6192,4333,4890,8938,12240
"2024","Zürich","> Niedergelassene (Kat. C)","Berufliche Stellung - Total","Männer",7273,5000,5862,10508,15361
"2024","Zürich","> Niedergelassene (Kat. C)","Oberes und mittleres Kader","Geschlecht - Total",13522,7283,9911,19597,32394
"2024","Zürich","> Niedergelassene (Kat. C)","Oberes und mittleres Kader","Frauen",12137,6997,9354,17132,26559
"2024","Zürich","> Niedergelassene (Kat. C)","Oberes und mittleres Kader","Männer",14162,7325,10288,20978,34539
"2024","Zürich","> Niedergelassene (Kat. C)","Unteres Kader","Geschlecht - Total",10724,6713,8554,12956,16825
"2024","Zürich","> Niedergelassene (Kat. C)","Unteres Kader","Frauen",10072,5970,8207,12165,15404
"2024","Zürich","> Niedergelassene (Kat. C)","Unteres Kader","Männer",11185,7011,8823,13425,17766
"2024","Zürich","> Niedergelassene (Kat. C)","Verantwortlich für die Ausführung der Arbeiten","Geschlecht - Total",7989,5545,6369,10075,12446
"2024","Zürich","> Niedergelassene (Kat. C)","Verantwortlich für die Ausführung der Arbeiten","Frauen",7829,5253,6032,9881,12148
"2024","Zürich","> Niedergelassene (Kat. C)","Verantwortlich für die Ausführung der Arbeiten","Männer",8127,5714,6572,10193,12670
"2024","Zürich","> Niedergelassene (Kat. C)","Ohne Kaderfunktion","Geschlecht - Total",6161,4481,5074,7692,10002
"2024","Zürich","> Niedergelassene (Kat. C)","Ohne Kaderfunktion","Frauen",5475,4236,4697,7282,9367
"2024","Zürich","> Niedergelassene (Kat. C)","Ohne Kaderfunktion","Männer",6512,4800,5486,7918,10508
"2024","Zürich","> Grenzgänger/innen (Kat. G)","Berufliche Stellung - Total","Geschlecht - Total",6740,4610,5353,9139,12472
"2024","Zürich","> Grenzgänger/innen (Kat. G)","Berufliche Stellung - Total","Frauen",5958,4215,4810,8105,10991
"2024","Zürich","> Grenzgänger/innen (Kat. G)","Berufliche Stellung - Total","Männer",7005,4832,5630,9561,13018
"2024","Zürich","> Grenzgänger/innen (Kat. G)","Oberes und mittleres Kader","Geschlecht - Total",12456,7551,9447,17180,24047
"2024","Zürich","> Grenzgänger/innen (Kat. G)","Oberes und mittleres Kader","Frauen",11902,7591,8493,16951,22583
"2024","Zürich","> Grenzgänger/innen (Kat. G)","Oberes und mittleres Kader","Männer",12797,7476,9665,17229,24126
"2024","Zürich","> Grenzgänger/innen (Kat. G)","Unteres Kader","Geschlecht - Total",10693,6652,8558,12828,15911
"2024","Zürich","> Grenzgänger/innen (Kat. G)","Unteres Kader","Frauen",9906,6295,8064,11679,13625
"2024","Zürich","> Grenzgänger/innen (Kat. G)","Unteres Kader","Männer",10981,6832,8602,13161,16612
"2024","Zürich","> Grenzgänger/innen (Kat. G)","Verantwortlich für die Ausführung der Arbeiten","Geschlecht - Total",7945,5464,6476,9783,11746
"2024","Zürich","> Grenzgänger/innen (Kat. G)","Verantwortlich für die Ausführung der Arbeiten","Frauen",7452,5334,6112,8890,10590
"2024","Zürich","> Grenzgänger/innen (Kat. G)","Verantwortlich für die Ausführung der Arbeiten","Männer",8311,5533,6653,9976,12075
"2024","Zürich","> Grenzgänger/innen (Kat. G)","Ohne Kaderfunktion","Geschlecht - Total",6153,4462,5101,7759,9971
"2024","Zürich","> Grenzgänger/innen (Kat. G)","Ohne Kaderfunktion","Frauen",5429,4106,4656,7054,9129
"2024","Zürich","> Grenzgänger/innen (Kat. G)","Ohne Kaderfunktion","Männer",6368,4675,5343,8016,10219
"2024","Zürich","> Andere","Berufliche Stellung - Total","Geschlecht - Total",5128,3938,4377,7643,12070
"2024","Zürich","> Andere","Berufliche Stellung - Total","Frauen",5062,3938,4295,7925,11492
"2024","Zürich","> Andere","Berufliche Stellung - Total","Männer",5152,3952,4405,7459,12869
"2024","Zürich","> Andere","Oberes und mittleres Kader","Geschlecht - Total",15682,9113,11338,31965,46108
"2024","Zürich","> Andere","Oberes und mittleres Kader","Frauen",12076,8485,10000,15682,36298
"2024","Zürich","> Andere","Oberes und mittleres Kader","Männer",23625,10578,12727,36151,50145
"2024","Zürich","> Andere","Unteres Kader","Geschlecht - Total",10264,5302,7806,12320,16827
"2024","Zürich","> Andere","Unteres Kader","Frauen",8866,5302,6290,11714,13579
"2024","Zürich","> Andere","Unteres Kader","Männer",11136,6186,8926,14030,20692
"2024","Zürich","> Andere","Verantwortlich für die Ausführung der Arbeiten","Geschlecht - Total",7991,4380,5301,10680,14081
"2024","Zürich","> Andere","Verantwortlich für die Ausführung der Arbeiten","Frauen",7436,4380,4619,9646,14081
"2024","Zürich","> Andere","Verantwortlich für die Ausführung der Arbeiten","Männer",8341,4957,6466,11627,13692
"2024","Zürich","> Andere","Ohne Kaderfunktion","Geschlecht - Total",4866,3902,4253,6107,8639
"2024","Zürich","> Andere","Ohne Kaderfunktion","Frauen",4742,3851,4190,6134,8766
"2024","Zürich","> Andere","Ohne Kaderfunktion","Männer",4928,3920,4302,6093,8562
"2024","Ostschweiz","Schweizer/innen und Ausländer/innen - Total","Berufliche Stellung - Total","Geschlecht - Total",6623,4563,5336,8460,11030
"2024","Ostschweiz","Schweizer/innen und Ausländer/innen - Total","Berufliche Stellung - Total","Frauen",6138,4293,4935,7846,9919
"2024","Ostschweiz","Schweizer/innen und Ausländer/innen - Total","Berufliche Stellung - Total","Männer",6895,4831,5659,8885,11715
"2024","Ostschweiz","Schweizer/innen und Ausländer/innen - Total","Oberes und mittleres Kader","Geschlecht - Total",9746,5668,7285,12819,17330
"2024","Ostschweiz","Schweizer/innen und Ausländer/innen - Total","Oberes und mittleres Kader","Frauen",8289,4842,6116,11109,14372
"2024","Ostschweiz","Schweizer/innen und Ausländer/innen - Total","Oberes und mittleres Kader","Männer",10285,6189,7754,13444,18354
"2024","Ostschweiz","Schweizer/innen und Ausländer/innen - Total","Unteres Kader","Geschlecht - Total",8449,5634,6911,10408,12392
"2024","Ostschweiz","Schweizer/innen und Ausländer/innen - Total","Unteres Kader","Frauen",7943,5199,6385,9674,11424
"2024","Ostschweiz","Schweizer/innen und Ausländer/innen - Total","Unteres Kader","Männer",8768,6000,7251,10895,12852
"2024","Ostschweiz","Schweizer/innen und Ausländer/innen - Total","Verantwortlich für die Ausführung der Arbeiten","Geschlecht - Total",7162,4988,6017,8855,10620
"2024","Ostschweiz","Schweizer/innen und Ausländer/innen - Total","Verantwortlich für die Ausführung der Arbeiten","Frauen",6808,4687,5581,8234,9946
"2024","Ostschweiz","Schweizer/innen und Ausländer/innen - Total","Verantwortlich für die Ausführung der Arbeiten","Männer",7401,5317,6260,9144,10886
"2024","Ostschweiz","Schweizer/innen und Ausländer/innen - Total","Ohne Kaderfunktion","Geschlecht - Total",6149,4427,5102,7502,9205
"2024","Ostschweiz","Schweizer/innen und Ausländer/innen - Total","Ohne Kaderfunktion","Frauen",5802,4228,4816,7304,8993
"2024","Ostschweiz","Schweizer/innen und Ausländer/innen - Total","Ohne Kaderfunktion","Männer",6332,4653,5362,7635,9339
"2024","Ostschweiz","Schweizer/innen","Berufliche Stellung - Total","Geschlecht - Total",7057,4852,5708,9004,11548
"2024","Ostschweiz","Schweizer/innen","Berufliche Stellung - Total","Frauen",6533,4603,5260,8147,10208
"2024","Ostschweiz","Schweizer/innen","Berufliche Stellung - Total","Männer",7446,5179,6096,9628,12466
"2024","Ostschweiz","Schweizer/innen","Oberes und mittleres Kader","Geschlecht - Total",9827,5881,7529,12821,17002
"2024","Ostschweiz","Schweizer/innen","Oberes und mittleres Kader","Frauen",8379,4874,6345,10987,13752
"2024","Ostschweiz","Schweizer/innen","Oberes und mittleres Kader","Männer",10411,6471,8002,13460,18016
"2024","Ostschweiz","Schweizer/innen","Unteres Kader","Geschlecht - Total",8539,5847,7059,10398,12237
"2024","Ostschweiz","Schweizer/innen","Unteres Kader","Frauen",7991,5331,6544,9691,11213
"2024","Ostschweiz","Schweizer/innen","Unteres Kader","Männer",8872,6254,7481,10909,12703
"2024","Ostschweiz","Schweizer/innen","Verantwortlich für die Ausführung der Arbeiten","Geschlecht - Total",7278,5317,6226,9037,10763
"2024","Ostschweiz","Schweizer/innen","Verantwortlich für die Ausführung der Arbeiten","Frauen",6892,4863,5732,8252,10056
"2024","Ostschweiz","Schweizer/innen","Verantwortlich für die Ausführung der Arbeiten","Männer",7620,5597,6480,9401,11067
"2024","Ostschweiz","Schweizer/innen","Ohne Kaderfunktion","Geschlecht - Total",6511,4713,5412,7878,9652
"2024","Ostschweiz","Schweizer/innen","Ohne Kaderfunktion","Frauen",6207,4539,5126,7600,9361
"2024","Ostschweiz","Schweizer/innen","Ohne Kaderfunktion","Männer",6730,4954,5696,8094,9874
"2024","Ostschweiz","Ausländer/innen","Berufliche Stellung - Total","Geschlecht - Total",5902,4201,4872,7397,9624
"2024","Ostschweiz","Ausländer/innen","Berufliche Stellung - Total","Frauen",5253,3900,4468,6986,9058
"2024","Ostschweiz","Ausländer/innen","Berufliche Stellung - Total","Männer",6155,4457,5195,7566,9923
"2024","Ostschweiz","Ausländer/innen","Oberes und mittleres Kader","Geschlecht - Total",9085,5161,6495,12792,19048
"2024","Ostschweiz","Ausländer/innen","Oberes und mittleres Kader","Frauen",7973,4668,5540,11611,16971
"2024","Ostschweiz","Ausländer/innen","Oberes und mittleres Kader","Männer",9533,5607,6948,13333,19596
"2024","Ostschweiz","Ausländer/innen","Unteres Kader","Geschlecht - Total",8122,5282,6457,10436,13080
"2024","Ostschweiz","Ausländer/innen","Unteres Kader","Frauen",7728,4832,5825,9542,12174
"2024","Ostschweiz","Ausländer/innen","Unteres Kader","Männer",8320,5470,6687,10828,13488
"2024","Ostschweiz","Ausländer/innen","Verantwortlich für die Ausführung der Arbeiten","Geschlecht - Total",6911,4603,5517,8506,10246
"2024","Ostschweiz","Ausländer/innen","Verantwortlich für die Ausführung der Arbeiten","Frauen",6480,4329,5030,8155,9585
"2024","Ostschweiz","Ausländer/innen","Verantwortlich für die Ausführung der Arbeiten","Männer",7000,4820,5709,8644,10437
"2024","Ostschweiz","Ausländer/innen","Ohne Kaderfunktion","Geschlecht - Total",5661,4124,4745,6832,8378
"2024","Ostschweiz","Ausländer/innen","Ohne Kaderfunktion","Frauen",5058,3837,4381,6429,8152
"2024","Ostschweiz","Ausländer/innen","Ohne Kaderfunktion","Männer",5921,4364,5051,6973,8500
"2024","Ostschweiz","> Kurzaufenthalter/innen (Kat. L)","Berufliche Stellung - Total","Geschlecht - Total",4647,3456,3794,5738,6605
"2024","Ostschweiz","> Kurzaufenthalter/innen (Kat. L)","Berufliche Stellung - Total","Frauen",3992,3385,3646,4740,5518
"2024","Ostschweiz","> Kurzaufenthalter/innen (Kat. L)","Berufliche Stellung - Total","Männer",5173,3656,4144,6038,6769
"2024","Ostschweiz","> Kurzaufenthalter/innen (Kat. L)","Oberes und mittleres Kader","Geschlecht - Total",,,,,
"2024","Ostschweiz","> Kurzaufenthalter/innen (Kat. L)","Oberes und mittleres Kader","Frauen",,,,,
"2024","Ostschweiz","> Kurzaufenthalter/innen (Kat. L)","Oberes und mittleres Kader","Männer",,,,,
"2024","Ostschweiz","> Kurzaufenthalter/innen (Kat. L)","Unteres Kader","Geschlecht - Total",,,,,
"2024","Ostschweiz","> Kurzaufenthalter/innen (Kat. L)","Unteres Kader","Frauen",,,,,
"2024","Ostschweiz","> Kurzaufenthalter/innen (Kat. L)","Unteres Kader","Männer",,,,,
"2024","Ostschweiz","> Kurzaufenthalter/innen (Kat. L)","Verantwortlich für die Ausführung der Arbeiten","Geschlecht - Total",,,,,
"2024","Ostschweiz","> Kurzaufenthalter/innen (Kat. L)","Verantwortlich für die Ausführung der Arbeiten","Frauen",,,,,
"2024","Ostschweiz","> Kurzaufenthalter/innen (Kat. L)","Verantwortlich für die Ausführung der Arbeiten","Männer",,,,,
"2024","Ostschweiz","> Kurzaufenthalter/innen (Kat. L)","Ohne Kaderfunktion","Geschlecht - Total",4488,3398,3780,5661,6530
"2024","Ostschweiz","> Kurzaufenthalter/innen (Kat. L)","Ohne Kaderfunktion","Frauen",3906,3379,3641,4513,5518
"2024","Ostschweiz","> Kurzaufenthalter/innen (Kat. L)","Ohne Kaderfunktion","Männer",4980,3642,4055,5972,6727
"2024","Ostschweiz","> Aufenthalter/innen (Kat. B)","Berufliche Stellung - Total","Geschlecht - Total",5440,4086,4613,6760,8661
"2024","Ostschweiz","> Aufenthalter/innen (Kat. B)","Berufliche Stellung - Total","Frauen",4896,3829,4297,6415,8322
"2024","Ostschweiz","> Aufenthalter/innen (Kat. B)","Berufliche Stellung - Total","Männer",5706,4324,4884,6899,8853
"2024","Ostschweiz","> Aufenthalter/innen (Kat. B)","Oberes und mittleres Kader","Geschlecht - Total",7839,4768,5540,12048,19387
"2024","Ostschweiz","> Aufenthalter/innen (Kat. B)","Oberes und mittleres Kader","Frauen",6273,4117,4980,10212,16110
"2024","Ostschweiz","> Aufenthalter/innen (Kat. B)","Oberes und mittleres Kader","Männer",9102,5040,6485,13793,20721
"2024","Ostschweiz","> Aufenthalter/innen (Kat. B)","Unteres Kader","Geschlecht - Total",7456,5231,5674,9793,12753
"2024","Ostschweiz","> Aufenthalter/innen (Kat. B)","Unteres Kader","Frauen",7629,5158,5952,9588,12238
"2024","Ostschweiz","> Aufenthalter/innen (Kat. B)","Unteres Kader","Männer",7324,5231,5622,9998,12894
"2024","Ostschweiz","> Aufenthalter/innen (Kat. B)","Verantwortlich für die Ausführung der Arbeiten","Geschlecht - Total",6503,4582,5178,8037,9530
"2024","Ostschweiz","> Aufenthalter/innen (Kat. B)","Verantwortlich für die Ausführung der Arbeiten","Frauen",6446,4395,4866,7840,9354
"2024","Ostschweiz","> Aufenthalter/innen (Kat. B)","Verantwortlich für die Ausführung der Arbeiten","Männer",6524,4592,5377,8114,9645
"2024","Ostschweiz","> Aufenthalter/innen (Kat. B)","Ohne Kaderfunktion","Geschlecht - Total",5283,4042,4539,6394,7837
"2024","Ostschweiz","> Aufenthalter/innen (Kat. B)","Ohne Kaderfunktion","Frauen",4763,3807,4232,5927,7645
"2024","Ostschweiz","> Aufenthalter/innen (Kat. B)","Ohne Kaderfunktion","Männer",5584,4274,4808,6540,7924
"2024","Ostschweiz","> Niedergelassene (Kat. C)","Berufliche Stellung - Total","Geschlecht - Total",6198,4549,5192,7698,10152
"2024","Ostschweiz","> Niedergelassene (Kat. C)","Berufliche Stellung - Total","Frauen",5512,4230,4726,7288,9483
"2024","Ostschweiz","> Niedergelassene (Kat. C)","Berufliche Stellung - Total","Männer",6520,4928,5581,7911,10524
"2024","Ostschweiz","> Niedergelassene (Kat. C)","Oberes und mittleres Kader","Geschlecht - Total",9320,5552,6772,12632,18931
"2024","Ostschweiz","> Niedergelassene (Kat. C)","Oberes und mittleres Kader","Frauen",9425,5301,6347,12660,18222
"2024","Ostschweiz","> Niedergelassene (Kat. C)","Oberes und mittleres Kader","Männer",9218,5618,6948,12614,19048
"2024","Ostschweiz","> Niedergelassene (Kat. C)","Unteres Kader","Geschlecht - Total",8251,5546,6703,10521,13114
"2024","Ostschweiz","> Niedergelassene (Kat. C)","Unteres Kader","Frauen",7812,4900,5833,9660,12170
"2024","Ostschweiz","> Niedergelassene (Kat. C)","Unteres Kader","Männer",8417,5986,6986,10981,13592
"2024","Ostschweiz","> Niedergelassene (Kat. C)","Verantwortlich für die Ausführung der Arbeiten","Geschlecht - Total",7099,5054,5983,8694,10573
"2024","Ostschweiz","> Niedergelassene (Kat. C)","Verantwortlich für die Ausführung der Arbeiten","Frauen",6499,4424,5282,8373,9938
"2024","Ostschweiz","> Niedergelassene (Kat. C)","Verantwortlich für die Ausführung der Arbeiten","Männer",7280,5465,6335,8820,10766
"2024","Ostschweiz","> Niedergelassene (Kat. C)","Ohne Kaderfunktion","Geschlecht - Total",5912,4456,5041,7040,8611
"2024","Ostschweiz","> Niedergelassene (Kat. C)","Ohne Kaderfunktion","Frauen",5266,4170,4630,6566,8336
"2024","Ostschweiz","> Niedergelassene (Kat. C)","Ohne Kaderfunktion","Männer",6204,4831,5427,7222,8754
"2024","Ostschweiz","> Grenzgänger/innen (Kat. G)","Berufliche Stellung - Total","Geschlecht - Total",6407,4250,5229,8126,10349
"2024","Ostschweiz","> Grenzgänger/innen (Kat. G)","Berufliche Stellung - Total","Frauen",5959,4046,4721,7748,9503
"2024","Ostschweiz","> Grenzgänger/innen (Kat. G)","Berufliche Stellung - Total","Männer",6499,4447,5403,8263,10637
"2024","Ostschweiz","> Grenzgänger/innen (Kat. G)","Oberes und mittleres Kader","Geschlecht - Total",10314,5790,7352,14027,19686
"2024","Ostschweiz","> Grenzgänger/innen (Kat. G)","Oberes und mittleres Kader","Frauen",7841,4200,5717,11651,15030
"2024","Ostschweiz","> Grenzgänger/innen (Kat. G)","Oberes und mittleres Kader","Männer",10947,6189,7946,14718,20772
"2024","Ostschweiz","> Grenzgänger/innen (Kat. G)","Unteres Kader","Geschlecht - Total",8479,5222,6736,10817,13557
"2024","Ostschweiz","> Grenzgänger/innen (Kat. G)","Unteres Kader","Frauen",7638,4167,5416,9297,12075
"2024","Ostschweiz","> Grenzgänger/innen (Kat. G)","Unteres Kader","Männer",8773,5528,7116,11241,13892
"2024","Ostschweiz","> Grenzgänger/innen (Kat. G)","Verantwortlich für die Ausführung der Arbeiten","Geschlecht - Total",7241,3810,5199,8764,10580
"2024","Ostschweiz","> Grenzgänger/innen (Kat. G)","Verantwortlich für die Ausführung der Arbeiten","Frauen",6757,4232,4687,8318,9567
"2024","Ostschweiz","> Grenzgänger/innen (Kat. G)","Verantwortlich für die Ausführung der Arbeiten","Männer",7323,3810,5364,9055,10774
"2024","Ostschweiz","> Grenzgänger/innen (Kat. G)","Ohne Kaderfunktion","Geschlecht - Total",6115,4228,5089,7465,9061
"2024","Ostschweiz","> Grenzgänger/innen (Kat. G)","Ohne Kaderfunktion","Frauen",5753,3920,4642,7412,8867
"2024","Ostschweiz","> Grenzgänger/innen (Kat. G)","Ohne Kaderfunktion","Männer",6189,4389,5294,7493,9115
"2024","Ostschweiz","> Andere","Berufliche Stellung - Total","Geschlecht - Total",4799,3810,4091,6017,9014
"2024","Ostschweiz","> Andere","Berufliche Stellung - Total","Frauen",4596,3769,4000,6496,9833
"2024","Ostschweiz","> Andere","Berufliche Stellung - Total","Männer",4873,3810,4095,5912,8287
"2024","Ostschweiz","> Andere","Oberes und mittleres Kader","Geschlecht - Total",11619,6470,7155,17937,23113
"2024","Ostschweiz","> Andere","Oberes und mittleres Kader","Frauen",,,,,
"2024","Ostschweiz","> Andere","Oberes und mittleres Kader","Männer",,,,,
"2024","Ostschweiz","> Andere","Unteres Kader","Geschlecht - Total",,,,,
"2024","Ostschweiz","> Andere","Unteres Kader","Frauen",,,,,
"2024","Ostschweiz","> Andere","Unteres Kader","Männer",,,,,
"2024","Ostschweiz","> Andere","Verantwortlich für die Ausführung der Arbeiten","Geschlecht - Total",,,,,
"2024","Ostschweiz","> Andere","Verantwortlich für die Ausführung der Arbeiten","Frauen",,,,,
"2024","Ostschweiz","> Andere","Verantwortlich für die Ausführung der Arbeiten","Männer",,,,,
"2024","Ostschweiz","> Andere","Ohne Kaderfunktion","Geschlecht - Total",4670,3769,4077,5561,7769
"2024","Ostschweiz","> Andere","Ohne Kaderfunktion","Frauen",4557,3751,3995,6005,9787
"2024","Ostschweiz","> Andere","Ohne Kaderfunktion","Männer",4766,3795,4091,5463,6989
"2024","Zentralschweiz","Schweizer/innen und Ausländer/innen - Total","Berufliche Stellung - Total","Geschlecht - Total",7092,4745,5653,9365,12856
"2024","Zentralschweiz","Schweizer/innen und Ausländer/innen - Total","Berufliche Stellung - Total","Frauen",6664,4508,5222,8516,11171
"2024","Zentralschweiz","Schweizer/innen und Ausländer/innen - Total","Berufliche Stellung - Total","Männer",7398,5030,5951,9990,13867
"2024","Zentralschweiz","Schweizer/innen und Ausländer/innen - Total","Oberes und mittleres Kader","Geschlecht - Total",10736,6190,7968,15137,23022
"2024","Zentralschweiz","Schweizer/innen und Ausländer/innen - Total","Oberes und mittleres Kader","Frauen",9524,5158,7063,13559,21238
"2024","Zentralschweiz","Schweizer/innen und Ausländer/innen - Total","Oberes und mittleres Kader","Männer",11231,6519,8341,15510,23648
"2024","Zentralschweiz","Schweizer/innen und Ausländer/innen - Total","Unteres Kader","Geschlecht - Total",9132,5854,7300,11448,14926
"2024","Zentralschweiz","Schweizer/innen und Ausländer/innen - Total","Unteres Kader","Frauen",8808,5551,6976,11039,14952
"2024","Zentralschweiz","Schweizer/innen und Ausländer/innen - Total","Unteres Kader","Männer",9328,6017,7489,11621,14919
"2024","Zentralschweiz","Schweizer/innen und Ausländer/innen - Total","Verantwortlich für die Ausführung der Arbeiten","Geschlecht - Total",7798,5333,6499,9628,11979
"2024","Zentralschweiz","Schweizer/innen und Ausländer/innen - Total","Verantwortlich für die Ausführung der Arbeiten","Frauen",7358,4939,5898,8980,10989
"2024","Zentralschweiz","Schweizer/innen und Ausländer/innen - Total","Verantwortlich für die Ausführung der Arbeiten","Männer",8092,5775,6837,10027,12476
"2024","Zentralschweiz","Schweizer/innen und Ausländer/innen - Total","Ohne Kaderfunktion","Geschlecht - Total",6454,4582,5319,7950,10053
"2024","Zentralschweiz","Schweizer/innen und Ausländer/innen - Total","Ohne Kaderfunktion","Frauen",6218,4427,5036,7736,9594
"2024","Zentralschweiz","Schweizer/innen und Ausländer/innen - Total","Ohne Kaderfunktion","Männer",6621,4797,5566,8130,10460
"2024","Zentralschweiz","Schweizer/innen","Berufliche Stellung - Total","Geschlecht - Total",7334,4980,5942,9460,12561
"2024","Zentralschweiz","Schweizer/innen","Berufliche Stellung - Total","Frauen",6808,4698,5473,8486,10687
"2024","Zentralschweiz","Schweizer/innen","Berufliche Stellung - Total","Männer",7785,5319,6315,10250,13705
"2024","Zentralschweiz","Schweizer/innen","Oberes und mittleres Kader","Geschlecht - Total",10391,6221,7935,14039,19264
"2024","Zentralschweiz","Schweizer/innen","Oberes und mittleres Kader","Frauen",8920,5138,6889,11920,16068
"2024","Zentralschweiz","Schweizer/innen","Oberes und mittleres Kader","Männer",10983,6699,8461,14580,20190
"2024","Zentralschweiz","Schweizer/innen","Unteres Kader","Geschlecht - Total",9053,5973,7406,11000,13841
"2024","Zentralschweiz","Schweizer/innen","Unteres Kader","Frauen",8580,5543,6921,10384,13357
"2024","Zentralschweiz","Schweizer/innen","Unteres Kader","Männer",9366,6382,7756,11326,14047
"2024","Zentralschweiz","Schweizer/innen","Verantwortlich für die Ausführung der Arbeiten","Geschlecht - Total",7788,5414,6582,9436,11532
"2024","Zentralschweiz","Schweizer/innen","Verantwortlich für die Ausführung der Arbeiten","Frauen",7309,4986,5989,8846,10442
"2024","Zentralschweiz","Schweizer/innen","Verantwortlich für die Ausführung der Arbeiten","Männer",8108,5993,6977,9906,12087
"2024","Zentralschweiz","Schweizer/innen","Ohne Kaderfunktion","Geschlecht - Total",6716,4814,5583,8122,10065
"2024","Zentralschweiz","Schweizer/innen","Ohne Kaderfunktion","Frauen",6438,4608,5279,7807,9518
"2024","Zentralschweiz","Schweizer/innen","Ohne Kaderfunktion","Männer",6939,5078,5870,8440,10590
"2024","Zentralschweiz","Ausländer/innen","Berufliche Stellung - Total","Geschlecht - Total",6365,4348,5093,8923,14118
"2024","Zentralschweiz","Ausländer/innen","Berufliche Stellung - Total","Frauen",5950,4131,4700,8700,13164
"2024","Zentralschweiz","Ausländer/innen","Berufliche Stellung - Total","Männer",6500,4550,5380,9077,14694
"2024","Zentralschweiz","Ausländer/innen","Oberes und mittleres Kader","Geschlecht - Total",13166,5893,8117,22212,35612
"2024","Zentralschweiz","Ausländer/innen","Oberes und mittleres Kader","Frauen",14167,5893,8749,22476,32449
"2024","Zentralschweiz","Ausländer/innen","Oberes und mittleres Kader","Männer",12921,5900,8003,22212,39533
"2024","Zentralschweiz","Ausländer/innen","Unteres Kader","Geschlecht - Total",9426,5608,7048,12942,17442
"2024","Zentralschweiz","Ausländer/innen","Unteres Kader","Frauen",10178,5670,7437,13465,17615
"2024","Zentralschweiz","Ausländer/innen","Unteres Kader","Männer",9167,5608,6893,12690,17200
"2024","Zentralschweiz","Ausländer/innen","Verantwortlich für die Ausführung der Arbeiten","Geschlecht - Total",7851,5011,6106,10490,14371
"2024","Zentralschweiz","Ausländer/innen","Verantwortlich für die Ausführung der Arbeiten","Frauen",7650,4547,5661,10208,14368
"2024","Zentralschweiz","Ausländer/innen","Verantwortlich für die Ausführung der Arbeiten","Männer",7968,5345,6381,10644,14371
"2024","Zentralschweiz","Ausländer/innen","Ohne Kaderfunktion","Geschlecht - Total",5878,4220,4862,7377,10022
"2024","Zentralschweiz","Ausländer/innen","Ohne Kaderfunktion","Frauen",5391,4053,4555,7361,9946
"2024","Zentralschweiz","Ausländer/innen","Ohne Kaderfunktion","Männer",6058,4407,5141,7383,10095
"2024","Zentralschweiz","> Kurzaufenthalter/innen (Kat. L)","Berufliche Stellung - Total","Geschlecht - Total",5417,3884,4430,6245,7435
"2024","Zentralschweiz","> Kurzaufenthalter/innen (Kat. L)","Berufliche Stellung - Total","Frauen",4481,3685,4077,4963,7210
"2024","Zentralschweiz","> Kurzaufenthalter/innen (Kat. L)","Berufliche Stellung - Total","Männer",5705,4000,4636,6397,7435
"2024","Zentralschweiz","> Kurzaufenthalter/innen (Kat. L)","Oberes und mittleres Kader","Geschlecht - Total",,,,,
"2024","Zentralschweiz","> Kurzaufenthalter/innen (Kat. L)","Oberes und mittleres Kader","Frauen",,,,,
"2024","Zentralschweiz","> Kurzaufenthalter/innen (Kat. L)","Oberes und mittleres Kader","Männer",,,,,
"2024","Zentralschweiz","> Kurzaufenthalter/innen (Kat. L)","Unteres Kader","Geschlecht - Total",,,,,
"2024","Zentralschweiz","> Kurzaufenthalter/innen (Kat. L)","Unteres Kader","Frauen",,,,,
"2024","Zentralschweiz","> Kurzaufenthalter/innen (Kat. L)","Unteres Kader","Männer",,,,,
"2024","Zentralschweiz","> Kurzaufenthalter/innen (Kat. L)","Verantwortlich für die Ausführung der Arbeiten","Geschlecht - Total",,,,,
"2024","Zentralschweiz","> Kurzaufenthalter/innen (Kat. L)","Verantwortlich für die Ausführung der Arbeiten","Frauen",,,,,
"2024","Zentralschweiz","> Kurzaufenthalter/innen (Kat. L)","Verantwortlich für die Ausführung der Arbeiten","Männer",,,,,
"2024","Zentralschweiz","> Kurzaufenthalter/innen (Kat. L)","Ohne Kaderfunktion","Geschlecht - Total",5397,3882,4430,6219,7308
"2024","Zentralschweiz","> Kurzaufenthalter/innen (Kat. L)","Ohne Kaderfunktion","Frauen",4463,3684,4072,4912,6522
"2024","Zentralschweiz","> Kurzaufenthalter/innen (Kat. L)","Ohne Kaderfunktion","Männer",5703,3989,4620,6364,7405
"2024","Zentralschweiz","> Aufenthalter/innen (Kat. B)","Berufliche Stellung - Total","Geschlecht - Total",6038,4228,4849,8730,13802
"2024","Zentralschweiz","> Aufenthalter/innen (Kat. B)","Berufliche Stellung - Total","Frauen",5890,4018,4516,8750,13475
"2024","Zentralschweiz","> Aufenthalter/innen (Kat. B)","Berufliche Stellung - Total","Männer",6076,4399,5091,8722,14024
"2024","Zentralschweiz","> Aufenthalter/innen (Kat. B)","Oberes und mittleres Kader","Geschlecht - Total",13443,5394,7221,23674,39533
"2024","Zentralschweiz","> Aufenthalter/innen (Kat. B)","Oberes und mittleres Kader","Frauen",17524,6367,9524,27401,36706
"2024","Zentralschweiz","> Aufenthalter/innen (Kat. B)","Oberes und mittleres Kader","Männer",12043,5184,7014,22892,40312
"2024","Zentralschweiz","> Aufenthalter/innen (Kat. B)","Unteres Kader","Geschlecht - Total",9287,5176,6304,12811,16808
"2024","Zentralschweiz","> Aufenthalter/innen (Kat. B)","Unteres Kader","Frauen",10520,5673,7631,13992,16989
"2024","Zentralschweiz","> Aufenthalter/innen (Kat. B)","Unteres Kader","Männer",8727,5125,6008,12316,16758
"2024","Zentralschweiz","> Aufenthalter/innen (Kat. B)","Verantwortlich für die Ausführung der Arbeiten","Geschlecht - Total",7923,4539,5926,11394,14927
"2024","Zentralschweiz","> Aufenthalter/innen (Kat. B)","Verantwortlich für die Ausführung der Arbeiten","Frauen",7867,4352,5843,10713,14815
"2024","Zentralschweiz","> Aufenthalter/innen (Kat. B)","Verantwortlich für die Ausführung der Arbeiten","Männer",8022,5089,5926,11956,15446
"2024","Zentralschweiz","> Aufenthalter/innen (Kat. B)","Ohne Kaderfunktion","Geschlecht - Total",5646,4123,4690,7243,10214
"2024","Zentralschweiz","> Aufenthalter/innen (Kat. B)","Ohne Kaderfunktion","Frauen",5256,3943,4411,7463,9992
"2024","Zentralschweiz","> Aufenthalter/innen (Kat. B)","Ohne Kaderfunktion","Männer",5771,4332,4911,7158,10392
"2024","Zentralschweiz","> Niedergelassene (Kat. C)","Berufliche Stellung - Total","Geschlecht - Total",6689,4665,5425,9312,14523
"2024","Zentralschweiz","> Niedergelassene (Kat. C)","Berufliche Stellung - Total","Frauen",6055,4337,4878,8750,13054
"2024","Zentralschweiz","> Niedergelassene (Kat. C)","Berufliche Stellung - Total","Männer",6939,5054,5808,9662,15415
"2024","Zentralschweiz","> Niedergelassene (Kat. C)","Oberes und mittleres Kader","Geschlecht - Total",12820,6422,8505,20833,31845
"2024","Zentralschweiz","> Niedergelassene (Kat. C)","Oberes und mittleres Kader","Frauen",12822,4974,8500,20099,27705
"2024","Zentralschweiz","> Niedergelassene (Kat. C)","Oberes und mittleres Kader","Männer",12667,6500,8507,20960,35000
"2024","Zentralschweiz","> Niedergelassene (Kat. C)","Unteres Kader","Geschlecht - Total",9524,5759,7366,13102,17890
"2024","Zentralschweiz","> Niedergelassene (Kat. C)","Unteres Kader","Frauen",10053,5685,7450,13413,17787
"2024","Zentralschweiz","> Niedergelassene (Kat. C)","Unteres Kader","Männer",9342,5846,7321,13000,18025
"2024","Zentralschweiz","> Niedergelassene (Kat. C)","Verantwortlich für die Ausführung der Arbeiten","Geschlecht - Total",7799,5332,6370,10092,13434
"2024","Zentralschweiz","> Niedergelassene (Kat. C)","Verantwortlich für die Ausführung der Arbeiten","Frauen",7511,4878,5627,9761,12841
"2024","Zentralschweiz","> Niedergelassene (Kat. C)","Verantwortlich für die Ausführung der Arbeiten","Männer",7963,5740,6637,10274,13881
"2024","Zentralschweiz","> Niedergelassene (Kat. C)","Ohne Kaderfunktion","Geschlecht - Total",6137,4535,5145,7531,10077
"2024","Zentralschweiz","> Niedergelassene (Kat. C)","Ohne Kaderfunktion","Frauen",5554,4221,4743,7377,9921
"2024","Zentralschweiz","> Niedergelassene (Kat. C)","Ohne Kaderfunktion","Männer",6376,4916,5559,7627,10192
"2024","Zentralschweiz","> Grenzgänger/innen (Kat. G)","Berufliche Stellung - Total","Geschlecht - Total",7626,4762,5949,10552,17173
"2024","Zentralschweiz","> Grenzgänger/innen (Kat. G)","Berufliche Stellung - Total","Frauen",7206,4738,5944,10488,15189
"2024","Zentralschweiz","> Grenzgänger/innen (Kat. G)","Berufliche Stellung - Total","Männer",7720,4762,5951,10605,18123
"2024","Zentralschweiz","> Grenzgänger/innen (Kat. G)","Oberes und mittleres Kader","Geschlecht - Total",16856,6863,10354,29993,50541
"2024","Zentralschweiz","> Grenzgänger/innen (Kat. G)","Oberes und mittleres Kader","Frauen",,,,,
"2024","Zentralschweiz","> Grenzgänger/innen (Kat. G)","Oberes und mittleres Kader","Männer",18581,6577,10538,30450,55575
"2024","Zentralschweiz","> Grenzgänger/innen (Kat. G)","Unteres Kader","Geschlecht - Total",9443,5161,6181,12155,15074
"2024","Zentralschweiz","> Grenzgänger/innen (Kat. G)","Unteres Kader","Frauen",,,,,
"2024","Zentralschweiz","> Grenzgänger/innen (Kat. G)","Unteres Kader","Männer",9730,5161,5949,12258,15447
"2024","Zentralschweiz","> Grenzgänger/innen (Kat. G)","Verantwortlich für die Ausführung der Arbeiten","Geschlecht - Total",9057,6422,7397,11031,12915
"2024","Zentralschweiz","> Grenzgänger/innen (Kat. G)","Verantwortlich für die Ausführung der Arbeiten","Frauen",,,,,
"2024","Zentralschweiz","> Grenzgänger/innen (Kat. G)","Verantwortlich für die Ausführung der Arbeiten","Männer",8971,6422,7397,11154,12510
"2024","Zentralschweiz","> Grenzgänger/innen (Kat. G)","Ohne Kaderfunktion","Geschlecht - Total",7040,4499,5556,8675,11149
"2024","Zentralschweiz","> Grenzgänger/innen (Kat. G)","Ohne Kaderfunktion","Frauen",6757,4539,5569,8775,12500
"2024","Zentralschweiz","> Grenzgänger/innen (Kat. G)","Ohne Kaderfunktion","Männer",7099,4449,5555,8628,10756
"2024","Zentralschweiz","> Andere","Berufliche Stellung - Total","Geschlecht - Total",4511,1987,3857,5454,9235
"2024","Zentralschweiz","> Andere","Berufliche Stellung - Total","Frauen",4824,3787,4174,6667,12550
"2024","Zentralschweiz","> Andere","Berufliche Stellung - Total","Männer",4264,1978,3643,5338,7366
"2024","Zentralschweiz","> Andere","Oberes und mittleres Kader","Geschlecht - Total",14500,5893,7024,24118,36494
"2024","Zentralschweiz","> Andere","Oberes und mittleres Kader","Frauen",,,,,
"2024","Zentralschweiz","> Andere","Oberes und mittleres Kader","Männer",,,,,
"2024","Zentralschweiz","> Andere","Unteres Kader","Geschlecht - Total",,,,,
"2024","Zentralschweiz","> Andere","Unteres Kader","Frauen",,,,,
"2024","Zentralschweiz","> Andere","Unteres Kader","Männer",,,,,
"2024","Zentralschweiz","> Andere","Verantwortlich für die Ausführung der Arbeiten","Geschlecht - Total",,,,,
"2024","Zentralschweiz","> Andere","Verantwortlich für die Ausführung der Arbeiten","Frauen",,,,,
"2024","Zentralschweiz","> Andere","Verantwortlich für die Ausführung der Arbeiten","Männer",,,,,
"2024","Zentralschweiz","> Andere","Ohne Kaderfunktion","Geschlecht - Total",4365,1987,3810,5227,6747
"2024","Zentralschweiz","> Andere","Ohne Kaderfunktion","Frauen",4659,3744,4020,5810,9016
"2024","Zentralschweiz","> Andere","Ohne Kaderfunktion","Männer",4109,1942,3440,5059,6108
"2024","Ticino","Schweizer/innen und Ausländer/innen - Total","Berufliche Stellung - Total","Geschlecht - Total",5708,3783,4478,7569,10012
"2024","Ticino","Schweizer/innen und Ausländer/innen - Total","Berufliche Stellung - Total","Frauen",5411,3671,4233,7174,8982
"2024","Ticino","Schweizer/innen und Ausländer/innen - Total","Berufliche Stellung - Total","Männer",5872,3882,4690,7841,10814
"2024","Ticino","Schweizer/innen und Ausländer/innen - Total","Oberes und mittleres Kader","Geschlecht - Total",9132,4598,6346,12928,19153
"2024","Ticino","Schweizer/innen und Ausländer/innen - Total","Oberes und mittleres Kader","Frauen",7814,4178,5517,10614,15706
"2024","Ticino","Schweizer/innen und Ausländer/innen - Total","Oberes und mittleres Kader","Männer",9603,4889,6839,13841,20631
"2024","Ticino","Schweizer/innen und Ausländer/innen - Total","Unteres Kader","Geschlecht - Total",7257,4630,5714,9238,12188
"2024","Ticino","Schweizer/innen und Ausländer/innen - Total","Unteres Kader","Frauen",7041,4436,5577,8580,10486
"2024","Ticino","Schweizer/innen und Ausländer/innen - Total","Unteres Kader","Männer",7423,4837,5802,9941,12892
"2024","Ticino","Schweizer/innen und Ausländer/innen - Total","Verantwortlich für die Ausführung der Arbeiten","Geschlecht - Total",6116,4300,5101,7559,9145
"2024","Ticino","Schweizer/innen und Ausländer/innen - Total","Verantwortlich für die Ausführung der Arbeiten","Frauen",5975,4000,4927,7549,8908
"2024","Ticino","Schweizer/innen und Ausländer/innen - Total","Verantwortlich für die Ausführung der Arbeiten","Männer",6184,4439,5224,7573,9449
"2024","Ticino","Schweizer/innen und Ausländer/innen - Total","Ohne Kaderfunktion","Geschlecht - Total",5254,3688,4239,6621,8405
"2024","Ticino","Schweizer/innen und Ausländer/innen - Total","Ohne Kaderfunktion","Frauen",5043,3592,4030,6560,8333
"2024","Ticino","Schweizer/innen und Ausländer/innen - Total","Ohne Kaderfunktion","Männer",5377,3770,4396,6662,8432
"2024","Ticino","Schweizer/innen","Berufliche Stellung - Total","Geschlecht - Total",6719,4474,5398,8741,11224
"2024","Ticino","Schweizer/innen","Berufliche Stellung - Total","Frauen",6283,4290,5116,7979,9645
"2024","Ticino","Schweizer/innen","Berufliche Stellung - Total","Männer",7114,4736,5678,9507,12794
"2024","Ticino","Schweizer/innen","Oberes und mittleres Kader","Geschlecht - Total",9628,5159,6858,13393,19059
"2024","Ticino","Schweizer/innen","Oberes und mittleres Kader","Frauen",8040,4576,5832,10670,14903
"2024","Ticino","Schweizer/innen","Oberes und mittleres Kader","Männer",10090,5416,7530,14422,21108
"2024","Ticino","Schweizer/innen","Unteres Kader","Geschlecht - Total",7722,5301,6433,9799,12500
"2024","Ticino","Schweizer/innen","Unteres Kader","Frauen",7099,4582,5976,8580,10154
"2024","Ticino","Schweizer/innen","Unteres Kader","Männer",8597,5734,6860,11045,13539
"2024","Ticino","Schweizer/innen","Verantwortlich für die Ausführung der Arbeiten","Geschlecht - Total",6589,4832,5596,8019,9300
"2024","Ticino","Schweizer/innen","Verantwortlich für die Ausführung der Arbeiten","Frauen",6371,4707,5389,7820,8939
"2024","Ticino","Schweizer/innen","Verantwortlich für die Ausführung der Arbeiten","Männer",6728,5040,5821,8252,9799
"2024","Ticino","Schweizer/innen","Ohne Kaderfunktion","Geschlecht - Total",6216,4333,5100,7803,9392
"2024","Ticino","Schweizer/innen","Ohne Kaderfunktion","Frauen",6029,4183,4943,7564,9009
"2024","Ticino","Schweizer/innen","Ohne Kaderfunktion","Männer",6398,4525,5283,8057,9742
"2024","Ticino","Ausländer/innen","Berufliche Stellung - Total","Geschlecht - Total",5075,3621,4105,6489,8660
"2024","Ticino","Ausländer/innen","Berufliche Stellung - Total","Frauen",4566,3496,3823,6049,8139
"2024","Ticino","Ausländer/innen","Berufliche Stellung - Total","Männer",5315,3723,4338,6679,9018
"2024","Ticino","Ausländer/innen","Oberes und mittleres Kader","Geschlecht - Total",8288,4025,5766,12233,19312
"2024","Ticino","Ausländer/innen","Oberes und mittleres Kader","Frauen",7326,3810,5071,10600,16579
"2024","Ticino","Ausländer/innen","Oberes und mittleres Kader","Männer",8433,4200,6219,12773,20359
"2024","Ticino","Ausländer/innen","Unteres Kader","Geschlecht - Total",6585,4450,5164,8665,11595
"2024","Ticino","Ausländer/innen","Unteres Kader","Frauen",6912,4160,4874,8519,11111
"2024","Ticino","Ausländer/innen","Unteres Kader","Männer",6449,4597,5250,8730,11882
"2024","Ticino","Ausländer/innen","Verantwortlich für die Ausführung der Arbeiten","Geschlecht - Total",5742,4044,4784,7120,9027
"2024","Ticino","Ausländer/innen","Verantwortlich für die Ausführung der Arbeiten","Frauen",5412,3813,4391,7155,8598
"2024","Ticino","Ausländer/innen","Verantwortlich für die Ausführung der Arbeiten","Männer",5902,4318,4964,7111,9130
"2024","Ticino","Ausländer/innen","Ohne Kaderfunktion","Geschlecht - Total",4741,3572,3935,5847,7247
"2024","Ticino","Ausländer/innen","Ohne Kaderfunktion","Frauen",4332,3467,3781,5473,7145
"2024","Ticino","Ausländer/innen","Ohne Kaderfunktion","Männer",4964,3661,4132,5980,7300
"2024","Ticino","> Kurzaufenthalter/innen (Kat. L)","Berufliche Stellung - Total","Geschlecht - Total",4466,3576,3818,5649,8777
"2024","Ticino","> Kurzaufenthalter/innen (Kat. L)","Berufliche Stellung - Total","Frauen",4084,3494,3782,4705,6492
"2024","Ticino","> Kurzaufenthalter/innen (Kat. L)","Berufliche Stellung - Total","Männer",4803,3684,4102,6667,13278
"2024","Ticino","> Kurzaufenthalter/innen (Kat. L)","Oberes und mittleres Kader","Geschlecht - Total",,,,,
"2024","Ticino","> Kurzaufenthalter/innen (Kat. L)","Oberes und mittleres Kader","Frauen",,,,,
"2024","Ticino","> Kurzaufenthalter/innen (Kat. L)","Oberes und mittleres Kader","Männer",,,,,
"2024","Ticino","> Kurzaufenthalter/innen (Kat. L)","Unteres Kader","Geschlecht - Total",,,,,
"2024","Ticino","> Kurzaufenthalter/innen (Kat. L)","Unteres Kader","Frauen",,,,,
"2024","Ticino","> Kurzaufenthalter/innen (Kat. L)","Unteres Kader","Männer",,,,,
"2024","Ticino","> Kurzaufenthalter/innen (Kat. L)","Verantwortlich für die Ausführung der Arbeiten","Geschlecht - Total",,,,,
"2024","Ticino","> Kurzaufenthalter/innen (Kat. L)","Verantwortlich für die Ausführung der Arbeiten","Frauen",,,,,
"2024","Ticino","> Kurzaufenthalter/innen (Kat. L)","Verantwortlich für die Ausführung der Arbeiten","Männer",,,,,
"2024","Ticino","> Kurzaufenthalter/innen (Kat. L)","Ohne Kaderfunktion","Geschlecht - Total",4383,3494,3803,5125,6745
"2024","Ticino","> Kurzaufenthalter/innen (Kat. L)","Ohne Kaderfunktion","Frauen",4000,3494,3754,4621,6285
"2024","Ticino","> Kurzaufenthalter/innen (Kat. L)","Ohne Kaderfunktion","Männer",4608,3651,3883,5373,6903
"2024","Ticino","> Aufenthalter/innen (Kat. B)","Berufliche Stellung - Total","Geschlecht - Total",5236,3754,4297,6974,9206
"2024","Ticino","> Aufenthalter/innen (Kat. B)","Berufliche Stellung - Total","Frauen",4771,3696,4021,6377,8224
"2024","Ticino","> Aufenthalter/innen (Kat. B)","Berufliche Stellung - Total","Männer",5517,3859,4493,7464,9975
"2024","Ticino","> Aufenthalter/innen (Kat. B)","Oberes und mittleres Kader","Geschlecht - Total",8303,4565,6230,12864,21654
"2024","Ticino","> Aufenthalter/innen (Kat. B)","Oberes und mittleres Kader","Frauen",9265,4826,5974,14667,19220
"2024","Ticino","> Aufenthalter/innen (Kat. B)","Oberes und mittleres Kader","Männer",8034,4565,6292,12143,22836
"2024","Ticino","> Aufenthalter/innen (Kat. B)","Unteres Kader","Geschlecht - Total",7173,4436,5107,9867,12535
"2024","Ticino","> Aufenthalter/innen (Kat. B)","Unteres Kader","Frauen",6969,4351,4436,8869,12432
"2024","Ticino","> Aufenthalter/innen (Kat. B)","Unteres Kader","Männer",7407,4591,5730,10420,12535
"2024","Ticino","> Aufenthalter/innen (Kat. B)","Verantwortlich für die Ausführung der Arbeiten","Geschlecht - Total",6000,4318,4937,7717,10312
"2024","Ticino","> Aufenthalter/innen (Kat. B)","Verantwortlich für die Ausführung der Arbeiten","Frauen",5799,4000,4332,7692,10260
"2024","Ticino","> Aufenthalter/innen (Kat. B)","Verantwortlich für die Ausführung der Arbeiten","Männer",6043,4342,5188,7948,10380
"2024","Ticino","> Aufenthalter/innen (Kat. B)","Ohne Kaderfunktion","Geschlecht - Total",4895,3708,4127,6223,7630
"2024","Ticino","> Aufenthalter/innen (Kat. B)","Ohne Kaderfunktion","Frauen",4548,3651,3940,5874,7303
"2024","Ticino","> Aufenthalter/innen (Kat. B)","Ohne Kaderfunktion","Männer",5148,3770,4280,6370,7920
"2024","Ticino","> Niedergelassene (Kat. C)","Berufliche Stellung - Total","Geschlecht - Total",5818,3912,4651,7809,11172
"2024","Ticino","> Niedergelassene (Kat. C)","Berufliche Stellung - Total","Frauen",5231,3783,4295,7029,9228
"2024","Ticino","> Niedergelassene (Kat. C)","Berufliche Stellung - Total","Männer",6178,4184,5002,8404,12605
"2024","Ticino","> Niedergelassene (Kat. C)","Oberes und mittleres Kader","Geschlecht - Total",8499,3709,5416,13562,21930
"2024","Ticino","> Niedergelassene (Kat. C)","Oberes und mittleres Kader","Frauen",6565,2991,4178,10496,16839
"2024","Ticino","> Niedergelassene (Kat. C)","Oberes und mittleres Kader","Männer",9257,3810,6154,14612,22329
"2024","Ticino","> Niedergelassene (Kat. C)","Unteres Kader","Geschlecht - Total",7487,4807,5786,10006,13206
"2024","Ticino","> Niedergelassene (Kat. C)","Unteres Kader","Frauen",7298,4832,5786,9252,11998
"2024","Ticino","> Niedergelassene (Kat. C)","Unteres Kader","Männer",7661,4799,5926,10235,13792
"2024","Ticino","> Niedergelassene (Kat. C)","Verantwortlich für die Ausführung der Arbeiten","Geschlecht - Total",6329,4400,5133,7713,9872
"2024","Ticino","> Niedergelassene (Kat. C)","Verantwortlich für die Ausführung der Arbeiten","Frauen",6070,4022,4930,7549,9398
"2024","Ticino","> Niedergelassene (Kat. C)","Verantwortlich für die Ausführung der Arbeiten","Männer",6393,4525,5477,7858,10111
"2024","Ticino","> Niedergelassene (Kat. C)","Ohne Kaderfunktion","Geschlecht - Total",5318,3874,4470,6610,8476
"2024","Ticino","> Niedergelassene (Kat. C)","Ohne Kaderfunktion","Frauen",4951,3783,4191,6174,8161
"2024","Ticino","> Niedergelassene (Kat. C)","Ohne Kaderfunktion","Männer",5659,4139,4744,6911,8714
"2024","Ticino","> Grenzgänger/innen (Kat. G)","Berufliche Stellung - Total","Geschlecht - Total",4846,3564,3956,6090,7915
"2024","Ticino","> Grenzgänger/innen (Kat. G)","Berufliche Stellung - Total","Frauen",4309,3459,3735,5670,7662
"2024","Ticino","> Grenzgänger/innen (Kat. G)","Berufliche Stellung - Total","Männer",5099,3662,4182,6228,8015
"2024","Ticino","> Grenzgänger/innen (Kat. G)","Oberes und mittleres Kader","Geschlecht - Total",8123,4246,5800,10956,16579
"2024","Ticino","> Grenzgänger/innen (Kat. G)","Oberes und mittleres Kader","Frauen",7332,4279,5166,10000,15108
"2024","Ticino","> Grenzgänger/innen (Kat. G)","Oberes und mittleres Kader","Männer",8284,4246,6189,11520,17564
"2024","Ticino","> Grenzgänger/innen (Kat. G)","Unteres Kader","Geschlecht - Total",6183,4354,5000,8132,10302
"2024","Ticino","> Grenzgänger/innen (Kat. G)","Unteres Kader","Frauen",6383,4002,4621,8431,9950
"2024","Ticino","> Grenzgänger/innen (Kat. G)","Unteres Kader","Männer",6133,4542,5133,7970,10497
"2024","Ticino","> Grenzgänger/innen (Kat. G)","Verantwortlich für die Ausführung der Arbeiten","Geschlecht - Total",5589,3948,4644,6843,8493
"2024","Ticino","> Grenzgänger/innen (Kat. G)","Verantwortlich für die Ausführung der Arbeiten","Frauen",5258,3757,4268,6614,8232
"2024","Ticino","> Grenzgänger/innen (Kat. G)","Verantwortlich für die Ausführung der Arbeiten","Männer",5708,4182,4848,6885,8597
"2024","Ticino","> Grenzgänger/innen (Kat. G)","Ohne Kaderfunktion","Geschlecht - Total",4557,3509,3823,5646,6816
"2024","Ticino","> Grenzgänger/innen (Kat. G)","Ohne Kaderfunktion","Frauen",4120,3433,3654,5140,6722
"2024","Ticino","> Grenzgänger/innen (Kat. G)","Ohne Kaderfunktion","Männer",4823,3605,4006,5768,6846
"2024","Ticino","> Andere","Berufliche Stellung - Total","Geschlecht - Total",4515,3653,3915,5765,7498
"2024","Ticino","> Andere","Berufliche Stellung - Total","Frauen",4428,3524,3897,5042,6841
"2024","Ticino","> Andere","Berufliche Stellung - Total","Männer",4751,3653,3923,6709,8062
"2024","Ticino","> Andere","Oberes und mittleres Kader","Geschlecht - Total",,,,,
"2024","Ticino","> Andere","Oberes und mittleres Kader","Frauen",,,,,
"2024","Ticino","> Andere","Oberes und mittleres Kader","Männer",,,,,
"2024","Ticino","> Andere","Unteres Kader","Geschlecht - Total",,,,,
"2024","Ticino","> Andere","Unteres Kader","Frauen",,,,,
"2024","Ticino","> Andere","Unteres Kader","Männer",,,,,
"2024","Ticino","> Andere","Verantwortlich für die Ausführung der Arbeiten","Geschlecht - Total",,,,,
"2024","Ticino","> Andere","Verantwortlich für die Ausführung der Arbeiten","Frauen",,,,,
"2024","Ticino","> Andere","Verantwortlich für die Ausführung der Arbeiten","Männer",,,,,
"2024","Ticino","> Andere","Ohne Kaderfunktion","Geschlecht - Total",4428,3645,3915,5444,7261
"2024","Ticino","> Andere","Ohne Kaderfunktion","Frauen",4286,3504,3893,5151,6551
"2024","Ticino","> Andere","Ohne Kaderfunktion","Männer",4629,3653,3917,6067,7271
"2022","Schweiz","Schweizer/innen und Ausländer/innen - Total","Berufliche Stellung - Total","Geschlecht - Total",6788,4487,5365,9014,12178
"2022","Schweiz","Schweizer/innen und Ausländer/innen - Total","Berufliche Stellung - Total","Frauen",6397,4271,5000,8276,10703
"2022","Schweiz","Schweizer/innen und Ausländer/innen - Total","Berufliche Stellung - Total","Männer",7066,4703,5633,9594,13137
"2022","Schweiz","Schweizer/innen und Ausländer/innen - Total","Oberes und mittleres Kader","Geschlecht - Total",10683,5962,7899,14588,20933
"2022","Schweiz","Schweizer/innen und Ausländer/innen - Total","Oberes und mittleres Kader","Frauen",9565,5259,7157,12807,17807
"2022","Schweiz","Schweizer/innen und Ausländer/innen - Total","Oberes und mittleres Kader","Männer",11212,6270,8249,15293,22022
"2022","Schweiz","Schweizer/innen und Ausländer/innen - Total","Unteres Kader","Geschlecht - Total",8915,5657,7119,11163,13765
"2022","Schweiz","Schweizer/innen und Ausländer/innen - Total","Unteres Kader","Frauen",8317,5185,6577,10402,12925
"2022","Schweiz","Schweizer/innen und Ausländer/innen - Total","Unteres Kader","Männer",9293,6052,7443,11551,14203
"2022","Schweiz","Schweizer/innen und Ausländer/innen - Total","Verantwortlich für die Ausführung der Arbeiten","Geschlecht - Total",7427,5082,6083,9253,11483
"2022","Schweiz","Schweizer/innen und Ausländer/innen - Total","Verantwortlich für die Ausführung der Arbeiten","Frauen",7075,4749,5719,8719,10703
"2022","Schweiz","Schweizer/innen und Ausländer/innen - Total","Verantwortlich für die Ausführung der Arbeiten","Männer",7635,5350,6314,9582,11818
"2022","Schweiz","Schweizer/innen und Ausländer/innen - Total","Ohne Kaderfunktion","Geschlecht - Total",6165,4329,5032,7646,9601
"2022","Schweiz","Schweizer/innen und Ausländer/innen - Total","Ohne Kaderfunktion","Frauen",5944,4146,4784,7458,9209
"2022","Schweiz","Schweizer/innen und Ausländer/innen - Total","Ohne Kaderfunktion","Männer",6305,4496,5247,7798,9910
"2022","Schweiz","Schweizer/innen","Berufliche Stellung - Total","Geschlecht - Total",7164,4768,5719,9368,12330
"2022","Schweiz","Schweizer/innen","Berufliche Stellung - Total","Frauen",6649,4534,5302,8400,10623
"2022","Schweiz","Schweizer/innen","Berufliche Stellung - Total","Männer",7615,5078,6072,10146,13493
"2022","Schweiz","Schweizer/innen","Oberes und mittleres Kader","Geschlecht - Total",10476,6053,7899,14028,19349
"2022","Schweiz","Schweizer/innen","Oberes und mittleres Kader","Frauen",9379,5286,7094,12129,16049
"2022","Schweiz","Schweizer/innen","Oberes und mittleres Kader","Männer",11042,6397,8254,14745,20440
"2022","Schweiz","Schweizer/innen","Unteres Kader","Geschlecht - Total",8873,5821,7193,10953,13219
"2022","Schweiz","Schweizer/innen","Unteres Kader","Frauen",8189,5276,6569,10141,12262
"2022","Schweiz","Schweizer/innen","Unteres Kader","Männer",9308,6293,7576,11368,13628
"2022","Schweiz","Schweizer/innen","Verantwortlich für die Ausführung der Arbeiten","Geschlecht - Total",7563,5284,6271,9294,11365
"2022","Schweiz","Schweizer/innen","Verantwortlich für die Ausführung der Arbeiten","Frauen",7112,4885,5830,8616,10391
"2022","Schweiz","Schweizer/innen","Verantwortlich für die Ausführung der Arbeiten","Männer",7879,5649,6588,9745,11803
"2022","Schweiz","Schweizer/innen","Ohne Kaderfunktion","Geschlecht - Total",6496,4600,5351,7963,9829
"2022","Schweiz","Schweizer/innen","Ohne Kaderfunktion","Frauen",6236,4437,5088,7648,9312
"2022","Schweiz","Schweizer/innen","Ohne Kaderfunktion","Männer",6712,4814,5606,8255,10275
"2022","Schweiz","Ausländer/innen","Berufliche Stellung - Total","Geschlecht - Total",6089,4127,4848,8171,11796
"2022","Schweiz","Ausländer/innen","Berufliche Stellung - Total","Frauen",5672,3902,4499,7903,10924
"2022","Schweiz","Ausländer/innen","Berufliche Stellung - Total","Männer",6251,4334,5099,8360,12293
"2022","Schweiz","Ausländer/innen","Oberes und mittleres Kader","Geschlecht - Total",11548,5617,7896,17184,26117
"2022","Schweiz","Ausländer/innen","Oberes und mittleres Kader","Frauen",10730,5159,7461,15621,23365
"2022","Schweiz","Ausländer/innen","Oberes und mittleres Kader","Männer",11918,5842,8114,17917,27358
"2022","Schweiz","Ausländer/innen","Unteres Kader","Geschlecht - Total",9055,5276,6918,11806,15329
"2022","Schweiz","Ausländer/innen","Unteres Kader","Frauen",8720,4951,6619,11226,14563
"2022","Schweiz","Ausländer/innen","Unteres Kader","Männer",9260,5520,7043,12086,15708
"2022","Schweiz","Ausländer/innen","Verantwortlich für die Ausführung der Arbeiten","Geschlecht - Total",7088,4760,5747,9166,11750
"2022","Schweiz","Ausländer/innen","Verantwortlich für die Ausführung der Arbeiten","Frauen",6986,4489,5446,9047,11522
"2022","Schweiz","Ausländer/innen","Verantwortlich für die Ausführung der Arbeiten","Männer",7143,4956,5879,9203,11849
"2022","Schweiz","Ausländer/innen","Ohne Kaderfunktion","Geschlecht - Total",5643,4023,4642,7017,9083
"2022","Schweiz","Ausländer/innen","Ohne Kaderfunktion","Frauen",5205,3807,4336,6927,8908
"2022","Schweiz","Ausländer/innen","Ohne Kaderfunktion","Männer",5821,4213,4865,7059,9182
"2022","Schweiz","> Kurzaufenthalter/innen (Kat. L)","Berufliche Stellung - Total","Geschlecht - Total",4992,3475,4036,6120,7260
"2022","Schweiz","> Kurzaufenthalter/innen (Kat. L)","Berufliche Stellung - Total","Frauen",4286,3435,3773,5394,7398
"2022","Schweiz","> Kurzaufenthalter/innen (Kat. L)","Berufliche Stellung - Total","Männer",5295,3513,4247,6223,7223
"2022","Schweiz","> Kurzaufenthalter/innen (Kat. L)","Oberes und mittleres Kader","Geschlecht - Total",8659,4908,5521,13379,17322
"2022","Schweiz","> Kurzaufenthalter/innen (Kat. L)","Oberes und mittleres Kader","Frauen",8659,5103,6268,10439,14456
"2022","Schweiz","> Kurzaufenthalter/innen (Kat. L)","Oberes und mittleres Kader","Männer",8542,4908,5262,13680,20773
"2022","Schweiz","> Kurzaufenthalter/innen (Kat. L)","Unteres Kader","Geschlecht - Total",5940,4580,4690,8161,11516
"2022","Schweiz","> Kurzaufenthalter/innen (Kat. L)","Unteres Kader","Frauen",6840,4507,4622,8596,10674
"2022","Schweiz","> Kurzaufenthalter/innen (Kat. L)","Unteres Kader","Männer",5400,4690,4690,7732,12178
"2022","Schweiz","> Kurzaufenthalter/innen (Kat. L)","Verantwortlich für die Ausführung der Arbeiten","Geschlecht - Total",5706,4044,4653,6973,8990
"2022","Schweiz","> Kurzaufenthalter/innen (Kat. L)","Verantwortlich für die Ausführung der Arbeiten","Frauen",5741,3713,4436,6693,8119
"2022","Schweiz","> Kurzaufenthalter/innen (Kat. L)","Verantwortlich für die Ausführung der Arbeiten","Männer",5629,4044,4956,7127,9396
"2022","Schweiz","> Kurzaufenthalter/innen (Kat. L)","Ohne Kaderfunktion","Geschlecht - Total",4903,3464,3985,6049,7013
"2022","Schweiz","> Kurzaufenthalter/innen (Kat. L)","Ohne Kaderfunktion","Frauen",4184,3400,3719,5000,6913
"2022","Schweiz","> Kurzaufenthalter/innen (Kat. L)","Ohne Kaderfunktion","Männer",5239,3483,4172,6147,7026
"2022","Schweiz","> Aufenthalter/innen (Kat. B)","Berufliche Stellung - Total","Geschlecht - Total",5743,4000,4579,8048,12050
"2022","Schweiz","> Aufenthalter/innen (Kat. B)","Berufliche Stellung - Total","Frauen",5507,3801,4328,7865,11234
"2022","Schweiz","> Aufenthalter/innen (Kat. B)","Berufliche Stellung - Total","Männer",5841,4148,4746,8179,12596
"2022","Schweiz","> Aufenthalter/innen (Kat. B)","Oberes und mittleres Kader","Geschlecht - Total",12791,5502,8110,20284,32203
"2022","Schweiz","> Aufenthalter/innen (Kat. B)","Oberes und mittleres Kader","Frauen",11900,5164,7578,18169,28070
"2022","Schweiz","> Aufenthalter/innen (Kat. B)","Oberes und mittleres Kader","Männer",13293,5567,8249,21401,34201
"2022","Schweiz","> Aufenthalter/innen (Kat. B)","Unteres Kader","Geschlecht - Total",9251,5139,6893,12216,16188
"2022","Schweiz","> Aufenthalter/innen (Kat. B)","Unteres Kader","Frauen",8730,4879,6508,11367,14751
"2022","Schweiz","> Aufenthalter/innen (Kat. B)","Unteres Kader","Männer",9619,5365,7143,12700,17109
"2022","Schweiz","> Aufenthalter/innen (Kat. B)","Verantwortlich für die Ausführung der Arbeiten","Geschlecht - Total",7222,4589,5625,9583,12593
"2022","Schweiz","> Aufenthalter/innen (Kat. B)","Verantwortlich für die Ausführung der Arbeiten","Frauen",7214,4533,5657,9493,12271
"2022","Schweiz","> Aufenthalter/innen (Kat. B)","Verantwortlich für die Ausführung der Arbeiten","Männer",7229,4631,5598,9683,12832
"2022","Schweiz","> Aufenthalter/innen (Kat. B)","Ohne Kaderfunktion","Geschlecht - Total",5300,3905,4417,6850,9110
"2022","Schweiz","> Aufenthalter/innen (Kat. B)","Ohne Kaderfunktion","Frauen",4973,3733,4168,6910,8884
"2022","Schweiz","> Aufenthalter/innen (Kat. B)","Ohne Kaderfunktion","Männer",5454,4063,4588,6815,9218
"2022","Schweiz","> Niedergelassene (Kat. C)","Berufliche Stellung - Total","Geschlecht - Total",6280,4356,5072,8455,12398
"2022","Schweiz","> Niedergelassene (Kat. C)","Berufliche Stellung - Total","Frauen",5678,4058,4623,8000,11249
"2022","Schweiz","> Niedergelassene (Kat. C)","Berufliche Stellung - Total","Männer",6522,4671,5427,8776,13087
"2022","Schweiz","> Niedergelassene (Kat. C)","Oberes und mittleres Kader","Geschlecht - Total",11495,5694,7886,16931,25267
"2022","Schweiz","> Niedergelassene (Kat. C)","Oberes und mittleres Kader","Frauen",10656,5200,7542,15382,22250
"2022","Schweiz","> Niedergelassene (Kat. C)","Oberes und mittleres Kader","Männer",11911,5959,8121,17707,26607
"2022","Schweiz","> Niedergelassene (Kat. C)","Unteres Kader","Geschlecht - Total",9254,5617,7151,12002,15840
"2022","Schweiz","> Niedergelassene (Kat. C)","Unteres Kader","Frauen",8906,5055,6809,11463,15201
"2022","Schweiz","> Niedergelassene (Kat. C)","Unteres Kader","Männer",9484,5953,7337,12307,16233
"2022","Schweiz","> Niedergelassene (Kat. C)","Verantwortlich für die Ausführung der Arbeiten","Geschlecht - Total",7111,4942,5844,9110,11707
"2022","Schweiz","> Niedergelassene (Kat. C)","Verantwortlich für die Ausführung der Arbeiten","Frauen",6831,4566,5412,9045,11507
"2022","Schweiz","> Niedergelassene (Kat. C)","Verantwortlich für die Ausführung der Arbeiten","Männer",7194,5241,6078,9159,11849
"2022","Schweiz","> Niedergelassene (Kat. C)","Ohne Kaderfunktion","Geschlecht - Total",5787,4235,4833,7067,9174
"2022","Schweiz","> Niedergelassene (Kat. C)","Ohne Kaderfunktion","Frauen",5232,3980,4476,6815,8893
"2022","Schweiz","> Niedergelassene (Kat. C)","Ohne Kaderfunktion","Männer",6040,4540,5179,7186,9367
"2022","Schweiz","> Grenzgänger/innen (Kat. G)","Berufliche Stellung - Total","Geschlecht - Total",6241,4125,4984,8166,11032
"2022","Schweiz","> Grenzgänger/innen (Kat. G)","Berufliche Stellung - Total","Frauen",6005,3815,4616,7956,10385
"2022","Schweiz","> Grenzgänger/innen (Kat. G)","Berufliche Stellung - Total","Männer",6330,4330,5159,8293,11362
"2022","Schweiz","> Grenzgänger/innen (Kat. G)","Oberes und mittleres Kader","Geschlecht - Total",10707,5833,7851,15047,21984
"2022","Schweiz","> Grenzgänger/innen (Kat. G)","Oberes und mittleres Kader","Frauen",9745,4984,7033,13600,19956
"2022","Schweiz","> Grenzgänger/innen (Kat. G)","Oberes und mittleres Kader","Männer",11115,6118,8079,15570,22764
"2022","Schweiz","> Grenzgänger/innen (Kat. G)","Unteres Kader","Geschlecht - Total",8650,5180,6661,11121,13950
"2022","Schweiz","> Grenzgänger/innen (Kat. G)","Unteres Kader","Frauen",8414,5015,6397,10652,13437
"2022","Schweiz","> Grenzgänger/innen (Kat. G)","Unteres Kader","Männer",8744,5237,6753,11292,14187
"2022","Schweiz","> Grenzgänger/innen (Kat. G)","Verantwortlich für die Ausführung der Arbeiten","Geschlecht - Total",6989,4692,5693,8962,11251
"2022","Schweiz","> Grenzgänger/innen (Kat. G)","Verantwortlich für die Ausführung der Arbeiten","Frauen",6953,4336,5421,8751,10919
"2022","Schweiz","> Grenzgänger/innen (Kat. G)","Verantwortlich für die Ausführung der Arbeiten","Männer",7014,4875,5785,9029,11366
"2022","Schweiz","> Grenzgänger/innen (Kat. G)","Ohne Kaderfunktion","Geschlecht - Total",5859,4012,4762,7284,9210
"2022","Schweiz","> Grenzgänger/innen (Kat. G)","Ohne Kaderfunktion","Frauen",5626,3734,4438,7301,9191
"2022","Schweiz","> Grenzgänger/innen (Kat. G)","Ohne Kaderfunktion","Männer",5929,4181,4935,7273,9221
"2022","Schweiz","> Andere","Berufliche Stellung - Total","Geschlecht - Total",4805,3619,4064,6099,8555
"2022","Schweiz","> Andere","Berufliche Stellung - Total","Frauen",4760,3596,4017,6667,9048
"2022","Schweiz","> Andere","Berufliche Stellung - Total","Männer",4831,3641,4082,5909,8124
"2022","Schweiz","> Andere","Oberes und mittleres Kader","Geschlecht - Total",11294,5421,6171,15685,21219
"2022","Schweiz","> Andere","Oberes und mittleres Kader","Frauen",11929,6436,8681,13654,17672
"2022","Schweiz","> Andere","Oberes und mittleres Kader","Männer",9598,4988,5469,16079,22871
"2022","Schweiz","> Andere","Unteres Kader","Geschlecht - Total",7957,4877,5169,10454,13750
"2022","Schweiz","> Andere","Unteres Kader","Frauen",8723,4877,6426,10329,13756
"2022","Schweiz","> Andere","Unteres Kader","Männer",7112,4877,4877,10622,13667
"2022","Schweiz","> Andere","Verantwortlich für die Ausführung der Arbeiten","Geschlecht - Total",7947,4485,5455,9704,11717
"2022","Schweiz","> Andere","Verantwortlich für die Ausführung der Arbeiten","Frauen",8095,4485,5576,10583,12084
"2022","Schweiz","> Andere","Verantwortlich für die Ausführung der Arbeiten","Männer",7895,4635,5382,9200,10871
"2022","Schweiz","> Andere","Ohne Kaderfunktion","Geschlecht - Total",4601,3588,3990,5628,7061
"2022","Schweiz","> Andere","Ohne Kaderfunktion","Frauen",4497,3567,3938,5797,7511
"2022","Schweiz","> Andere","Ohne Kaderfunktion","Männer",4653,3610,4016,5602,6825
"2022","Région lémanique","Schweizer/innen und Ausländer/innen - Total","Berufliche Stellung - Total","Geschlecht - Total",6849,4469,5401,9141,12500
"2022","Région lémanique","Schweizer/innen und Ausländer/innen - Total","Berufliche Stellung - Total","Frauen",6667,4299,5171,8680,11267
"2022","Région lémanique","Schweizer/innen und Ausländer/innen - Total","Berufliche Stellung - Total","Männer",6975,4622,5556,9551,13530
"2022","Région lémanique","Schweizer/innen und Ausländer/innen - Total","Oberes und mittleres Kader","Geschlecht - Total",11111,5778,8000,15927,24785
"2022","Région lémanique","Schweizer/innen und Ausländer/innen - Total","Oberes und mittleres Kader","Frauen",10290,5185,7438,14285,21582
"2022","Région lémanique","Schweizer/innen und Ausländer/innen - Total","Oberes und mittleres Kader","Männer",11458,5974,8262,16692,26301
"2022","Région lémanique","Schweizer/innen und Ausländer/innen - Total","Unteres Kader","Geschlecht - Total",9284,5672,7306,11905,16201
"2022","Région lémanique","Schweizer/innen und Ausländer/innen - Total","Unteres Kader","Frauen",9034,5415,7052,11480,15549
"2022","Région lémanique","Schweizer/innen und Ausländer/innen - Total","Unteres Kader","Männer",9410,5881,7475,12128,16624
"2022","Région lémanique","Schweizer/innen und Ausländer/innen - Total","Verantwortlich für die Ausführung der Arbeiten","Geschlecht - Total",7406,5059,6027,9417,12483
"2022","Région lémanique","Schweizer/innen und Ausländer/innen - Total","Verantwortlich für die Ausführung der Arbeiten","Frauen",7286,4807,5819,9170,12045
"2022","Région lémanique","Schweizer/innen und Ausländer/innen - Total","Verantwortlich für die Ausführung der Arbeiten","Männer",7506,5222,6189,9566,12712
"2022","Région lémanique","Schweizer/innen und Ausländer/innen - Total","Ohne Kaderfunktion","Geschlecht - Total",6220,4308,5054,7762,9640
"2022","Région lémanique","Schweizer/innen und Ausländer/innen - Total","Ohne Kaderfunktion","Frauen",6213,4176,4922,7835,9552
"2022","Région lémanique","Schweizer/innen und Ausländer/innen - Total","Ohne Kaderfunktion","Männer",6223,4416,5154,7699,9744
"2022","Région lémanique","Schweizer/innen","Berufliche Stellung - Total","Geschlecht - Total",7343,4795,5815,9571,12750
"2022","Région lémanique","Schweizer/innen","Berufliche Stellung - Total","Frauen",6997,4626,5589,8881,11240
"2022","Région lémanique","Schweizer/innen","Berufliche Stellung - Total","Männer",7686,4981,6012,10313,14240
"2022","Région lémanique","Schweizer/innen","Oberes und mittleres Kader","Geschlecht - Total",10838,5796,7880,15055,22117
"2022","Région lémanique","Schweizer/innen","Oberes und mittleres Kader","Frauen",9996,5098,7118,13481,19341
"2022","Région lémanique","Schweizer/innen","Oberes und mittleres Kader","Männer",11294,6043,8185,15750,23043
"2022","Région lémanique","Schweizer/innen","Unteres Kader","Geschlecht - Total",9199,5951,7475,11508,14980
"2022","Région lémanique","Schweizer/innen","Unteres Kader","Frauen",8954,5498,7057,11084,14375
"2022","Région lémanique","Schweizer/innen","Unteres Kader","Männer",9363,6231,7702,11736,15220
"2022","Région lémanique","Schweizer/innen","Verantwortlich für die Ausführung der Arbeiten","Geschlecht - Total",7576,5301,6227,9397,12429
"2022","Région lémanique","Schweizer/innen","Verantwortlich für die Ausführung der Arbeiten","Frauen",7305,5000,5932,9000,11678
"2022","Région lémanique","Schweizer/innen","Verantwortlich für die Ausführung der Arbeiten","Männer",7757,5556,6422,9722,12917
"2022","Région lémanique","Schweizer/innen","Ohne Kaderfunktion","Geschlecht - Total",6657,4617,5449,8243,10118
"2022","Région lémanique","Schweizer/innen","Ohne Kaderfunktion","Frauen",6610,4519,5366,8157,9805
"2022","Région lémanique","Schweizer/innen","Ohne Kaderfunktion","Männer",6709,4715,5512,8362,10431
"2022","Région lémanique","Ausländer/innen","Berufliche Stellung - Total","Geschlecht - Total",6320,4236,5004,8498,12084
"2022","Région lémanique","Ausländer/innen","Berufliche Stellung - Total","Frauen",6157,4035,4719,8350,11310
"2022","Région lémanique","Ausländer/innen","Berufliche Stellung - Total","Männer",6397,4400,5190,8615,12600
"2022","Région lémanique","Ausländer/innen","Oberes und mittleres Kader","Geschlecht - Total",11626,5739,8230,18122,30224
"2022","Région lémanique","Ausländer/innen","Oberes und mittleres Kader","Frauen",10997,5350,7915,16150,25204
"2022","Région lémanique","Ausländer/innen","Oberes und mittleres Kader","Männer",11962,5867,8443,19037,32698
"2022","Région lémanique","Ausländer/innen","Unteres Kader","Geschlecht - Total",9386,5365,7042,12547,17570
"2022","Région lémanique","Ausländer/innen","Unteres Kader","Frauen",9205,5276,7042,12021,16520
"2022","Région lémanique","Ausländer/innen","Unteres Kader","Männer",9523,5453,7049,12886,18164
"2022","Région lémanique","Ausländer/innen","Verantwortlich für die Ausführung der Arbeiten","Geschlecht - Total",7200,4828,5833,9440,12500
"2022","Région lémanique","Ausländer/innen","Verantwortlich für die Ausführung der Arbeiten","Frauen",7200,4615,5625,9540,12500
"2022","Région lémanique","Ausländer/innen","Verantwortlich für die Ausführung der Arbeiten","Männer",7200,4965,5910,9400,12500
"2022","Région lémanique","Ausländer/innen","Ohne Kaderfunktion","Geschlecht - Total",5818,4094,4734,7158,9036
"2022","Région lémanique","Ausländer/innen","Ohne Kaderfunktion","Frauen",5617,3984,4498,7284,9119
"2022","Région lémanique","Ausländer/innen","Ohne Kaderfunktion","Männer",5911,4270,4907,7087,8988
"2022","Région lémanique","> Kurzaufenthalter/innen (Kat. L)","Berufliche Stellung - Total","Geschlecht - Total",4842,3485,4147,6084,7325
"2022","Région lémanique","> Kurzaufenthalter/innen (Kat. L)","Berufliche Stellung - Total","Frauen",4436,3579,3976,5383,7761
"2022","Région lémanique","> Kurzaufenthalter/innen (Kat. L)","Berufliche Stellung - Total","Männer",5165,3471,4305,6147,7246
"2022","Région lémanique","> Kurzaufenthalter/innen (Kat. L)","Oberes und mittleres Kader","Geschlecht - Total",,,,,
"2022","Région lémanique","> Kurzaufenthalter/innen (Kat. L)","Oberes und mittleres Kader","Frauen",,,,,
"2022","Région lémanique","> Kurzaufenthalter/innen (Kat. L)","Oberes und mittleres Kader","Männer",,,,,
"2022","Région lémanique","> Kurzaufenthalter/innen (Kat. L)","Unteres Kader","Geschlecht - Total",6918,4507,4588,9224,11219
"2022","Région lémanique","> Kurzaufenthalter/innen (Kat. L)","Unteres Kader","Frauen",,,,,
"2022","Région lémanique","> Kurzaufenthalter/innen (Kat. L)","Unteres Kader","Männer",6918,4580,5073,8747,11700
"2022","Région lémanique","> Kurzaufenthalter/innen (Kat. L)","Verantwortlich für die Ausführung der Arbeiten","Geschlecht - Total",5076,3713,4044,5706,7333
"2022","Région lémanique","> Kurzaufenthalter/innen (Kat. L)","Verantwortlich für die Ausführung der Arbeiten","Frauen",,,,,
"2022","Région lémanique","> Kurzaufenthalter/innen (Kat. L)","Verantwortlich für die Ausführung der Arbeiten","Männer",,,,,
"2022","Région lémanique","> Kurzaufenthalter/innen (Kat. L)","Ohne Kaderfunktion","Geschlecht - Total",4757,3469,4129,5974,6990
"2022","Région lémanique","> Kurzaufenthalter/innen (Kat. L)","Ohne Kaderfunktion","Frauen",4331,3490,3907,5065,7165
"2022","Région lémanique","> Kurzaufenthalter/innen (Kat. L)","Ohne Kaderfunktion","Männer",5068,3468,4247,6073,6956
"2022","Région lémanique","> Aufenthalter/innen (Kat. B)","Berufliche Stellung - Total","Geschlecht - Total",5945,4024,4616,8242,12701
"2022","Région lémanique","> Aufenthalter/innen (Kat. B)","Berufliche Stellung - Total","Frauen",5875,3882,4431,8167,11811
"2022","Région lémanique","> Aufenthalter/innen (Kat. B)","Berufliche Stellung - Total","Männer",5954,4166,4752,8319,13444
"2022","Région lémanique","> Aufenthalter/innen (Kat. B)","Oberes und mittleres Kader","Geschlecht - Total",13356,5567,8436,23557,37922
"2022","Région lémanique","> Aufenthalter/innen (Kat. B)","Oberes und mittleres Kader","Frauen",11892,5350,7627,19448,33342
"2022","Région lémanique","> Aufenthalter/innen (Kat. B)","Oberes und mittleres Kader","Männer",14492,5691,9412,26027,39657
"2022","Région lémanique","> Aufenthalter/innen (Kat. B)","Unteres Kader","Geschlecht - Total",8966,4879,6619,12830,19112
"2022","Région lémanique","> Aufenthalter/innen (Kat. B)","Unteres Kader","Frauen",8655,4980,6619,12125,16920
"2022","Région lémanique","> Aufenthalter/innen (Kat. B)","Unteres Kader","Männer",9219,4879,6619,13361,20917
"2022","Région lémanique","> Aufenthalter/innen (Kat. B)","Verantwortlich für die Ausführung der Arbeiten","Geschlecht - Total",6993,4480,5625,9522,13364
"2022","Région lémanique","> Aufenthalter/innen (Kat. B)","Verantwortlich für die Ausführung der Arbeiten","Frauen",7151,4810,5913,9583,12916
"2022","Région lémanique","> Aufenthalter/innen (Kat. B)","Verantwortlich für die Ausführung der Arbeiten","Männer",6909,4357,5500,9374,13475
"2022","Région lémanique","> Aufenthalter/innen (Kat. B)","Ohne Kaderfunktion","Geschlecht - Total",5322,3918,4403,6787,8730
"2022","Région lémanique","> Aufenthalter/innen (Kat. B)","Ohne Kaderfunktion","Frauen",5099,3756,4230,6882,8769
"2022","Région lémanique","> Aufenthalter/innen (Kat. B)","Ohne Kaderfunktion","Männer",5475,4034,4537,6712,8653
"2022","Région lémanique","> Niedergelassene (Kat. C)","Berufliche Stellung - Total","Geschlecht - Total",6400,4314,5117,8806,13334
"2022","Région lémanique","> Niedergelassene (Kat. C)","Berufliche Stellung - Total","Frauen",6029,4035,4694,8420,12105
"2022","Région lémanique","> Niedergelassene (Kat. C)","Berufliche Stellung - Total","Männer",6598,4588,5452,9117,14167
"2022","Région lémanique","> Niedergelassene (Kat. C)","Oberes und mittleres Kader","Geschlecht - Total",11373,5537,8249,18150,30059
"2022","Région lémanique","> Niedergelassene (Kat. C)","Oberes und mittleres Kader","Frauen",11180,5076,8000,16444,25552
"2022","Région lémanique","> Niedergelassene (Kat. C)","Oberes und mittleres Kader","Männer",11489,5652,8404,18828,32175
"2022","Région lémanique","> Niedergelassene (Kat. C)","Unteres Kader","Geschlecht - Total",10070,5778,7607,14118,20546
"2022","Région lémanique","> Niedergelassene (Kat. C)","Unteres Kader","Frauen",9870,5423,7679,13583,18859
"2022","Région lémanique","> Niedergelassene (Kat. C)","Unteres Kader","Männer",10213,5908,7583,14577,21527
"2022","Région lémanique","> Niedergelassene (Kat. C)","Verantwortlich für die Ausführung der Arbeiten","Geschlecht - Total",7008,4764,5674,9287,12934
"2022","Région lémanique","> Niedergelassene (Kat. C)","Verantwortlich für die Ausführung der Arbeiten","Frauen",6783,4378,5138,9822,13351
"2022","Région lémanique","> Niedergelassene (Kat. C)","Verantwortlich für die Ausführung der Arbeiten","Männer",7038,5090,5900,9106,12604
"2022","Région lémanique","> Niedergelassene (Kat. C)","Ohne Kaderfunktion","Geschlecht - Total",5876,4141,4821,7130,9048
"2022","Région lémanique","> Niedergelassene (Kat. C)","Ohne Kaderfunktion","Frauen",5460,3994,4488,7112,9019
"2022","Région lémanique","> Niedergelassene (Kat. C)","Ohne Kaderfunktion","Männer",6058,4429,5116,7137,9086
"2022","Région lémanique","> Grenzgänger/innen (Kat. G)","Berufliche Stellung - Total","Geschlecht - Total",6572,4531,5355,8568,11261
"2022","Région lémanique","> Grenzgänger/innen (Kat. G)","Berufliche Stellung - Total","Frauen",6544,4337,5200,8463,10633
"2022","Région lémanique","> Grenzgänger/innen (Kat. G)","Berufliche Stellung - Total","Männer",6588,4643,5447,8666,11694
"2022","Région lémanique","> Grenzgänger/innen (Kat. G)","Oberes und mittleres Kader","Geschlecht - Total",11230,6481,8169,15492,23768
"2022","Région lémanique","> Grenzgänger/innen (Kat. G)","Oberes und mittleres Kader","Frauen",10500,6167,7892,13750,19131
"2022","Région lémanique","> Grenzgänger/innen (Kat. G)","Oberes und mittleres Kader","Männer",11494,6606,8481,16567,25950
"2022","Région lémanique","> Grenzgänger/innen (Kat. G)","Unteres Kader","Geschlecht - Total",9150,5667,7181,11551,14415
"2022","Région lémanique","> Grenzgänger/innen (Kat. G)","Unteres Kader","Frauen",8921,5523,7197,11169,13621
"2022","Région lémanique","> Grenzgänger/innen (Kat. G)","Unteres Kader","Männer",9224,5795,7180,11788,14750
"2022","Région lémanique","> Grenzgänger/innen (Kat. G)","Verantwortlich für die Ausführung der Arbeiten","Geschlecht - Total",7655,5123,6172,9546,11854
"2022","Région lémanique","> Grenzgänger/innen (Kat. G)","Verantwortlich für die Ausführung der Arbeiten","Frauen",7532,4952,6172,9377,11410
"2022","Région lémanique","> Grenzgänger/innen (Kat. G)","Verantwortlich für die Ausführung der Arbeiten","Männer",7717,5199,6172,9673,12133
"2022","Région lémanique","> Grenzgänger/innen (Kat. G)","Ohne Kaderfunktion","Geschlecht - Total",6153,4388,5098,7529,9345
"2022","Région lémanique","> Grenzgänger/innen (Kat. G)","Ohne Kaderfunktion","Frauen",6138,4235,4954,7674,9497
"2022","Région lémanique","> Grenzgänger/innen (Kat. G)","Ohne Kaderfunktion","Männer",6160,4505,5176,7438,9227
"2022","Région lémanique","> Andere","Berufliche Stellung - Total","Geschlecht - Total",5194,3733,4285,7042,10353
"2022","Région lémanique","> Andere","Berufliche Stellung - Total","Frauen",5544,3680,4283,7760,10771
"2022","Région lémanique","> Andere","Berufliche Stellung - Total","Männer",5064,3778,4317,6518,9957
"2022","Région lémanique","> Andere","Oberes und mittleres Kader","Geschlecht - Total",12345,5469,5561,17369,22871
"2022","Région lémanique","> Andere","Oberes und mittleres Kader","Frauen",13482,6000,9506,17369,22500
"2022","Région lémanique","> Andere","Oberes und mittleres Kader","Männer",11701,5469,5469,17143,23828
"2022","Région lémanique","> Andere","Unteres Kader","Geschlecht - Total",7882,4877,4877,11015,14328
"2022","Région lémanique","> Andere","Unteres Kader","Frauen",9654,5221,7042,11550,16001
"2022","Région lémanique","> Andere","Unteres Kader","Männer",5997,4877,4877,10622,13960
"2022","Région lémanique","> Andere","Verantwortlich für die Ausführung der Arbeiten","Geschlecht - Total",8750,4920,6562,10843,12750
"2022","Région lémanique","> Andere","Verantwortlich für die Ausführung der Arbeiten","Frauen",8750,4485,6148,11062,12279
"2022","Région lémanique","> Andere","Verantwortlich für die Ausführung der Arbeiten","Männer",8667,5375,7538,10686,12803
"2022","Région lémanique","> Andere","Ohne Kaderfunktion","Geschlecht - Total",4893,3658,4141,6281,7770
"2022","Région lémanique","> Andere","Ohne Kaderfunktion","Frauen",4992,3569,4125,6807,8190
"2022","Région lémanique","> Andere","Ohne Kaderfunktion","Männer",4881,3685,4146,6058,7453
"2022","Espace Mittelland","Schweizer/innen und Ausländer/innen - Total","Berufliche Stellung - Total","Geschlecht - Total",6752,4602,5465,8729,11371
"2022","Espace Mittelland","Schweizer/innen und Ausländer/innen - Total","Berufliche Stellung - Total","Frauen",6334,4344,5074,7988,10114
"2022","Espace Mittelland","Schweizer/innen und Ausländer/innen - Total","Berufliche Stellung - Total","Männer",7036,4849,5742,9235,12066
"2022","Espace Mittelland","Schweizer/innen und Ausländer/innen - Total","Oberes und mittleres Kader","Geschlecht - Total",10162,5844,7529,13291,16883
"2022","Espace Mittelland","Schweizer/innen und Ausländer/innen - Total","Oberes und mittleres Kader","Frauen",9073,5143,6741,12055,15131
"2022","Espace Mittelland","Schweizer/innen und Ausländer/innen - Total","Oberes und mittleres Kader","Männer",10618,6227,7843,13716,17472
"2022","Espace Mittelland","Schweizer/innen und Ausländer/innen - Total","Unteres Kader","Geschlecht - Total",8565,5747,7016,10567,12419
"2022","Espace Mittelland","Schweizer/innen und Ausländer/innen - Total","Unteres Kader","Frauen",7943,5074,6382,9854,11745
"2022","Espace Mittelland","Schweizer/innen und Ausländer/innen - Total","Unteres Kader","Männer",8941,6217,7314,10910,12761
"2022","Espace Mittelland","Schweizer/innen und Ausländer/innen - Total","Verantwortlich für die Ausführung der Arbeiten","Geschlecht - Total",7410,5194,6153,9096,10962
"2022","Espace Mittelland","Schweizer/innen und Ausländer/innen - Total","Verantwortlich für die Ausführung der Arbeiten","Frauen",7013,4792,5828,8557,10037
"2022","Espace Mittelland","Schweizer/innen und Ausländer/innen - Total","Verantwortlich für die Ausführung der Arbeiten","Männer",7635,5477,6387,9524,11378
"2022","Espace Mittelland","Schweizer/innen und Ausländer/innen - Total","Ohne Kaderfunktion","Geschlecht - Total",6240,4464,5171,7597,9401
"2022","Espace Mittelland","Schweizer/innen und Ausländer/innen - Total","Ohne Kaderfunktion","Frauen",5980,4271,4893,7339,9006
"2022","Espace Mittelland","Schweizer/innen und Ausländer/innen - Total","Ohne Kaderfunktion","Männer",6411,4659,5404,7808,9663
"2022","Espace Mittelland","Schweizer/innen","Berufliche Stellung - Total","Geschlecht - Total",7086,4852,5773,9100,11698
"2022","Espace Mittelland","Schweizer/innen","Berufliche Stellung - Total","Frauen",6589,4556,5341,8208,10280
"2022","Espace Mittelland","Schweizer/innen","Berufliche Stellung - Total","Männer",7461,5163,6094,9734,12504
"2022","Espace Mittelland","Schweizer/innen","Oberes und mittleres Kader","Geschlecht - Total",10127,5918,7599,13277,16614
"2022","Espace Mittelland","Schweizer/innen","Oberes und mittleres Kader","Frauen",8967,5159,6800,11873,14849
"2022","Espace Mittelland","Schweizer/innen","Oberes und mittleres Kader","Männer",10635,6306,7929,13687,17274
"2022","Espace Mittelland","Schweizer/innen","Unteres Kader","Geschlecht - Total",8599,5787,7033,10565,12273
"2022","Espace Mittelland","Schweizer/innen","Unteres Kader","Frauen",7910,5158,6384,9762,11579
"2022","Espace Mittelland","Schweizer/innen","Unteres Kader","Männer",9041,6332,7403,10946,12653
"2022","Espace Mittelland","Schweizer/innen","Verantwortlich für die Ausführung der Arbeiten","Geschlecht - Total",7562,5373,6307,9230,11037
"2022","Espace Mittelland","Schweizer/innen","Verantwortlich für die Ausführung der Arbeiten","Frauen",7057,4936,5920,8558,9929
"2022","Espace Mittelland","Schweizer/innen","Verantwortlich für die Ausführung der Arbeiten","Männer",7869,5699,6600,9734,11475
"2022","Espace Mittelland","Schweizer/innen","Ohne Kaderfunktion","Geschlecht - Total",6537,4690,5456,7944,9705
"2022","Espace Mittelland","Schweizer/innen","Ohne Kaderfunktion","Frauen",6253,4486,5157,7573,9255
"2022","Espace Mittelland","Schweizer/innen","Ohne Kaderfunktion","Männer",6748,4951,5710,8240,10024
"2022","Espace Mittelland","Ausländer/innen","Berufliche Stellung - Total","Geschlecht - Total",5841,4184,4798,7294,9879
"2022","Espace Mittelland","Ausländer/innen","Berufliche Stellung - Total","Frauen",5316,3888,4456,6945,9181
"2022","Espace Mittelland","Ausländer/innen","Berufliche Stellung - Total","Männer",6051,4402,5067,7456,10240
"2022","Espace Mittelland","Ausländer/innen","Oberes und mittleres Kader","Geschlecht - Total",10350,5248,7203,13752,19246
"2022","Espace Mittelland","Ausländer/innen","Oberes und mittleres Kader","Frauen",9680,4800,6500,13131,16849
"2022","Espace Mittelland","Ausländer/innen","Oberes und mittleres Kader","Männer",10550,5714,7333,14000,20309
"2022","Espace Mittelland","Ausländer/innen","Unteres Kader","Geschlecht - Total",8428,5469,6763,10592,13287
"2022","Espace Mittelland","Ausländer/innen","Unteres Kader","Frauen",8101,4792,6341,10385,12823
"2022","Espace Mittelland","Ausländer/innen","Unteres Kader","Männer",8553,5894,6945,10707,13465
"2022","Espace Mittelland","Ausländer/innen","Verantwortlich für die Ausführung der Arbeiten","Geschlecht - Total",6861,4834,5710,8541,10644
"2022","Espace Mittelland","Ausländer/innen","Verantwortlich für die Ausführung der Arbeiten","Frauen",6737,4474,5418,8504,10485
"2022","Espace Mittelland","Ausländer/innen","Verantwortlich für die Ausführung der Arbeiten","Männer",6914,5048,5829,8561,10778
"2022","Espace Mittelland","Ausländer/innen","Ohne Kaderfunktion","Geschlecht - Total",5539,4096,4666,6642,8156
"2022","Espace Mittelland","Ausländer/innen","Ohne Kaderfunktion","Frauen",5072,3814,4363,6299,7869
"2022","Espace Mittelland","Ausländer/innen","Ohne Kaderfunktion","Männer",5767,4326,4891,6770,8332
"2022","Espace Mittelland","> Kurzaufenthalter/innen (Kat. L)","Berufliche Stellung - Total","Geschlecht - Total",4944,3504,4176,6225,7277
"2022","Espace Mittelland","> Kurzaufenthalter/innen (Kat. L)","Berufliche Stellung - Total","Frauen",4449,3267,3757,5609,7035
"2022","Espace Mittelland","> Kurzaufenthalter/innen (Kat. L)","Berufliche Stellung - Total","Männer",5083,3593,4368,6349,7278
"2022","Espace Mittelland","> Kurzaufenthalter/innen (Kat. L)","Oberes und mittleres Kader","Geschlecht - Total",,,,,
"2022","Espace Mittelland","> Kurzaufenthalter/innen (Kat. L)","Oberes und mittleres Kader","Frauen",,,,,
"2022","Espace Mittelland","> Kurzaufenthalter/innen (Kat. L)","Oberes und mittleres Kader","Männer",,,,,
"2022","Espace Mittelland","> Kurzaufenthalter/innen (Kat. L)","Unteres Kader","Geschlecht - Total",,,,,
"2022","Espace Mittelland","> Kurzaufenthalter/innen (Kat. L)","Unteres Kader","Frauen",,,,,
"2022","Espace Mittelland","> Kurzaufenthalter/innen (Kat. L)","Unteres Kader","Männer",,,,,
"2022","Espace Mittelland","> Kurzaufenthalter/innen (Kat. L)","Verantwortlich für die Ausführung der Arbeiten","Geschlecht - Total",,,,,
"2022","Espace Mittelland","> Kurzaufenthalter/innen (Kat. L)","Verantwortlich für die Ausführung der Arbeiten","Frauen",,,,,
"2022","Espace Mittelland","> Kurzaufenthalter/innen (Kat. L)","Verantwortlich für die Ausführung der Arbeiten","Männer",,,,,
"2022","Espace Mittelland","> Kurzaufenthalter/innen (Kat. L)","Ohne Kaderfunktion","Geschlecht - Total",4904,3484,4129,6171,7155
"2022","Espace Mittelland","> Kurzaufenthalter/innen (Kat. L)","Ohne Kaderfunktion","Frauen",4379,3267,3687,5508,6906
"2022","Espace Mittelland","> Kurzaufenthalter/innen (Kat. L)","Ohne Kaderfunktion","Männer",5048,3586,4341,6322,7267
"2022","Espace Mittelland","> Aufenthalter/innen (Kat. B)","Berufliche Stellung - Total","Geschlecht - Total",5207,3863,4419,6781,9299
"2022","Espace Mittelland","> Aufenthalter/innen (Kat. B)","Berufliche Stellung - Total","Frauen",4870,3645,4136,6790,8917
"2022","Espace Mittelland","> Aufenthalter/innen (Kat. B)","Berufliche Stellung - Total","Männer",5353,4101,4572,6771,9580
"2022","Espace Mittelland","> Aufenthalter/innen (Kat. B)","Oberes und mittleres Kader","Geschlecht - Total",10416,4915,7171,14155,21954
"2022","Espace Mittelland","> Aufenthalter/innen (Kat. B)","Oberes und mittleres Kader","Frauen",9471,4429,6000,12873,16875
"2022","Espace Mittelland","> Aufenthalter/innen (Kat. B)","Oberes und mittleres Kader","Männer",10785,5365,7775,15163,23847
"2022","Espace Mittelland","> Aufenthalter/innen (Kat. B)","Unteres Kader","Geschlecht - Total",8599,4996,6633,11346,14683
"2022","Espace Mittelland","> Aufenthalter/innen (Kat. B)","Unteres Kader","Frauen",8023,4626,5955,10676,13213
"2022","Espace Mittelland","> Aufenthalter/innen (Kat. B)","Unteres Kader","Männer",8712,5390,7010,11951,15807
"2022","Espace Mittelland","> Aufenthalter/innen (Kat. B)","Verantwortlich für die Ausführung der Arbeiten","Geschlecht - Total",6737,4452,5285,8838,11153
"2022","Espace Mittelland","> Aufenthalter/innen (Kat. B)","Verantwortlich für die Ausführung der Arbeiten","Frauen",6830,4127,5230,8771,10649
"2022","Espace Mittelland","> Aufenthalter/innen (Kat. B)","Verantwortlich für die Ausführung der Arbeiten","Männer",6638,4711,5285,8947,11703
"2022","Espace Mittelland","> Aufenthalter/innen (Kat. B)","Ohne Kaderfunktion","Geschlecht - Total",5004,3810,4333,6193,7839
"2022","Espace Mittelland","> Aufenthalter/innen (Kat. B)","Ohne Kaderfunktion","Frauen",4686,3602,4030,6165,7778
"2022","Espace Mittelland","> Aufenthalter/innen (Kat. B)","Ohne Kaderfunktion","Männer",5146,4044,4487,6214,7888
"2022","Espace Mittelland","> Niedergelassene (Kat. C)","Berufliche Stellung - Total","Geschlecht - Total",6060,4381,5053,7512,10350
"2022","Espace Mittelland","> Niedergelassene (Kat. C)","Berufliche Stellung - Total","Frauen",5459,4078,4601,7110,9540
"2022","Espace Mittelland","> Niedergelassene (Kat. C)","Berufliche Stellung - Total","Männer",6300,4680,5392,7738,10763
"2022","Espace Mittelland","> Niedergelassene (Kat. C)","Oberes und mittleres Kader","Geschlecht - Total",10317,5159,7085,13682,18566
"2022","Espace Mittelland","> Niedergelassene (Kat. C)","Oberes und mittleres Kader","Frauen",9830,4788,6476,13232,16849
"2022","Espace Mittelland","> Niedergelassene (Kat. C)","Oberes und mittleres Kader","Männer",10453,5464,7222,13929,19049
"2022","Espace Mittelland","> Niedergelassene (Kat. C)","Unteres Kader","Geschlecht - Total",8442,5649,6707,10652,13137
"2022","Espace Mittelland","> Niedergelassene (Kat. C)","Unteres Kader","Frauen",8106,4981,6413,10413,12884
"2022","Espace Mittelland","> Niedergelassene (Kat. C)","Unteres Kader","Männer",8574,5953,6857,10787,13278
"2022","Espace Mittelland","> Niedergelassene (Kat. C)","Verantwortlich für die Ausführung der Arbeiten","Geschlecht - Total",6935,4888,5832,8541,10674
"2022","Espace Mittelland","> Niedergelassene (Kat. C)","Verantwortlich für die Ausführung der Arbeiten","Frauen",6751,4540,5452,8491,10293
"2022","Espace Mittelland","> Niedergelassene (Kat. C)","Verantwortlich für die Ausführung der Arbeiten","Männer",6981,5177,6033,8558,10837
"2022","Espace Mittelland","> Niedergelassene (Kat. C)","Ohne Kaderfunktion","Geschlecht - Total",5750,4301,4880,6793,8380
"2022","Espace Mittelland","> Niedergelassene (Kat. C)","Ohne Kaderfunktion","Frauen",5207,4000,4500,6385,8051
"2022","Espace Mittelland","> Niedergelassene (Kat. C)","Ohne Kaderfunktion","Männer",6010,4599,5219,6950,8592
"2022","Espace Mittelland","> Grenzgänger/innen (Kat. G)","Berufliche Stellung - Total","Geschlecht - Total",6024,4503,5079,7433,9405
"2022","Espace Mittelland","> Grenzgänger/innen (Kat. G)","Berufliche Stellung - Total","Frauen",5557,4251,4716,6858,8430
"2022","Espace Mittelland","> Grenzgänger/innen (Kat. G)","Berufliche Stellung - Total","Männer",6190,4665,5282,7675,9762
"2022","Espace Mittelland","> Grenzgänger/innen (Kat. G)","Oberes und mittleres Kader","Geschlecht - Total",10532,6423,8117,13706,19427
"2022","Espace Mittelland","> Grenzgänger/innen (Kat. G)","Oberes und mittleres Kader","Frauen",9395,6425,7395,13175,17323
"2022","Espace Mittelland","> Grenzgänger/innen (Kat. G)","Oberes und mittleres Kader","Männer",10791,6240,8140,13752,20740
"2022","Espace Mittelland","> Grenzgänger/innen (Kat. G)","Unteres Kader","Geschlecht - Total",8284,5832,7054,9665,11707
"2022","Espace Mittelland","> Grenzgänger/innen (Kat. G)","Unteres Kader","Frauen",8251,5924,7032,9573,12255
"2022","Espace Mittelland","> Grenzgänger/innen (Kat. G)","Unteres Kader","Männer",8314,5761,7055,9711,11578
"2022","Espace Mittelland","> Grenzgänger/innen (Kat. G)","Verantwortlich für die Ausführung der Arbeiten","Geschlecht - Total",6703,5051,5784,8102,9791
"2022","Espace Mittelland","> Grenzgänger/innen (Kat. G)","Verantwortlich für die Ausführung der Arbeiten","Frauen",6579,4964,5606,7926,9534
"2022","Espace Mittelland","> Grenzgänger/innen (Kat. G)","Verantwortlich für die Ausführung der Arbeiten","Männer",6751,5051,5818,8163,9867
"2022","Espace Mittelland","> Grenzgänger/innen (Kat. G)","Ohne Kaderfunktion","Geschlecht - Total",5789,4418,4933,6854,8219
"2022","Espace Mittelland","> Grenzgänger/innen (Kat. G)","Ohne Kaderfunktion","Frauen",5371,4194,4645,6379,7646
"2022","Espace Mittelland","> Grenzgänger/innen (Kat. G)","Ohne Kaderfunktion","Männer",5915,4575,5106,6999,8448
"2022","Espace Mittelland","> Andere","Berufliche Stellung - Total","Geschlecht - Total",4446,3597,3937,5467,6731
"2022","Espace Mittelland","> Andere","Berufliche Stellung - Total","Frauen",4316,3582,3760,5241,6884
"2022","Espace Mittelland","> Andere","Berufliche Stellung - Total","Männer",4497,3617,4022,5602,6710
"2022","Espace Mittelland","> Andere","Oberes und mittleres Kader","Geschlecht - Total",,,,,
"2022","Espace Mittelland","> Andere","Oberes und mittleres Kader","Frauen",,,,,
"2022","Espace Mittelland","> Andere","Oberes und mittleres Kader","Männer",,,,,
"2022","Espace Mittelland","> Andere","Unteres Kader","Geschlecht - Total",,,,,
"2022","Espace Mittelland","> Andere","Unteres Kader","Frauen",,,,,
"2022","Espace Mittelland","> Andere","Unteres Kader","Männer",,,,,
"2022","Espace Mittelland","> Andere","Verantwortlich für die Ausführung der Arbeiten","Geschlecht - Total",,,,,
"2022","Espace Mittelland","> Andere","Verantwortlich für die Ausführung der Arbeiten","Frauen",,,,,
"2022","Espace Mittelland","> Andere","Verantwortlich für die Ausführung der Arbeiten","Männer",,,,,
"2022","Espace Mittelland","> Andere","Ohne Kaderfunktion","Geschlecht - Total",4433,3587,3924,5241,6342
"2022","Espace Mittelland","> Andere","Ohne Kaderfunktion","Frauen",4264,3570,3725,5157,6129
"2022","Espace Mittelland","> Andere","Ohne Kaderfunktion","Männer",4455,3606,4010,5357,6462
"2022","Nordwestschweiz","Schweizer/innen und Ausländer/innen - Total","Berufliche Stellung - Total","Geschlecht - Total",6969,4571,5486,9302,12642
"2022","Nordwestschweiz","Schweizer/innen und Ausländer/innen - Total","Berufliche Stellung - Total","Frauen",6561,4383,5120,8457,11238
"2022","Nordwestschweiz","Schweizer/innen und Ausländer/innen - Total","Berufliche Stellung - Total","Männer",7269,4780,5756,9887,13502
"2022","Nordwestschweiz","Schweizer/innen und Ausländer/innen - Total","Oberes und mittleres Kader","Geschlecht - Total",10715,5924,7963,15029,22210
"2022","Nordwestschweiz","Schweizer/innen und Ausländer/innen - Total","Oberes und mittleres Kader","Frauen",9440,5229,6912,13334,19961
"2022","Nordwestschweiz","Schweizer/innen und Ausländer/innen - Total","Oberes und mittleres Kader","Männer",11281,6481,8450,15653,22900
"2022","Nordwestschweiz","Schweizer/innen und Ausländer/innen - Total","Unteres Kader","Geschlecht - Total",8966,5912,7341,11477,14168
"2022","Nordwestschweiz","Schweizer/innen und Ausländer/innen - Total","Unteres Kader","Frauen",8290,5254,6760,10444,13219
"2022","Nordwestschweiz","Schweizer/innen und Ausländer/innen - Total","Unteres Kader","Männer",9372,6306,7649,11926,14513
"2022","Nordwestschweiz","Schweizer/innen und Ausländer/innen - Total","Verantwortlich für die Ausführung der Arbeiten","Geschlecht - Total",7655,5238,6257,9619,12321
"2022","Nordwestschweiz","Schweizer/innen und Ausländer/innen - Total","Verantwortlich für die Ausführung der Arbeiten","Frauen",7209,4885,5730,8975,11558
"2022","Nordwestschweiz","Schweizer/innen und Ausländer/innen - Total","Verantwortlich für die Ausführung der Arbeiten","Männer",7900,5575,6560,9899,12680
"2022","Nordwestschweiz","Schweizer/innen und Ausländer/innen - Total","Ohne Kaderfunktion","Geschlecht - Total",6412,4426,5176,8028,10418
"2022","Nordwestschweiz","Schweizer/innen und Ausländer/innen - Total","Ohne Kaderfunktion","Frauen",6191,4286,4929,7765,10008
"2022","Nordwestschweiz","Schweizer/innen und Ausländer/innen - Total","Ohne Kaderfunktion","Männer",6551,4585,5395,8253,10731
"2022","Nordwestschweiz","Schweizer/innen","Berufliche Stellung - Total","Geschlecht - Total",7218,4769,5757,9455,12350
"2022","Nordwestschweiz","Schweizer/innen","Berufliche Stellung - Total","Frauen",6634,4536,5300,8329,10566
"2022","Nordwestschweiz","Schweizer/innen","Berufliche Stellung - Total","Männer",7755,5097,6191,10285,13562
"2022","Nordwestschweiz","Schweizer/innen","Oberes und mittleres Kader","Geschlecht - Total",10317,5877,7774,14010,19071
"2022","Nordwestschweiz","Schweizer/innen","Oberes und mittleres Kader","Frauen",8750,5176,6564,11905,15813
"2022","Nordwestschweiz","Schweizer/innen","Oberes und mittleres Kader","Männer",10914,6496,8354,14654,20440
"2022","Nordwestschweiz","Schweizer/innen","Unteres Kader","Geschlecht - Total",8828,5939,7323,11123,13468
"2022","Nordwestschweiz","Schweizer/innen","Unteres Kader","Frauen",8048,5251,6707,9963,12349
"2022","Nordwestschweiz","Schweizer/innen","Unteres Kader","Männer",9365,6449,7679,11669,13979
"2022","Nordwestschweiz","Schweizer/innen","Verantwortlich für die Ausführung der Arbeiten","Geschlecht - Total",7651,5284,6345,9418,11439
"2022","Nordwestschweiz","Schweizer/innen","Verantwortlich für die Ausführung der Arbeiten","Frauen",7084,4981,5718,8631,10260
"2022","Nordwestschweiz","Schweizer/innen","Verantwortlich für die Ausführung der Arbeiten","Männer",8061,5778,6763,9843,12120
"2022","Nordwestschweiz","Schweizer/innen","Ohne Kaderfunktion","Geschlecht - Total",6634,4608,5409,8179,10288
"2022","Nordwestschweiz","Schweizer/innen","Ohne Kaderfunktion","Frauen",6321,4437,5134,7731,9701
"2022","Nordwestschweiz","Schweizer/innen","Ohne Kaderfunktion","Männer",6940,4849,5741,8606,10829
"2022","Nordwestschweiz","Ausländer/innen","Berufliche Stellung - Total","Geschlecht - Total",6552,4355,5152,9036,13245
"2022","Nordwestschweiz","Ausländer/innen","Berufliche Stellung - Total","Frauen",6369,4132,4783,8795,12944
"2022","Nordwestschweiz","Ausländer/innen","Berufliche Stellung - Total","Männer",6624,4531,5353,9168,13411
"2022","Nordwestschweiz","Ausländer/innen","Oberes und mittleres Kader","Geschlecht - Total",12353,6190,8539,19588,28449
"2022","Nordwestschweiz","Ausländer/innen","Oberes und mittleres Kader","Frauen",11654,5447,8026,19267,25826
"2022","Nordwestschweiz","Ausländer/innen","Oberes und mittleres Kader","Männer",12544,6402,8786,19778,29153
"2022","Nordwestschweiz","Ausländer/innen","Unteres Kader","Geschlecht - Total",9207,5826,7400,12160,15439
"2022","Nordwestschweiz","Ausländer/innen","Unteres Kader","Frauen",8750,5280,6974,11745,14707
"2022","Nordwestschweiz","Ausländer/innen","Unteres Kader","Männer",9441,6104,7570,12358,15800
"2022","Nordwestschweiz","Ausländer/innen","Verantwortlich für die Ausführung der Arbeiten","Geschlecht - Total",7663,5132,6111,9973,13485
"2022","Nordwestschweiz","Ausländer/innen","Verantwortlich für die Ausführung der Arbeiten","Frauen",7569,4619,5769,9956,13512
"2022","Nordwestschweiz","Ausländer/innen","Verantwortlich für die Ausführung der Arbeiten","Männer",7678,5347,6316,9973,13430
"2022","Nordwestschweiz","Ausländer/innen","Ohne Kaderfunktion","Geschlecht - Total",6066,4231,4921,7771,10680
"2022","Nordwestschweiz","Ausländer/innen","Ohne Kaderfunktion","Frauen",5839,4048,4628,7854,10849
"2022","Nordwestschweiz","Ausländer/innen","Ohne Kaderfunktion","Männer",6150,4385,5120,7733,10597
"2022","Nordwestschweiz","> Kurzaufenthalter/innen (Kat. L)","Berufliche Stellung - Total","Geschlecht - Total",4880,2917,3595,6321,7810
"2022","Nordwestschweiz","> Kurzaufenthalter/innen (Kat. L)","Berufliche Stellung - Total","Frauen",4462,3150,3615,6533,8336
"2022","Nordwestschweiz","> Kurzaufenthalter/innen (Kat. L)","Berufliche Stellung - Total","Männer",5052,2828,3510,6277,7643
"2022","Nordwestschweiz","> Kurzaufenthalter/innen (Kat. L)","Oberes und mittleres Kader","Geschlecht - Total",,,,,
"2022","Nordwestschweiz","> Kurzaufenthalter/innen (Kat. L)","Oberes und mittleres Kader","Frauen",,,,,
"2022","Nordwestschweiz","> Kurzaufenthalter/innen (Kat. L)","Oberes und mittleres Kader","Männer",,,,,
"2022","Nordwestschweiz","> Kurzaufenthalter/innen (Kat. L)","Unteres Kader","Geschlecht - Total",,,,,
"2022","Nordwestschweiz","> Kurzaufenthalter/innen (Kat. L)","Unteres Kader","Frauen",,,,,
"2022","Nordwestschweiz","> Kurzaufenthalter/innen (Kat. L)","Unteres Kader","Männer",,,,,
"2022","Nordwestschweiz","> Kurzaufenthalter/innen (Kat. L)","Verantwortlich für die Ausführung der Arbeiten","Geschlecht - Total",6312,3887,4472,7327,9715
"2022","Nordwestschweiz","> Kurzaufenthalter/innen (Kat. L)","Verantwortlich für die Ausführung der Arbeiten","Frauen",,,,,
"2022","Nordwestschweiz","> Kurzaufenthalter/innen (Kat. L)","Verantwortlich für die Ausführung der Arbeiten","Männer",,,,,
"2022","Nordwestschweiz","> Kurzaufenthalter/innen (Kat. L)","Ohne Kaderfunktion","Geschlecht - Total",4688,2828,3469,6105,7539
"2022","Nordwestschweiz","> Kurzaufenthalter/innen (Kat. L)","Ohne Kaderfunktion","Frauen",4275,3100,3609,6313,7917
"2022","Nordwestschweiz","> Kurzaufenthalter/innen (Kat. L)","Ohne Kaderfunktion","Männer",4918,2777,3426,6069,7332
"2022","Nordwestschweiz","> Aufenthalter/innen (Kat. B)","Berufliche Stellung - Total","Geschlecht - Total",6075,4093,4746,8816,13581
"2022","Nordwestschweiz","> Aufenthalter/innen (Kat. B)","Berufliche Stellung - Total","Frauen",6173,3971,4587,8752,13520
"2022","Nordwestschweiz","> Aufenthalter/innen (Kat. B)","Berufliche Stellung - Total","Männer",6040,4209,4847,8853,13627
"2022","Nordwestschweiz","> Aufenthalter/innen (Kat. B)","Oberes und mittleres Kader","Geschlecht - Total",16215,5743,9853,24627,36796
"2022","Nordwestschweiz","> Aufenthalter/innen (Kat. B)","Oberes und mittleres Kader","Frauen",16231,6796,9113,24363,33075
"2022","Nordwestschweiz","> Aufenthalter/innen (Kat. B)","Oberes und mittleres Kader","Männer",16215,5459,9878,24798,38744
"2022","Nordwestschweiz","> Aufenthalter/innen (Kat. B)","Unteres Kader","Geschlecht - Total",9192,5838,7548,12289,16626
"2022","Nordwestschweiz","> Aufenthalter/innen (Kat. B)","Unteres Kader","Frauen",9216,5365,7504,12327,16626
"2022","Nordwestschweiz","> Aufenthalter/innen (Kat. B)","Unteres Kader","Männer",9147,6188,7604,12250,16550
"2022","Nordwestschweiz","> Aufenthalter/innen (Kat. B)","Verantwortlich für die Ausführung der Arbeiten","Geschlecht - Total",8233,4983,6073,11778,15049
"2022","Nordwestschweiz","> Aufenthalter/innen (Kat. B)","Verantwortlich für die Ausführung der Arbeiten","Frauen",7691,4705,5778,11585,14240
"2022","Nordwestschweiz","> Aufenthalter/innen (Kat. B)","Verantwortlich für die Ausführung der Arbeiten","Männer",8708,5096,6292,11967,15580
"2022","Nordwestschweiz","> Aufenthalter/innen (Kat. B)","Ohne Kaderfunktion","Geschlecht - Total",5674,4000,4594,7500,10550
"2022","Nordwestschweiz","> Aufenthalter/innen (Kat. B)","Ohne Kaderfunktion","Frauen",5533,3884,4423,7643,10735
"2022","Nordwestschweiz","> Aufenthalter/innen (Kat. B)","Ohne Kaderfunktion","Männer",5702,4119,4695,7435,10458
"2022","Nordwestschweiz","> Niedergelassene (Kat. C)","Berufliche Stellung - Total","Geschlecht - Total",6443,4440,5162,8848,13315
"2022","Nordwestschweiz","> Niedergelassene (Kat. C)","Berufliche Stellung - Total","Frauen",5989,4195,4707,8486,12737
"2022","Nordwestschweiz","> Niedergelassene (Kat. C)","Berufliche Stellung - Total","Männer",6602,4742,5478,9046,13674
"2022","Nordwestschweiz","> Niedergelassene (Kat. C)","Oberes und mittleres Kader","Geschlecht - Total",11826,5714,8125,18667,27580
"2022","Nordwestschweiz","> Niedergelassene (Kat. C)","Oberes und mittleres Kader","Frauen",10647,4757,7601,17459,23810
"2022","Nordwestschweiz","> Niedergelassene (Kat. C)","Oberes und mittleres Kader","Männer",12155,6133,8467,19414,29085
"2022","Nordwestschweiz","> Niedergelassene (Kat. C)","Unteres Kader","Geschlecht - Total",8983,5629,7240,12133,15532
"2022","Nordwestschweiz","> Niedergelassene (Kat. C)","Unteres Kader","Frauen",8383,4864,6230,11415,14707
"2022","Nordwestschweiz","> Niedergelassene (Kat. C)","Unteres Kader","Männer",9402,6185,7570,12551,16226
"2022","Nordwestschweiz","> Niedergelassene (Kat. C)","Verantwortlich für die Ausführung der Arbeiten","Geschlecht - Total",7388,5065,5810,9573,13265
"2022","Nordwestschweiz","> Niedergelassene (Kat. C)","Verantwortlich für die Ausführung der Arbeiten","Frauen",7039,4489,5412,9352,12869
"2022","Nordwestschweiz","> Niedergelassene (Kat. C)","Verantwortlich für die Ausführung der Arbeiten","Männer",7496,5280,6040,9763,13580
"2022","Nordwestschweiz","> Niedergelassene (Kat. C)","Ohne Kaderfunktion","Geschlecht - Total",5963,4333,4965,7446,10514
"2022","Nordwestschweiz","> Niedergelassene (Kat. C)","Ohne Kaderfunktion","Frauen",5498,4119,4587,7449,10620
"2022","Nordwestschweiz","> Niedergelassene (Kat. C)","Ohne Kaderfunktion","Männer",6171,4616,5245,7446,10459
"2022","Nordwestschweiz","> Grenzgänger/innen (Kat. G)","Berufliche Stellung - Total","Geschlecht - Total",7150,4713,5705,9613,13403
"2022","Nordwestschweiz","> Grenzgänger/innen (Kat. G)","Berufliche Stellung - Total","Frauen",7167,4485,5502,9404,13230
"2022","Nordwestschweiz","> Grenzgänger/innen (Kat. G)","Berufliche Stellung - Total","Männer",7146,4804,5777,9683,13467
"2022","Nordwestschweiz","> Grenzgänger/innen (Kat. G)","Oberes und mittleres Kader","Geschlecht - Total",12037,6993,9105,17773,24408
"2022","Nordwestschweiz","> Grenzgänger/innen (Kat. G)","Oberes und mittleres Kader","Frauen",11552,6335,8713,18783,23332
"2022","Nordwestschweiz","> Grenzgänger/innen (Kat. G)","Oberes und mittleres Kader","Männer",12037,7314,9201,17509,25250
"2022","Nordwestschweiz","> Grenzgänger/innen (Kat. G)","Unteres Kader","Geschlecht - Total",9580,6052,7650,12195,15080
"2022","Nordwestschweiz","> Grenzgänger/innen (Kat. G)","Unteres Kader","Frauen",9343,6289,7664,12023,14168
"2022","Nordwestschweiz","> Grenzgänger/innen (Kat. G)","Unteres Kader","Männer",9690,6052,7650,12271,15329
"2022","Nordwestschweiz","> Grenzgänger/innen (Kat. G)","Verantwortlich für die Ausführung der Arbeiten","Geschlecht - Total",7847,5708,6529,9983,12822
"2022","Nordwestschweiz","> Grenzgänger/innen (Kat. G)","Verantwortlich für die Ausführung der Arbeiten","Frauen",7959,5369,6384,10094,13078
"2022","Nordwestschweiz","> Grenzgänger/innen (Kat. G)","Verantwortlich für die Ausführung der Arbeiten","Männer",7827,5813,6560,9958,12756
"2022","Nordwestschweiz","> Grenzgänger/innen (Kat. G)","Ohne Kaderfunktion","Geschlecht - Total",6667,4550,5408,8540,11292
"2022","Nordwestschweiz","> Grenzgänger/innen (Kat. G)","Ohne Kaderfunktion","Frauen",6744,4380,5237,8629,11692
"2022","Nordwestschweiz","> Grenzgänger/innen (Kat. G)","Ohne Kaderfunktion","Männer",6659,4648,5443,8493,11073
"2022","Nordwestschweiz","> Andere","Berufliche Stellung - Total","Geschlecht - Total",5131,3710,4251,6483,8464
"2022","Nordwestschweiz","> Andere","Berufliche Stellung - Total","Frauen",4971,3619,4000,7083,8723
"2022","Nordwestschweiz","> Andere","Berufliche Stellung - Total","Männer",5152,3779,4393,6280,8332
"2022","Nordwestschweiz","> Andere","Oberes und mittleres Kader","Geschlecht - Total",,,,,
"2022","Nordwestschweiz","> Andere","Oberes und mittleres Kader","Frauen",,,,,
"2022","Nordwestschweiz","> Andere","Oberes und mittleres Kader","Männer",,,,,
"2022","Nordwestschweiz","> Andere","Unteres Kader","Geschlecht - Total",,,,,
"2022","Nordwestschweiz","> Andere","Unteres Kader","Frauen",,,,,
"2022","Nordwestschweiz","> Andere","Unteres Kader","Männer",,,,,
"2022","Nordwestschweiz","> Andere","Verantwortlich für die Ausführung der Arbeiten","Geschlecht - Total",,,,,
"2022","Nordwestschweiz","> Andere","Verantwortlich für die Ausführung der Arbeiten","Frauen",,,,,
"2022","Nordwestschweiz","> Andere","Verantwortlich für die Ausführung der Arbeiten","Männer",,,,,
"2022","Nordwestschweiz","> Andere","Ohne Kaderfunktion","Geschlecht - Total",4974,3629,4141,6034,7604
"2022","Nordwestschweiz","> Andere","Ohne Kaderfunktion","Frauen",4646,3610,4000,6125,7562
"2022","Nordwestschweiz","> Andere","Ohne Kaderfunktion","Männer",5017,3725,4307,6034,7619
"2022","Zürich","Schweizer/innen und Ausländer/innen - Total","Berufliche Stellung - Total","Geschlecht - Total",7229,4603,5517,9846,13492
"2022","Zürich","Schweizer/innen und Ausländer/innen - Total","Berufliche Stellung - Total","Frauen",6667,4383,5088,8683,11270
"2022","Zürich","Schweizer/innen und Ausländer/innen - Total","Berufliche Stellung - Total","Männer",7692,4844,5874,10758,15068
"2022","Zürich","Schweizer/innen und Ausländer/innen - Total","Oberes und mittleres Kader","Geschlecht - Total",11758,7000,8943,16031,23017
"2022","Zürich","Schweizer/innen und Ausländer/innen - Total","Oberes und mittleres Kader","Frauen",10281,6596,8259,13183,17961
"2022","Zürich","Schweizer/innen und Ausländer/innen - Total","Oberes und mittleres Kader","Männer",12619,7219,9524,17192,24508
"2022","Zürich","Schweizer/innen und Ausländer/innen - Total","Unteres Kader","Geschlecht - Total",9683,6168,7728,11700,14236
"2022","Zürich","Schweizer/innen und Ausländer/innen - Total","Unteres Kader","Frauen",8923,5667,7168,10810,13053
"2022","Zürich","Schweizer/innen und Ausländer/innen - Total","Unteres Kader","Männer",10168,6628,8150,12170,14778
"2022","Zürich","Schweizer/innen und Ausländer/innen - Total","Verantwortlich für die Ausführung der Arbeiten","Geschlecht - Total",7990,5481,6603,9881,11902
"2022","Zürich","Schweizer/innen und Ausländer/innen - Total","Verantwortlich für die Ausführung der Arbeiten","Frauen",7540,5150,6190,9155,10883
"2022","Zürich","Schweizer/innen und Ausländer/innen - Total","Verantwortlich für die Ausführung der Arbeiten","Männer",8333,5678,6906,10351,12380
"2022","Zürich","Schweizer/innen und Ausländer/innen - Total","Ohne Kaderfunktion","Geschlecht - Total",6256,4389,5048,7850,9901
"2022","Zürich","Schweizer/innen und Ausländer/innen - Total","Ohne Kaderfunktion","Frauen",5889,4215,4794,7441,9067
"2022","Zürich","Schweizer/innen und Ausländer/innen - Total","Ohne Kaderfunktion","Männer",6527,4584,5317,8203,10539
"2022","Zürich","Schweizer/innen","Berufliche Stellung - Total","Geschlecht - Total",7568,4850,5879,10106,13625
"2022","Zürich","Schweizer/innen","Berufliche Stellung - Total","Frauen",6909,4624,5388,8792,11190
"2022","Zürich","Schweizer/innen","Berufliche Stellung - Total","Männer",8194,5190,6321,11189,15433
"2022","Zürich","Schweizer/innen","Oberes und mittleres Kader","Geschlecht - Total",11439,7042,8869,15476,21933
"2022","Zürich","Schweizer/innen","Oberes und mittleres Kader","Frauen",10075,6653,8187,12539,16695
"2022","Zürich","Schweizer/innen","Oberes und mittleres Kader","Männer",12399,7236,9468,16745,23810
"2022","Zürich","Schweizer/innen","Unteres Kader","Geschlecht - Total",9603,6261,7738,11530,13873
"2022","Zürich","Schweizer/innen","Unteres Kader","Frauen",8835,5778,7132,10671,12700
"2022","Zürich","Schweizer/innen","Unteres Kader","Männer",10106,6810,8221,11983,14484
"2022","Zürich","Schweizer/innen","Verantwortlich für die Ausführung der Arbeiten","Geschlecht - Total",8048,5593,6754,9931,11917
"2022","Zürich","Schweizer/innen","Verantwortlich für die Ausführung der Arbeiten","Frauen",7544,5273,6310,9084,10818
"2022","Zürich","Schweizer/innen","Verantwortlich für die Ausführung der Arbeiten","Männer",8475,5889,7143,10492,12500
"2022","Zürich","Schweizer/innen","Ohne Kaderfunktion","Geschlecht - Total",6555,4625,5330,8065,9981
"2022","Zürich","Schweizer/innen","Ohne Kaderfunktion","Frauen",6175,4487,5039,7579,9082
"2022","Zürich","Schweizer/innen","Ohne Kaderfunktion","Männer",6899,4843,5671,8542,10795
"2022","Zürich","Ausländer/innen","Berufliche Stellung - Total","Geschlecht - Total",6444,4244,4952,9131,13201
"2022","Zürich","Ausländer/innen","Berufliche Stellung - Total","Frauen",5842,3994,4579,8333,11502
"2022","Zürich","Ausländer/innen","Berufliche Stellung - Total","Männer",6717,4484,5252,9692,14163
"2022","Zürich","Ausländer/innen","Oberes und mittleres Kader","Geschlecht - Total",13095,6709,9240,18163,25714
"2022","Zürich","Ausländer/innen","Oberes und mittleres Kader","Frauen",11760,6291,8465,15902,23471
"2022","Zürich","Ausländer/innen","Oberes und mittleres Kader","Männer",13786,6977,9825,19024,26815
"2022","Zürich","Ausländer/innen","Unteres Kader","Geschlecht - Total",9921,5902,7690,12192,15072
"2022","Zürich","Ausländer/innen","Unteres Kader","Frauen",9205,5238,7230,11135,13887
"2022","Zürich","Ausländer/innen","Unteres Kader","Männer",10344,6288,7999,12637,15651
"2022","Zürich","Ausländer/innen","Verantwortlich für die Ausführung der Arbeiten","Geschlecht - Total",7810,5238,6237,9775,11831
"2022","Zürich","Ausländer/innen","Verantwortlich für die Ausführung der Arbeiten","Frauen",7531,5015,5880,9345,11051
"2022","Zürich","Ausländer/innen","Verantwortlich für die Ausführung der Arbeiten","Männer",7970,5474,6537,10061,12139
"2022","Zürich","Ausländer/innen","Ohne Kaderfunktion","Geschlecht - Total",5688,4087,4686,7362,9690
"2022","Zürich","Ausländer/innen","Ohne Kaderfunktion","Frauen",5175,3883,4382,7005,9022
"2022","Zürich","Ausländer/innen","Ohne Kaderfunktion","Männer",5971,4330,4940,7595,10110
"2022","Zürich","> Kurzaufenthalter/innen (Kat. L)","Berufliche Stellung - Total","Geschlecht - Total",5593,3886,4690,6429,7752
"2022","Zürich","> Kurzaufenthalter/innen (Kat. L)","Berufliche Stellung - Total","Frauen",4881,3000,3955,6840,8279
"2022","Zürich","> Kurzaufenthalter/innen (Kat. L)","Berufliche Stellung - Total","Männer",5672,3912,4963,6410,7603
"2022","Zürich","> Kurzaufenthalter/innen (Kat. L)","Oberes und mittleres Kader","Geschlecht - Total",,,,,
"2022","Zürich","> Kurzaufenthalter/innen (Kat. L)","Oberes und mittleres Kader","Frauen",,,,,
"2022","Zürich","> Kurzaufenthalter/innen (Kat. L)","Oberes und mittleres Kader","Männer",,,,,
"2022","Zürich","> Kurzaufenthalter/innen (Kat. L)","Unteres Kader","Geschlecht - Total",,,,,
"2022","Zürich","> Kurzaufenthalter/innen (Kat. L)","Unteres Kader","Frauen",,,,,
"2022","Zürich","> Kurzaufenthalter/innen (Kat. L)","Unteres Kader","Männer",,,,,
"2022","Zürich","> Kurzaufenthalter/innen (Kat. L)","Verantwortlich für die Ausführung der Arbeiten","Geschlecht - Total",6065,5571,5892,8714,10164
"2022","Zürich","> Kurzaufenthalter/innen (Kat. L)","Verantwortlich für die Ausführung der Arbeiten","Frauen",,,,,
"2022","Zürich","> Kurzaufenthalter/innen (Kat. L)","Verantwortlich für die Ausführung der Arbeiten","Männer",7782,5571,5571,9436,13253
"2022","Zürich","> Kurzaufenthalter/innen (Kat. L)","Ohne Kaderfunktion","Geschlecht - Total",5546,3712,4477,6220,7240
"2022","Zürich","> Kurzaufenthalter/innen (Kat. L)","Ohne Kaderfunktion","Frauen",4396,2927,3799,6154,7687
"2022","Zürich","> Kurzaufenthalter/innen (Kat. L)","Ohne Kaderfunktion","Männer",5579,3912,4963,6233,7088
"2022","Zürich","> Aufenthalter/innen (Kat. B)","Berufliche Stellung - Total","Geschlecht - Total",6306,4068,4714,9047,13021
"2022","Zürich","> Aufenthalter/innen (Kat. B)","Berufliche Stellung - Total","Frauen",5958,3878,4406,8301,11445
"2022","Zürich","> Aufenthalter/innen (Kat. B)","Berufliche Stellung - Total","Männer",6486,4244,4901,9552,13946
"2022","Zürich","> Aufenthalter/innen (Kat. B)","Oberes und mittleres Kader","Geschlecht - Total",13735,6790,9318,19470,27575
"2022","Zürich","> Aufenthalter/innen (Kat. B)","Oberes und mittleres Kader","Frauen",12302,6418,8513,17390,25176
"2022","Zürich","> Aufenthalter/innen (Kat. B)","Oberes und mittleres Kader","Männer",14777,7278,10148,20663,29004
"2022","Zürich","> Aufenthalter/innen (Kat. B)","Unteres Kader","Geschlecht - Total",9945,5691,7670,12449,14826
"2022","Zürich","> Aufenthalter/innen (Kat. B)","Unteres Kader","Frauen",9057,5007,6935,10936,13440
"2022","Zürich","> Aufenthalter/innen (Kat. B)","Unteres Kader","Männer",10572,6400,8282,12870,15840
"2022","Zürich","> Aufenthalter/innen (Kat. B)","Verantwortlich für die Ausführung der Arbeiten","Geschlecht - Total",8021,4881,6237,9794,11986
"2022","Zürich","> Aufenthalter/innen (Kat. B)","Verantwortlich für die Ausführung der Arbeiten","Frauen",7795,4685,6090,9489,11356
"2022","Zürich","> Aufenthalter/innen (Kat. B)","Verantwortlich für die Ausführung der Arbeiten","Männer",8193,5037,6246,10000,12223
"2022","Zürich","> Aufenthalter/innen (Kat. B)","Ohne Kaderfunktion","Geschlecht - Total",5495,3968,4473,7421,9841
"2022","Zürich","> Aufenthalter/innen (Kat. B)","Ohne Kaderfunktion","Frauen",5181,3803,4216,7222,9212
"2022","Zürich","> Aufenthalter/innen (Kat. B)","Ohne Kaderfunktion","Männer",5645,4127,4671,7603,10203
"2022","Zürich","> Niedergelassene (Kat. C)","Berufliche Stellung - Total","Geschlecht - Total",6608,4432,5125,9441,13774
"2022","Zürich","> Niedergelassene (Kat. C)","Berufliche Stellung - Total","Frauen",5833,4102,4670,8498,11783
"2022","Zürich","> Niedergelassene (Kat. C)","Berufliche Stellung - Total","Männer",6953,4762,5538,10159,14959
"2022","Zürich","> Niedergelassene (Kat. C)","Oberes und mittleres Kader","Geschlecht - Total",13095,6709,9372,17907,25144
"2022","Zürich","> Niedergelassene (Kat. C)","Oberes und mittleres Kader","Frauen",11701,6225,8471,15726,22905
"2022","Zürich","> Niedergelassene (Kat. C)","Oberes und mittleres Kader","Männer",13889,6934,10000,18773,26600
"2022","Zürich","> Niedergelassene (Kat. C)","Unteres Kader","Geschlecht - Total",9978,6096,7764,12130,15123
"2022","Zürich","> Niedergelassene (Kat. C)","Unteres Kader","Frauen",9365,5567,7588,11344,14450
"2022","Zürich","> Niedergelassene (Kat. C)","Unteres Kader","Männer",10346,6417,7907,12500,15435
"2022","Zürich","> Niedergelassene (Kat. C)","Verantwortlich für die Ausführung der Arbeiten","Geschlecht - Total",7710,5364,6285,9843,11808
"2022","Zürich","> Niedergelassene (Kat. C)","Verantwortlich für die Ausführung der Arbeiten","Frauen",7431,5103,5755,9365,11065
"2022","Zürich","> Niedergelassene (Kat. C)","Verantwortlich für die Ausführung der Arbeiten","Männer",7810,5589,6615,10125,12172
"2022","Zürich","> Niedergelassene (Kat. C)","Ohne Kaderfunktion","Geschlecht - Total",5803,4281,4816,7388,9713
"2022","Zürich","> Niedergelassene (Kat. C)","Ohne Kaderfunktion","Frauen",5177,3976,4483,6896,9017
"2022","Zürich","> Niedergelassene (Kat. C)","Ohne Kaderfunktion","Männer",6177,4595,5193,7657,10263
"2022","Zürich","> Grenzgänger/innen (Kat. G)","Berufliche Stellung - Total","Geschlecht - Total",6573,4429,5198,8810,12133
"2022","Zürich","> Grenzgänger/innen (Kat. G)","Berufliche Stellung - Total","Frauen",5746,4147,4750,7650,10340
"2022","Zürich","> Grenzgänger/innen (Kat. G)","Berufliche Stellung - Total","Männer",6926,4611,5421,9270,12699
"2022","Zürich","> Grenzgänger/innen (Kat. G)","Oberes und mittleres Kader","Geschlecht - Total",11596,7170,8931,15630,23228
"2022","Zürich","> Grenzgänger/innen (Kat. G)","Oberes und mittleres Kader","Frauen",10749,6273,8023,13577,23563
"2022","Zürich","> Grenzgänger/innen (Kat. G)","Oberes und mittleres Kader","Männer",11910,7459,9204,16182,23227
"2022","Zürich","> Grenzgänger/innen (Kat. G)","Unteres Kader","Geschlecht - Total",9524,6072,7599,11859,15270
"2022","Zürich","> Grenzgänger/innen (Kat. G)","Unteres Kader","Frauen",9220,5902,7358,10854,12886
"2022","Zürich","> Grenzgänger/innen (Kat. G)","Unteres Kader","Männer",9710,6072,7700,12183,15506
"2022","Zürich","> Grenzgänger/innen (Kat. G)","Verantwortlich für die Ausführung der Arbeiten","Geschlecht - Total",7745,5386,6215,9583,11400
"2022","Zürich","> Grenzgänger/innen (Kat. G)","Verantwortlich für die Ausführung der Arbeiten","Frauen",7017,5221,6008,8825,10571
"2022","Zürich","> Grenzgänger/innen (Kat. G)","Verantwortlich für die Ausführung der Arbeiten","Männer",7950,5527,6365,9897,11665
"2022","Zürich","> Grenzgänger/innen (Kat. G)","Ohne Kaderfunktion","Geschlecht - Total",5964,4316,4935,7546,9680
"2022","Zürich","> Grenzgänger/innen (Kat. G)","Ohne Kaderfunktion","Frauen",5275,4016,4569,6785,8353
"2022","Zürich","> Grenzgänger/innen (Kat. G)","Ohne Kaderfunktion","Männer",6237,4424,5180,7800,10146
"2022","Zürich","> Andere","Berufliche Stellung - Total","Geschlecht - Total",4827,3639,4094,5873,8574
"2022","Zürich","> Andere","Berufliche Stellung - Total","Frauen",4824,3744,4172,6508,8942
"2022","Zürich","> Andere","Berufliche Stellung - Total","Männer",4831,3535,4064,5764,7695
"2022","Zürich","> Andere","Oberes und mittleres Kader","Geschlecht - Total",8681,5465,7222,11929,13969
"2022","Zürich","> Andere","Oberes und mittleres Kader","Frauen",,,,,
"2022","Zürich","> Andere","Oberes und mittleres Kader","Männer",7222,5465,5596,8886,14218
"2022","Zürich","> Andere","Unteres Kader","Geschlecht - Total",,,,,
"2022","Zürich","> Andere","Unteres Kader","Frauen",,,,,
"2022","Zürich","> Andere","Unteres Kader","Männer",,,,,
"2022","Zürich","> Andere","Verantwortlich für die Ausführung der Arbeiten","Geschlecht - Total",,,,,
"2022","Zürich","> Andere","Verantwortlich für die Ausführung der Arbeiten","Frauen",,,,,
"2022","Zürich","> Andere","Verantwortlich für die Ausführung der Arbeiten","Männer",,,,,
"2022","Zürich","> Andere","Ohne Kaderfunktion","Geschlecht - Total",4642,3588,4045,5572,6954
"2022","Zürich","> Andere","Ohne Kaderfunktion","Frauen",4669,3715,4126,5672,7288
"2022","Zürich","> Andere","Ohne Kaderfunktion","Männer",4630,3429,4010,5572,6664
"2022","Ostschweiz","Schweizer/innen und Ausländer/innen - Total","Berufliche Stellung - Total","Geschlecht - Total",6344,4362,5120,8086,10676
"2022","Ostschweiz","Schweizer/innen und Ausländer/innen - Total","Berufliche Stellung - Total","Frauen",5851,4098,4696,7443,9464
"2022","Ostschweiz","Schweizer/innen und Ausländer/innen - Total","Berufliche Stellung - Total","Männer",6604,4625,5456,8487,11374
"2022","Ostschweiz","Schweizer/innen und Ausländer/innen - Total","Oberes und mittleres Kader","Geschlecht - Total",9479,5328,7126,12476,16847
"2022","Ostschweiz","Schweizer/innen und Ausländer/innen - Total","Oberes und mittleres Kader","Frauen",8147,4706,6044,10967,14242
"2022","Ostschweiz","Schweizer/innen und Ausländer/innen - Total","Oberes und mittleres Kader","Männer",9881,5904,7583,12957,17460
"2022","Ostschweiz","Schweizer/innen und Ausländer/innen - Total","Unteres Kader","Geschlecht - Total",7879,5280,6500,9944,12026
"2022","Ostschweiz","Schweizer/innen und Ausländer/innen - Total","Unteres Kader","Frauen",7198,4785,5858,9083,11104
"2022","Ostschweiz","Schweizer/innen und Ausländer/innen - Total","Unteres Kader","Männer",8274,5697,6850,10476,12416
"2022","Ostschweiz","Schweizer/innen und Ausländer/innen - Total","Verantwortlich für die Ausführung der Arbeiten","Geschlecht - Total",6822,4986,5844,8242,9875
"2022","Ostschweiz","Schweizer/innen und Ausländer/innen - Total","Verantwortlich für die Ausführung der Arbeiten","Frauen",6305,4485,5214,7504,9073
"2022","Ostschweiz","Schweizer/innen und Ausländer/innen - Total","Verantwortlich für die Ausführung der Arbeiten","Männer",7095,5404,6153,8547,10212
"2022","Ostschweiz","Schweizer/innen und Ausländer/innen - Total","Ohne Kaderfunktion","Geschlecht - Total",5897,4232,4868,7133,8746
"2022","Ostschweiz","Schweizer/innen und Ausländer/innen - Total","Ohne Kaderfunktion","Frauen",5518,4023,4581,6933,8496
"2022","Ostschweiz","Schweizer/innen und Ausländer/innen - Total","Ohne Kaderfunktion","Männer",6070,4462,5158,7246,8922
"2022","Ostschweiz","Schweizer/innen","Berufliche Stellung - Total","Geschlecht - Total",6702,4619,5458,8557,11177
"2022","Ostschweiz","Schweizer/innen","Berufliche Stellung - Total","Frauen",6180,4381,4981,7646,9646
"2022","Ostschweiz","Schweizer/innen","Berufliche Stellung - Total","Männer",7097,4941,5837,9195,12088
"2022","Ostschweiz","Schweizer/innen","Oberes und mittleres Kader","Geschlecht - Total",9492,5564,7222,12321,16183
"2022","Ostschweiz","Schweizer/innen","Oberes und mittleres Kader","Frauen",8104,4705,6147,10535,13410
"2022","Ostschweiz","Schweizer/innen","Oberes und mittleres Kader","Männer",9916,6074,7734,12815,16840
"2022","Ostschweiz","Schweizer/innen","Unteres Kader","Geschlecht - Total",7945,5458,6577,9902,11903
"2022","Ostschweiz","Schweizer/innen","Unteres Kader","Frauen",7204,4931,5896,8948,10683
"2022","Ostschweiz","Schweizer/innen","Unteres Kader","Männer",8417,5980,7018,10530,12370
"2022","Ostschweiz","Schweizer/innen","Verantwortlich für die Ausführung der Arbeiten","Geschlecht - Total",6952,5028,5924,8367,10043
"2022","Ostschweiz","Schweizer/innen","Verantwortlich für die Ausführung der Arbeiten","Frauen",6299,4476,5256,7456,9000
"2022","Ostschweiz","Schweizer/innen","Verantwortlich für die Ausführung der Arbeiten","Männer",7353,5507,6398,8755,10420
"2022","Ostschweiz","Schweizer/innen","Ohne Kaderfunktion","Geschlecht - Total",6200,4489,5159,7470,9162
"2022","Ostschweiz","Schweizer/innen","Ohne Kaderfunktion","Frauen",5897,4323,4846,7184,8768
"2022","Ostschweiz","Schweizer/innen","Ohne Kaderfunktion","Männer",6393,4724,5467,7693,9454
"2022","Ostschweiz","Ausländer/innen","Berufliche Stellung - Total","Geschlecht - Total",5686,4056,4679,7094,9326
"2022","Ostschweiz","Ausländer/innen","Berufliche Stellung - Total","Frauen",5013,3766,4245,6819,8855
"2022","Ostschweiz","Ausländer/innen","Berufliche Stellung - Total","Männer",5910,4318,4979,7196,9562
"2022","Ostschweiz","Ausländer/innen","Oberes und mittleres Kader","Geschlecht - Total",9389,4786,6648,13242,19287
"2022","Ostschweiz","Ausländer/innen","Oberes und mittleres Kader","Frauen",8399,4736,5678,12314,17683
"2022","Ostschweiz","Ausländer/innen","Oberes und mittleres Kader","Männer",9750,4925,6922,13884,19951
"2022","Ostschweiz","Ausländer/innen","Unteres Kader","Geschlecht - Total",7632,4877,6154,10061,12508
"2022","Ostschweiz","Ausländer/innen","Unteres Kader","Frauen",7176,4500,5647,9753,12215
"2022","Ostschweiz","Ausländer/innen","Unteres Kader","Männer",7768,5188,6489,10282,12670
"2022","Ostschweiz","Ausländer/innen","Verantwortlich für die Ausführung der Arbeiten","Geschlecht - Total",6608,4942,5743,7833,9535
"2022","Ostschweiz","Ausländer/innen","Verantwortlich für die Ausführung der Arbeiten","Frauen",6369,4519,5138,7605,9341
"2022","Ostschweiz","Ausländer/innen","Verantwortlich für die Ausführung der Arbeiten","Männer",6707,5098,5890,7945,9535
"2022","Ostschweiz","Ausländer/innen","Ohne Kaderfunktion","Geschlecht - Total",5423,3979,4541,6544,7977
"2022","Ostschweiz","Ausländer/innen","Ohne Kaderfunktion","Frauen",4804,3706,4160,6150,7922
"2022","Ostschweiz","Ausländer/innen","Ohne Kaderfunktion","Männer",5674,4221,4820,6634,8016
"2022","Ostschweiz","> Kurzaufenthalter/innen (Kat. L)","Berufliche Stellung - Total","Geschlecht - Total",4587,3526,3846,5616,6452
"2022","Ostschweiz","> Kurzaufenthalter/innen (Kat. L)","Berufliche Stellung - Total","Frauen",4125,3462,3712,4619,5203
"2022","Ostschweiz","> Kurzaufenthalter/innen (Kat. L)","Berufliche Stellung - Total","Männer",5011,3620,4141,5920,6649
"2022","Ostschweiz","> Kurzaufenthalter/innen (Kat. L)","Oberes und mittleres Kader","Geschlecht - Total",,,,,
"2022","Ostschweiz","> Kurzaufenthalter/innen (Kat. L)","Oberes und mittleres Kader","Frauen",,,,,
"2022","Ostschweiz","> Kurzaufenthalter/innen (Kat. L)","Oberes und mittleres Kader","Männer",,,,,
"2022","Ostschweiz","> Kurzaufenthalter/innen (Kat. L)","Unteres Kader","Geschlecht - Total",,,,,
"2022","Ostschweiz","> Kurzaufenthalter/innen (Kat. L)","Unteres Kader","Frauen",,,,,
"2022","Ostschweiz","> Kurzaufenthalter/innen (Kat. L)","Unteres Kader","Männer",,,,,
"2022","Ostschweiz","> Kurzaufenthalter/innen (Kat. L)","Verantwortlich für die Ausführung der Arbeiten","Geschlecht - Total",,,,,
"2022","Ostschweiz","> Kurzaufenthalter/innen (Kat. L)","Verantwortlich für die Ausführung der Arbeiten","Frauen",,,,,
"2022","Ostschweiz","> Kurzaufenthalter/innen (Kat. L)","Verantwortlich für die Ausführung der Arbeiten","Männer",,,,,
"2022","Ostschweiz","> Kurzaufenthalter/innen (Kat. L)","Ohne Kaderfunktion","Geschlecht - Total",4489,3506,3809,5614,6422
"2022","Ostschweiz","> Kurzaufenthalter/innen (Kat. L)","Ohne Kaderfunktion","Frauen",4082,3462,3678,4511,5090
"2022","Ostschweiz","> Kurzaufenthalter/innen (Kat. L)","Ohne Kaderfunktion","Männer",5040,3611,4092,5922,6653
"2022","Ostschweiz","> Aufenthalter/innen (Kat. B)","Berufliche Stellung - Total","Geschlecht - Total",5242,3885,4418,6563,8618
"2022","Ostschweiz","> Aufenthalter/innen (Kat. B)","Berufliche Stellung - Total","Frauen",4746,3640,4094,6473,8449
"2022","Ostschweiz","> Aufenthalter/innen (Kat. B)","Berufliche Stellung - Total","Männer",5468,4090,4662,6586,8714
"2022","Ostschweiz","> Aufenthalter/innen (Kat. B)","Oberes und mittleres Kader","Geschlecht - Total",8114,4582,5678,12873,21429
"2022","Ostschweiz","> Aufenthalter/innen (Kat. B)","Oberes und mittleres Kader","Frauen",8452,4283,5201,12873,22157
"2022","Ostschweiz","> Aufenthalter/innen (Kat. B)","Oberes und mittleres Kader","Männer",8110,4830,5678,12692,20883
"2022","Ostschweiz","> Aufenthalter/innen (Kat. B)","Unteres Kader","Geschlecht - Total",7315,4436,5429,10058,12601
"2022","Ostschweiz","> Aufenthalter/innen (Kat. B)","Unteres Kader","Frauen",7288,4175,5304,10097,12842
"2022","Ostschweiz","> Aufenthalter/innen (Kat. B)","Unteres Kader","Männer",7358,4460,5520,10002,12432
"2022","Ostschweiz","> Aufenthalter/innen (Kat. B)","Verantwortlich für die Ausführung der Arbeiten","Geschlecht - Total",6369,4483,5229,7575,9569
"2022","Ostschweiz","> Aufenthalter/innen (Kat. B)","Verantwortlich für die Ausführung der Arbeiten","Frauen",6369,4326,5129,7568,9341
"2022","Ostschweiz","> Aufenthalter/innen (Kat. B)","Verantwortlich für die Ausführung der Arbeiten","Männer",6321,4706,5287,7581,9759
"2022","Ostschweiz","> Aufenthalter/innen (Kat. B)","Ohne Kaderfunktion","Geschlecht - Total",5067,3836,4325,6133,7575
"2022","Ostschweiz","> Aufenthalter/innen (Kat. B)","Ohne Kaderfunktion","Frauen",4573,3610,4021,5715,7462
"2022","Ostschweiz","> Aufenthalter/innen (Kat. B)","Ohne Kaderfunktion","Männer",5306,4043,4573,6239,7602
"2022","Ostschweiz","> Niedergelassene (Kat. C)","Berufliche Stellung - Total","Geschlecht - Total",5918,4283,4923,7310,9703
"2022","Ostschweiz","> Niedergelassene (Kat. C)","Berufliche Stellung - Total","Frauen",5229,3988,4476,7086,9214
"2022","Ostschweiz","> Niedergelassene (Kat. C)","Berufliche Stellung - Total","Männer",6163,4628,5288,7398,9975
"2022","Ostschweiz","> Niedergelassene (Kat. C)","Oberes und mittleres Kader","Geschlecht - Total",9750,5246,7232,13487,19303
"2022","Ostschweiz","> Niedergelassene (Kat. C)","Oberes und mittleres Kader","Frauen",8850,4981,6926,12394,17380
"2022","Ostschweiz","> Niedergelassene (Kat. C)","Oberes und mittleres Kader","Männer",10102,5367,7276,14298,20187
"2022","Ostschweiz","> Niedergelassene (Kat. C)","Unteres Kader","Geschlecht - Total",7745,5220,6344,10300,12878
"2022","Ostschweiz","> Niedergelassene (Kat. C)","Unteres Kader","Frauen",7720,4539,5997,9863,12655
"2022","Ostschweiz","> Niedergelassene (Kat. C)","Unteres Kader","Männer",7794,5513,6644,10422,13005
"2022","Ostschweiz","> Niedergelassene (Kat. C)","Verantwortlich für die Ausführung der Arbeiten","Geschlecht - Total",6672,5075,5844,7736,9392
"2022","Ostschweiz","> Niedergelassene (Kat. C)","Verantwortlich für die Ausführung der Arbeiten","Frauen",6170,4612,5080,7536,9276
"2022","Ostschweiz","> Niedergelassene (Kat. C)","Verantwortlich für die Ausführung der Arbeiten","Männer",6780,5470,6034,7790,9416
"2022","Ostschweiz","> Niedergelassene (Kat. C)","Ohne Kaderfunktion","Geschlecht - Total",5614,4221,4767,6678,8132
"2022","Ostschweiz","> Niedergelassene (Kat. C)","Ohne Kaderfunktion","Frauen",4981,3924,4361,6262,8185
"2022","Ostschweiz","> Niedergelassene (Kat. C)","Ohne Kaderfunktion","Männer",5891,4541,5130,6778,8097
"2022","Ostschweiz","> Grenzgänger/innen (Kat. G)","Berufliche Stellung - Total","Geschlecht - Total",6190,4234,5055,7712,9998
"2022","Ostschweiz","> Grenzgänger/innen (Kat. G)","Berufliche Stellung - Total","Frauen",5715,3731,4444,7406,9221
"2022","Ostschweiz","> Grenzgänger/innen (Kat. G)","Berufliche Stellung - Total","Männer",6293,4496,5328,7876,10239
"2022","Ostschweiz","> Grenzgänger/innen (Kat. G)","Oberes und mittleres Kader","Geschlecht - Total",9826,4875,7150,13192,17577
"2022","Ostschweiz","> Grenzgänger/innen (Kat. G)","Oberes und mittleres Kader","Frauen",7627,4786,4786,10299,14077
"2022","Ostschweiz","> Grenzgänger/innen (Kat. G)","Oberes und mittleres Kader","Männer",10245,6421,7908,13625,17954
"2022","Ostschweiz","> Grenzgänger/innen (Kat. G)","Unteres Kader","Geschlecht - Total",7930,5569,6664,10172,12208
"2022","Ostschweiz","> Grenzgänger/innen (Kat. G)","Unteres Kader","Frauen",6841,4262,6014,9083,11582
"2022","Ostschweiz","> Grenzgänger/innen (Kat. G)","Unteres Kader","Männer",8281,6105,6991,10447,12398
"2022","Ostschweiz","> Grenzgänger/innen (Kat. G)","Verantwortlich für die Ausführung der Arbeiten","Geschlecht - Total",6758,5158,5961,8426,9879
"2022","Ostschweiz","> Grenzgänger/innen (Kat. G)","Verantwortlich für die Ausführung der Arbeiten","Frauen",6808,4965,5715,7941,10018
"2022","Ostschweiz","> Grenzgänger/innen (Kat. G)","Verantwortlich für die Ausführung der Arbeiten","Männer",6677,5321,5966,8550,9863
"2022","Ostschweiz","> Grenzgänger/innen (Kat. G)","Ohne Kaderfunktion","Geschlecht - Total",5880,4135,4830,7088,8530
"2022","Ostschweiz","> Grenzgänger/innen (Kat. G)","Ohne Kaderfunktion","Frauen",5381,3556,4186,6981,8392
"2022","Ostschweiz","> Grenzgänger/innen (Kat. G)","Ohne Kaderfunktion","Männer",5980,4364,5089,7102,8574
"2022","Ostschweiz","> Andere","Berufliche Stellung - Total","Geschlecht - Total",4441,3652,3936,5121,6698
"2022","Ostschweiz","> Andere","Berufliche Stellung - Total","Frauen",4331,3527,3922,4877,6613
"2022","Ostschweiz","> Andere","Berufliche Stellung - Total","Männer",4530,3694,3936,5308,6783
"2022","Ostschweiz","> Andere","Oberes und mittleres Kader","Geschlecht - Total",,,,,
"2022","Ostschweiz","> Andere","Oberes und mittleres Kader","Frauen",,,,,
"2022","Ostschweiz","> Andere","Oberes und mittleres Kader","Männer",,,,,
"2022","Ostschweiz","> Andere","Unteres Kader","Geschlecht - Total",,,,,
"2022","Ostschweiz","> Andere","Unteres Kader","Frauen",,,,,
"2022","Ostschweiz","> Andere","Unteres Kader","Männer",,,,,
"2022","Ostschweiz","> Andere","Verantwortlich für die Ausführung der Arbeiten","Geschlecht - Total",,,,,
"2022","Ostschweiz","> Andere","Verantwortlich für die Ausführung der Arbeiten","Frauen",,,,,
"2022","Ostschweiz","> Andere","Verantwortlich für die Ausführung der Arbeiten","Männer",,,,,
"2022","Ostschweiz","> Andere","Ohne Kaderfunktion","Geschlecht - Total",4371,3629,3895,5046,6118
"2022","Ostschweiz","> Andere","Ohne Kaderfunktion","Frauen",4275,3467,3817,4534,5833
"2022","Ostschweiz","> Andere","Ohne Kaderfunktion","Männer",4481,3689,3925,5121,6139
"2022","Zentralschweiz","Schweizer/innen und Ausländer/innen - Total","Berufliche Stellung - Total","Geschlecht - Total",6779,4562,5437,8988,12276
"2022","Zentralschweiz","Schweizer/innen und Ausländer/innen - Total","Berufliche Stellung - Total","Frauen",6334,4323,5000,8131,10606
"2022","Zentralschweiz","Schweizer/innen und Ausländer/innen - Total","Berufliche Stellung - Total","Männer",7094,4848,5743,9617,13333
"2022","Zentralschweiz","Schweizer/innen und Ausländer/innen - Total","Oberes und mittleres Kader","Geschlecht - Total",10171,5749,7516,14113,21199
"2022","Zentralschweiz","Schweizer/innen und Ausländer/innen - Total","Oberes und mittleres Kader","Frauen",9020,4860,6471,12500,18333
"2022","Zentralschweiz","Schweizer/innen und Ausländer/innen - Total","Oberes und mittleres Kader","Männer",10586,6212,7936,14625,22061
"2022","Zentralschweiz","Schweizer/innen und Ausländer/innen - Total","Unteres Kader","Geschlecht - Total",8501,5614,6927,10531,13223
"2022","Zentralschweiz","Schweizer/innen und Ausländer/innen - Total","Unteres Kader","Frauen",7967,5035,6208,9803,12466
"2022","Zentralschweiz","Schweizer/innen und Ausländer/innen - Total","Unteres Kader","Männer",8871,6069,7304,10857,13567
"2022","Zentralschweiz","Schweizer/innen und Ausländer/innen - Total","Verantwortlich für die Ausführung der Arbeiten","Geschlecht - Total",7317,5038,6087,9231,11545
"2022","Zentralschweiz","Schweizer/innen und Ausländer/innen - Total","Verantwortlich für die Ausführung der Arbeiten","Frauen",6820,4622,5447,8537,10574
"2022","Zentralschweiz","Schweizer/innen und Ausländer/innen - Total","Verantwortlich für die Ausführung der Arbeiten","Männer",7558,5654,6402,9608,12026
"2022","Zentralschweiz","Schweizer/innen und Ausländer/innen - Total","Ohne Kaderfunktion","Geschlecht - Total",6190,4390,5115,7666,9800
"2022","Zentralschweiz","Schweizer/innen und Ausländer/innen - Total","Ohne Kaderfunktion","Frauen",5958,4232,4803,7500,9405
"2022","Zentralschweiz","Schweizer/innen und Ausländer/innen - Total","Ohne Kaderfunktion","Männer",6339,4596,5373,7794,10109
"2022","Zentralschweiz","Schweizer/innen","Berufliche Stellung - Total","Geschlecht - Total",6977,4746,5656,9039,11902
"2022","Zentralschweiz","Schweizer/innen","Berufliche Stellung - Total","Frauen",6468,4473,5198,8087,10206
"2022","Zentralschweiz","Schweizer/innen","Berufliche Stellung - Total","Männer",7396,5108,6000,9768,12974
"2022","Zentralschweiz","Schweizer/innen","Oberes und mittleres Kader","Geschlecht - Total",9904,5765,7467,13207,18250
"2022","Zentralschweiz","Schweizer/innen","Oberes und mittleres Kader","Frauen",8572,4794,6305,11469,15322
"2022","Zentralschweiz","Schweizer/innen","Oberes und mittleres Kader","Männer",10317,6306,7920,13659,19098
"2022","Zentralschweiz","Schweizer/innen","Unteres Kader","Geschlecht - Total",8397,5676,6927,10223,12263
"2022","Zentralschweiz","Schweizer/innen","Unteres Kader","Frauen",7836,5039,6185,9369,11480
"2022","Zentralschweiz","Schweizer/innen","Unteres Kader","Männer",8782,6146,7317,10526,12618
"2022","Zentralschweiz","Schweizer/innen","Verantwortlich für die Ausführung der Arbeiten","Geschlecht - Total",7322,5146,6187,8994,11018
"2022","Zentralschweiz","Schweizer/innen","Verantwortlich für die Ausführung der Arbeiten","Frauen",6780,4745,5469,8254,9943
"2022","Zentralschweiz","Schweizer/innen","Verantwortlich für die Ausführung der Arbeiten","Männer",7603,5743,6525,9494,11577
"2022","Zentralschweiz","Schweizer/innen","Ohne Kaderfunktion","Geschlecht - Total",6397,4588,5322,7798,9702
"2022","Zentralschweiz","Schweizer/innen","Ohne Kaderfunktion","Frauen",6149,4398,5029,7549,9273
"2022","Zentralschweiz","Schweizer/innen","Ohne Kaderfunktion","Männer",6585,4848,5586,8007,10067
"2022","Zentralschweiz","Ausländer/innen","Berufliche Stellung - Total","Geschlecht - Total",6156,4216,4915,8760,13906
"2022","Zentralschweiz","Ausländer/innen","Berufliche Stellung - Total","Frauen",5677,3953,4503,8396,12552
"2022","Zentralschweiz","Ausländer/innen","Berufliche Stellung - Total","Männer",6295,4398,5224,8978,14650
"2022","Zentralschweiz","Ausländer/innen","Oberes und mittleres Kader","Geschlecht - Total",12624,5623,7963,20465,33556
"2022","Zentralschweiz","Ausländer/innen","Oberes und mittleres Kader","Frauen",11349,5152,7222,18200,29182
"2022","Zentralschweiz","Ausländer/innen","Oberes und mittleres Kader","Männer",12941,5674,8254,21367,35430
"2022","Zentralschweiz","Ausländer/innen","Unteres Kader","Geschlecht - Total",9230,5157,6965,12641,17117
"2022","Zentralschweiz","Ausländer/innen","Unteres Kader","Frauen",8829,4829,6341,12209,15902
"2022","Zentralschweiz","Ausländer/innen","Unteres Kader","Männer",9459,5524,7207,12963,17793
"2022","Zentralschweiz","Ausländer/innen","Verantwortlich für die Ausführung der Arbeiten","Geschlecht - Total",7282,4746,5913,10223,13198
"2022","Zentralschweiz","Ausländer/innen","Verantwortlich für die Ausführung der Arbeiten","Frauen",7043,4333,5336,9770,12444
"2022","Zentralschweiz","Ausländer/innen","Verantwortlich für die Ausführung der Arbeiten","Männer",7341,5140,5993,10494,13503
"2022","Zentralschweiz","Ausländer/innen","Ohne Kaderfunktion","Geschlecht - Total",5709,4074,4675,7211,10158
"2022","Zentralschweiz","Ausländer/innen","Ohne Kaderfunktion","Frauen",5158,3823,4347,7245,10034
"2022","Zentralschweiz","Ausländer/innen","Ohne Kaderfunktion","Männer",5883,4278,4978,7196,10253
"2022","Zentralschweiz","> Kurzaufenthalter/innen (Kat. L)","Berufliche Stellung - Total","Geschlecht - Total",5611,3786,4410,6590,8088
"2022","Zentralschweiz","> Kurzaufenthalter/innen (Kat. L)","Berufliche Stellung - Total","Frauen",4429,3403,3846,5429,8659
"2022","Zentralschweiz","> Kurzaufenthalter/innen (Kat. L)","Berufliche Stellung - Total","Männer",5815,3983,4904,6695,8065
"2022","Zentralschweiz","> Kurzaufenthalter/innen (Kat. L)","Oberes und mittleres Kader","Geschlecht - Total",,,,,
"2022","Zentralschweiz","> Kurzaufenthalter/innen (Kat. L)","Oberes und mittleres Kader","Frauen",,,,,
"2022","Zentralschweiz","> Kurzaufenthalter/innen (Kat. L)","Oberes und mittleres Kader","Männer",,,,,
"2022","Zentralschweiz","> Kurzaufenthalter/innen (Kat. L)","Unteres Kader","Geschlecht - Total",,,,,
"2022","Zentralschweiz","> Kurzaufenthalter/innen (Kat. L)","Unteres Kader","Frauen",,,,,
"2022","Zentralschweiz","> Kurzaufenthalter/innen (Kat. L)","Unteres Kader","Männer",,,,,
"2022","Zentralschweiz","> Kurzaufenthalter/innen (Kat. L)","Verantwortlich für die Ausführung der Arbeiten","Geschlecht - Total",,,,,
"2022","Zentralschweiz","> Kurzaufenthalter/innen (Kat. L)","Verantwortlich für die Ausführung der Arbeiten","Frauen",,,,,
"2022","Zentralschweiz","> Kurzaufenthalter/innen (Kat. L)","Verantwortlich für die Ausführung der Arbeiten","Männer",,,,,
"2022","Zentralschweiz","> Kurzaufenthalter/innen (Kat. L)","Ohne Kaderfunktion","Geschlecht - Total",5598,3747,4372,6463,7454
"2022","Zentralschweiz","> Kurzaufenthalter/innen (Kat. L)","Ohne Kaderfunktion","Frauen",4312,3370,3812,5021,6761
"2022","Zentralschweiz","> Kurzaufenthalter/innen (Kat. L)","Ohne Kaderfunktion","Männer",5811,3908,4849,6654,7656
"2022","Zentralschweiz","> Aufenthalter/innen (Kat. B)","Berufliche Stellung - Total","Geschlecht - Total",5883,4042,4643,8849,14354
"2022","Zentralschweiz","> Aufenthalter/innen (Kat. B)","Berufliche Stellung - Total","Frauen",5746,3832,4405,8849,13364
"2022","Zentralschweiz","> Aufenthalter/innen (Kat. B)","Berufliche Stellung - Total","Männer",5895,4203,4809,8786,14946
"2022","Zentralschweiz","> Aufenthalter/innen (Kat. B)","Oberes und mittleres Kader","Geschlecht - Total",15473,5563,8880,25103,39912
"2022","Zentralschweiz","> Aufenthalter/innen (Kat. B)","Oberes und mittleres Kader","Frauen",15260,5607,8667,21949,34366
"2022","Zentralschweiz","> Aufenthalter/innen (Kat. B)","Oberes und mittleres Kader","Männer",15513,5563,8941,26168,42340
"2022","Zentralschweiz","> Aufenthalter/innen (Kat. B)","Unteres Kader","Geschlecht - Total",9921,4796,6250,13096,18286
"2022","Zentralschweiz","> Aufenthalter/innen (Kat. B)","Unteres Kader","Frauen",10162,4624,6250,12804,17875
"2022","Zentralschweiz","> Aufenthalter/innen (Kat. B)","Unteres Kader","Männer",9622,5138,6300,13179,19026
"2022","Zentralschweiz","> Aufenthalter/innen (Kat. B)","Verantwortlich für die Ausführung der Arbeiten","Geschlecht - Total",7703,4288,5399,10800,13503
"2022","Zentralschweiz","> Aufenthalter/innen (Kat. B)","Verantwortlich für die Ausführung der Arbeiten","Frauen",7958,4221,5250,10640,12698
"2022","Zentralschweiz","> Aufenthalter/innen (Kat. B)","Verantwortlich für die Ausführung der Arbeiten","Männer",7317,4333,5649,11189,13795
"2022","Zentralschweiz","> Aufenthalter/innen (Kat. B)","Ohne Kaderfunktion","Geschlecht - Total",5490,3959,4480,7202,10473
"2022","Zentralschweiz","> Aufenthalter/innen (Kat. B)","Ohne Kaderfunktion","Frauen",5148,3766,4260,7659,10673
"2022","Zentralschweiz","> Aufenthalter/innen (Kat. B)","Ohne Kaderfunktion","Männer",5597,4095,4644,6938,10395
"2022","Zentralschweiz","> Niedergelassene (Kat. C)","Berufliche Stellung - Total","Geschlecht - Total",6364,4433,5168,8891,13804
"2022","Zentralschweiz","> Niedergelassene (Kat. C)","Berufliche Stellung - Total","Frauen",5714,4132,4643,8254,12190
"2022","Zentralschweiz","> Niedergelassene (Kat. C)","Berufliche Stellung - Total","Männer",6581,4835,5536,9286,14722
"2022","Zentralschweiz","> Niedergelassene (Kat. C)","Oberes und mittleres Kader","Geschlecht - Total",11216,5756,7468,18436,30133
"2022","Zentralschweiz","> Niedergelassene (Kat. C)","Oberes und mittleres Kader","Frauen",10608,5259,7016,16666,26492
"2022","Zentralschweiz","> Niedergelassene (Kat. C)","Oberes und mittleres Kader","Männer",11555,5967,7658,19389,30451
"2022","Zentralschweiz","> Niedergelassene (Kat. C)","Unteres Kader","Geschlecht - Total",9075,5453,7367,12272,16281
"2022","Zentralschweiz","> Niedergelassene (Kat. C)","Unteres Kader","Frauen",8404,5019,6512,11527,15177
"2022","Zentralschweiz","> Niedergelassene (Kat. C)","Unteres Kader","Männer",9371,6148,7540,12627,16673
"2022","Zentralschweiz","> Niedergelassene (Kat. C)","Verantwortlich für die Ausführung der Arbeiten","Geschlecht - Total",7172,5000,5993,9719,12806
"2022","Zentralschweiz","> Niedergelassene (Kat. C)","Verantwortlich für die Ausführung der Arbeiten","Frauen",6744,4362,5336,9045,11894
"2022","Zentralschweiz","> Niedergelassene (Kat. C)","Verantwortlich für die Ausführung der Arbeiten","Männer",7270,5678,6120,10042,13082
"2022","Zentralschweiz","> Niedergelassene (Kat. C)","Ohne Kaderfunktion","Geschlecht - Total",5853,4288,4910,7256,10077
"2022","Zentralschweiz","> Niedergelassene (Kat. C)","Ohne Kaderfunktion","Frauen",5203,3986,4473,7107,9809
"2022","Zentralschweiz","> Niedergelassene (Kat. C)","Ohne Kaderfunktion","Männer",6115,4654,5325,7347,10330
"2022","Zentralschweiz","> Grenzgänger/innen (Kat. G)","Berufliche Stellung - Total","Geschlecht - Total",7729,4501,5952,10826,16908
"2022","Zentralschweiz","> Grenzgänger/innen (Kat. G)","Berufliche Stellung - Total","Frauen",6296,4050,4850,8769,12886
"2022","Zentralschweiz","> Grenzgänger/innen (Kat. G)","Berufliche Stellung - Total","Männer",7936,4931,6263,11137,18430
"2022","Zentralschweiz","> Grenzgänger/innen (Kat. G)","Oberes und mittleres Kader","Geschlecht - Total",12202,4935,8354,18548,29589
"2022","Zentralschweiz","> Grenzgänger/innen (Kat. G)","Oberes und mittleres Kader","Frauen",5306,3978,3978,15449,27782
"2022","Zentralschweiz","> Grenzgänger/innen (Kat. G)","Oberes und mittleres Kader","Männer",12377,7130,9280,18548,29988
"2022","Zentralschweiz","> Grenzgänger/innen (Kat. G)","Unteres Kader","Geschlecht - Total",11054,7583,8633,13919,18548
"2022","Zentralschweiz","> Grenzgänger/innen (Kat. G)","Unteres Kader","Frauen",,,,,
"2022","Zentralschweiz","> Grenzgänger/innen (Kat. G)","Unteres Kader","Männer",11137,7619,8633,16908,18548
"2022","Zentralschweiz","> Grenzgänger/innen (Kat. G)","Verantwortlich für die Ausführung der Arbeiten","Geschlecht - Total",9938,6123,7774,11425,13642
"2022","Zentralschweiz","> Grenzgänger/innen (Kat. G)","Verantwortlich für die Ausführung der Arbeiten","Frauen",,,,,
"2022","Zentralschweiz","> Grenzgänger/innen (Kat. G)","Verantwortlich für die Ausführung der Arbeiten","Männer",10251,6036,7843,11425,12666
"2022","Zentralschweiz","> Grenzgänger/innen (Kat. G)","Ohne Kaderfunktion","Geschlecht - Total",6999,4483,5547,8667,12218
"2022","Zentralschweiz","> Grenzgänger/innen (Kat. G)","Ohne Kaderfunktion","Frauen",5976,4139,4850,7692,11058
"2022","Zentralschweiz","> Grenzgänger/innen (Kat. G)","Ohne Kaderfunktion","Männer",7230,4537,5808,8809,12632
"2022","Zentralschweiz","> Andere","Berufliche Stellung - Total","Geschlecht - Total",4479,3583,3870,5725,6871
"2022","Zentralschweiz","> Andere","Berufliche Stellung - Total","Frauen",4230,3455,3759,6067,7734
"2022","Zentralschweiz","> Andere","Berufliche Stellung - Total","Männer",4519,3587,3875,5609,6592
"2022","Zentralschweiz","> Andere","Oberes und mittleres Kader","Geschlecht - Total",,,,,
"2022","Zentralschweiz","> Andere","Oberes und mittleres Kader","Frauen",,,,,
"2022","Zentralschweiz","> Andere","Oberes und mittleres Kader","Männer",,,,,
"2022","Zentralschweiz","> Andere","Unteres Kader","Geschlecht - Total",,,,,
"2022","Zentralschweiz","> Andere","Unteres Kader","Frauen",,,,,
"2022","Zentralschweiz","> Andere","Unteres Kader","Männer",,,,,
"2022","Zentralschweiz","> Andere","Verantwortlich für die Ausführung der Arbeiten","Geschlecht - Total",,,,,
"2022","Zentralschweiz","> Andere","Verantwortlich für die Ausführung der Arbeiten","Frauen",,,,,
"2022","Zentralschweiz","> Andere","Verantwortlich für die Ausführung der Arbeiten","Männer",,,,,
"2022","Zentralschweiz","> Andere","Ohne Kaderfunktion","Geschlecht - Total",4394,3505,3846,5391,6431
"2022","Zentralschweiz","> Andere","Ohne Kaderfunktion","Frauen",4084,3402,3637,4763,6618
"2022","Zentralschweiz","> Andere","Ohne Kaderfunktion","Männer",4488,3586,3870,5433,6431
"2022","Ticino","Schweizer/innen und Ausländer/innen - Total","Berufliche Stellung - Total","Geschlecht - Total",5590,3683,4378,7309,9882
"2022","Ticino","Schweizer/innen und Ausländer/innen - Total","Berufliche Stellung - Total","Frauen",5272,3527,4096,6952,8855
"2022","Ticino","Schweizer/innen und Ausländer/innen - Total","Berufliche Stellung - Total","Männer",5755,3819,4577,7571,10497
"2022","Ticino","Schweizer/innen und Ausländer/innen - Total","Oberes und mittleres Kader","Geschlecht - Total",8755,4876,6203,12858,18417
"2022","Ticino","Schweizer/innen und Ausländer/innen - Total","Oberes und mittleres Kader","Frauen",7690,4186,5466,10569,15185
"2022","Ticino","Schweizer/innen und Ausländer/innen - Total","Oberes und mittleres Kader","Männer",9412,5098,6449,13667,19843
"2022","Ticino","Schweizer/innen und Ausländer/innen - Total","Unteres Kader","Geschlecht - Total",6707,4282,5100,8899,11459
"2022","Ticino","Schweizer/innen und Ausländer/innen - Total","Unteres Kader","Frauen",6274,4093,4967,8253,10136
"2022","Ticino","Schweizer/innen und Ausländer/innen - Total","Unteres Kader","Männer",7000,4331,5246,9464,12104
"2022","Ticino","Schweizer/innen und Ausländer/innen - Total","Verantwortlich für die Ausführung der Arbeiten","Geschlecht - Total",6034,4084,4901,7475,8905
"2022","Ticino","Schweizer/innen und Ausländer/innen - Total","Verantwortlich für die Ausführung der Arbeiten","Frauen",5769,3826,4645,7372,8694
"2022","Ticino","Schweizer/innen und Ausländer/innen - Total","Verantwortlich für die Ausführung der Arbeiten","Männer",6201,4142,5056,7560,9135
"2022","Ticino","Schweizer/innen und Ausländer/innen - Total","Ohne Kaderfunktion","Geschlecht - Total",5184,3577,4139,6397,8157
"2022","Ticino","Schweizer/innen und Ausländer/innen - Total","Ohne Kaderfunktion","Frauen",4951,3461,3900,6374,8199
"2022","Ticino","Schweizer/innen und Ausländer/innen - Total","Ohne Kaderfunktion","Männer",5336,3691,4316,6405,8124
"2022","Ticino","Schweizer/innen","Berufliche Stellung - Total","Geschlecht - Total",6462,4333,5229,8505,11172
"2022","Ticino","Schweizer/innen","Berufliche Stellung - Total","Frauen",6086,4167,4952,7788,9633
"2022","Ticino","Schweizer/innen","Berufliche Stellung - Total","Männer",6807,4512,5484,9154,12466
"2022","Ticino","Schweizer/innen","Oberes und mittleres Kader","Geschlecht - Total",9363,5129,6619,13031,18071
"2022","Ticino","Schweizer/innen","Oberes und mittleres Kader","Frauen",7869,4507,6118,10606,15054
"2022","Ticino","Schweizer/innen","Oberes und mittleres Kader","Männer",9993,5416,6950,13889,19527
"2022","Ticino","Schweizer/innen","Unteres Kader","Geschlecht - Total",7421,4545,5698,9387,11737
"2022","Ticino","Schweizer/innen","Unteres Kader","Frauen",6667,4329,5221,8430,10123
"2022","Ticino","Schweizer/innen","Unteres Kader","Männer",8111,4580,6142,10290,12421
"2022","Ticino","Schweizer/innen","Verantwortlich für die Ausführung der Arbeiten","Geschlecht - Total",6448,4540,5468,7754,8993
"2022","Ticino","Schweizer/innen","Verantwortlich für die Ausführung der Arbeiten","Frauen",6079,4334,5165,7453,8642
"2022","Ticino","Schweizer/innen","Verantwortlich für die Ausführung der Arbeiten","Männer",6638,4672,5749,8021,9372
"2022","Ticino","Schweizer/innen","Ohne Kaderfunktion","Geschlecht - Total",5968,4221,4949,7530,9196
"2022","Ticino","Schweizer/innen","Ohne Kaderfunktion","Frauen",5837,4088,4809,7332,8887
"2022","Ticino","Schweizer/innen","Ohne Kaderfunktion","Männer",6072,4334,5109,7713,9521
"2022","Ticino","Ausländer/innen","Berufliche Stellung - Total","Geschlecht - Total",5000,3533,3994,6253,8412
"2022","Ticino","Ausländer/innen","Berufliche Stellung - Total","Frauen",4462,3379,3695,5846,8000
"2022","Ticino","Ausländer/innen","Berufliche Stellung - Total","Männer",5253,3666,4229,6429,8656
"2022","Ticino","Ausländer/innen","Oberes und mittleres Kader","Geschlecht - Total",8027,4333,5647,12369,19048
"2022","Ticino","Ausländer/innen","Oberes und mittleres Kader","Frauen",6826,3800,5000,10500,15334
"2022","Ticino","Ausländer/innen","Oberes und mittleres Kader","Männer",8497,4689,5984,13046,20259
"2022","Ticino","Ausländer/innen","Unteres Kader","Geschlecht - Total",6031,4047,4695,8237,10834
"2022","Ticino","Ausländer/innen","Unteres Kader","Frauen",5859,3904,4643,8001,10184
"2022","Ticino","Ausländer/innen","Unteres Kader","Männer",6175,4184,4778,8412,11212
"2022","Ticino","Ausländer/innen","Verantwortlich für die Ausführung der Arbeiten","Geschlecht - Total",5628,3811,4566,7111,8817
"2022","Ticino","Ausländer/innen","Verantwortlich für die Ausführung der Arbeiten","Frauen",5375,3647,4333,7168,8764
"2022","Ticino","Ausländer/innen","Verantwortlich für die Ausführung der Arbeiten","Männer",5773,4003,4718,7100,8822
"2022","Ticino","Ausländer/innen","Ohne Kaderfunktion","Geschlecht - Total",4672,3467,3832,5760,7000
"2022","Ticino","Ausländer/innen","Ohne Kaderfunktion","Frauen",4194,3334,3611,5336,6906
"2022","Ticino","Ausländer/innen","Ohne Kaderfunktion","Männer",4940,3588,4046,5880,7033
"2022","Ticino","> Kurzaufenthalter/innen (Kat. L)","Berufliche Stellung - Total","Geschlecht - Total",4198,3480,3594,5905,7123
"2022","Ticino","> Kurzaufenthalter/innen (Kat. L)","Berufliche Stellung - Total","Frauen",4098,3470,3494,5674,8411
"2022","Ticino","> Kurzaufenthalter/innen (Kat. L)","Berufliche Stellung - Total","Männer",4343,3517,3598,5922,6702
"2022","Ticino","> Kurzaufenthalter/innen (Kat. L)","Oberes und mittleres Kader","Geschlecht - Total",,,,,
"2022","Ticino","> Kurzaufenthalter/innen (Kat. L)","Oberes und mittleres Kader","Frauen",,,,,
"2022","Ticino","> Kurzaufenthalter/innen (Kat. L)","Oberes und mittleres Kader","Männer",,,,,
"2022","Ticino","> Kurzaufenthalter/innen (Kat. L)","Unteres Kader","Geschlecht - Total",,,,,
"2022","Ticino","> Kurzaufenthalter/innen (Kat. L)","Unteres Kader","Frauen",,,,,
"2022","Ticino","> Kurzaufenthalter/innen (Kat. L)","Unteres Kader","Männer",,,,,
"2022","Ticino","> Kurzaufenthalter/innen (Kat. L)","Verantwortlich für die Ausführung der Arbeiten","Geschlecht - Total",,,,,
"2022","Ticino","> Kurzaufenthalter/innen (Kat. L)","Verantwortlich für die Ausführung der Arbeiten","Frauen",,,,,
"2022","Ticino","> Kurzaufenthalter/innen (Kat. L)","Verantwortlich für die Ausführung der Arbeiten","Männer",,,,,
"2022","Ticino","> Kurzaufenthalter/innen (Kat. L)","Ohne Kaderfunktion","Geschlecht - Total",3995,3478,3586,5641,6669
"2022","Ticino","> Kurzaufenthalter/innen (Kat. L)","Ohne Kaderfunktion","Frauen",3849,3470,3480,4560,7123
"2022","Ticino","> Kurzaufenthalter/innen (Kat. L)","Ohne Kaderfunktion","Männer",4029,3492,3594,5700,6642
"2022","Ticino","> Aufenthalter/innen (Kat. B)","Berufliche Stellung - Total","Geschlecht - Total",5117,3641,4166,6738,9302
"2022","Ticino","> Aufenthalter/innen (Kat. B)","Berufliche Stellung - Total","Frauen",4815,3583,3982,6315,8540
"2022","Ticino","> Aufenthalter/innen (Kat. B)","Berufliche Stellung - Total","Männer",5234,3724,4271,6984,9804
"2022","Ticino","> Aufenthalter/innen (Kat. B)","Oberes und mittleres Kader","Geschlecht - Total",8265,4182,5674,13935,23529
"2022","Ticino","> Aufenthalter/innen (Kat. B)","Oberes und mittleres Kader","Frauen",7476,4182,5377,12709,17406
"2022","Ticino","> Aufenthalter/innen (Kat. B)","Oberes und mittleres Kader","Männer",8508,4000,5731,14294,25519
"2022","Ticino","> Aufenthalter/innen (Kat. B)","Unteres Kader","Geschlecht - Total",6472,4125,4978,8889,11867
"2022","Ticino","> Aufenthalter/innen (Kat. B)","Unteres Kader","Frauen",6055,3921,4976,8333,11062
"2022","Ticino","> Aufenthalter/innen (Kat. B)","Unteres Kader","Männer",7071,4482,5363,9349,12700
"2022","Ticino","> Aufenthalter/innen (Kat. B)","Verantwortlich für die Ausführung der Arbeiten","Geschlecht - Total",5679,3811,4777,8384,10990
"2022","Ticino","> Aufenthalter/innen (Kat. B)","Verantwortlich für die Ausführung der Arbeiten","Frauen",5610,3811,4940,7844,10549
"2022","Ticino","> Aufenthalter/innen (Kat. B)","Verantwortlich für die Ausführung der Arbeiten","Männer",5693,4110,4588,8502,12098
"2022","Ticino","> Aufenthalter/innen (Kat. B)","Ohne Kaderfunktion","Geschlecht - Total",4754,3599,4022,5971,7540
"2022","Ticino","> Aufenthalter/innen (Kat. B)","Ohne Kaderfunktion","Frauen",4545,3564,3906,5840,7206
"2022","Ticino","> Aufenthalter/innen (Kat. B)","Ohne Kaderfunktion","Männer",4894,3662,4166,6067,7643
"2022","Ticino","> Niedergelassene (Kat. C)","Berufliche Stellung - Total","Geschlecht - Total",5632,3860,4545,7540,10714
"2022","Ticino","> Niedergelassene (Kat. C)","Berufliche Stellung - Total","Frauen",5151,3623,4187,6527,8910
"2022","Ticino","> Niedergelassene (Kat. C)","Berufliche Stellung - Total","Männer",6000,4118,4823,7884,12195
"2022","Ticino","> Niedergelassene (Kat. C)","Oberes und mittleres Kader","Geschlecht - Total",8450,4429,5968,13750,20992
"2022","Ticino","> Niedergelassene (Kat. C)","Oberes und mittleres Kader","Frauen",6879,4044,5030,11223,16608
"2022","Ticino","> Niedergelassene (Kat. C)","Oberes und mittleres Kader","Männer",8925,4923,6342,14916,23810
"2022","Ticino","> Niedergelassene (Kat. C)","Unteres Kader","Geschlecht - Total",6971,4279,5303,9823,13700
"2022","Ticino","> Niedergelassene (Kat. C)","Unteres Kader","Frauen",5976,3916,4679,8667,11580
"2022","Ticino","> Niedergelassene (Kat. C)","Unteres Kader","Männer",7344,4282,5629,10196,15447
"2022","Ticino","> Niedergelassene (Kat. C)","Verantwortlich für die Ausführung der Arbeiten","Geschlecht - Total",6255,4127,4853,7790,9663
"2022","Ticino","> Niedergelassene (Kat. C)","Verantwortlich für die Ausführung der Arbeiten","Frauen",5759,3927,4643,7455,9019
"2022","Ticino","> Niedergelassene (Kat. C)","Verantwortlich für die Ausführung der Arbeiten","Männer",6500,4177,5000,7864,10106
"2022","Ticino","> Niedergelassene (Kat. C)","Ohne Kaderfunktion","Geschlecht - Total",5247,3733,4332,6359,8031
"2022","Ticino","> Niedergelassene (Kat. C)","Ohne Kaderfunktion","Frauen",4882,3552,4034,5844,7916
"2022","Ticino","> Niedergelassene (Kat. C)","Ohne Kaderfunktion","Männer",5533,3969,4582,6605,8247
"2022","Ticino","> Grenzgänger/innen (Kat. G)","Berufliche Stellung - Total","Geschlecht - Total",4756,3461,3840,5908,7528
"2022","Ticino","> Grenzgänger/innen (Kat. G)","Berufliche Stellung - Total","Frauen",4139,3310,3570,5430,7430
"2022","Ticino","> Grenzgänger/innen (Kat. G)","Berufliche Stellung - Total","Männer",5054,3608,4115,6028,7572
"2022","Ticino","> Grenzgänger/innen (Kat. G)","Oberes und mittleres Kader","Geschlecht - Total",7550,4154,5432,10417,16165
"2022","Ticino","> Grenzgänger/innen (Kat. G)","Oberes und mittleres Kader","Frauen",6314,3600,4937,9050,13517
"2022","Ticino","> Grenzgänger/innen (Kat. G)","Oberes und mittleres Kader","Männer",7855,4612,5672,11042,16527
"2022","Ticino","> Grenzgänger/innen (Kat. G)","Unteres Kader","Geschlecht - Total",5700,4005,4600,7443,9633
"2022","Ticino","> Grenzgänger/innen (Kat. G)","Unteres Kader","Frauen",5667,3793,4505,7794,9128
"2022","Ticino","> Grenzgänger/innen (Kat. G)","Unteres Kader","Männer",5708,4078,4609,7275,9889
"2022","Ticino","> Grenzgänger/innen (Kat. G)","Verantwortlich für die Ausführung der Arbeiten","Geschlecht - Total",5417,3762,4405,6738,8409
"2022","Ticino","> Grenzgänger/innen (Kat. G)","Verantwortlich für die Ausführung der Arbeiten","Frauen",5059,3537,4078,6860,8529
"2022","Ticino","> Grenzgänger/innen (Kat. G)","Verantwortlich für die Ausführung der Arbeiten","Männer",5530,3921,4675,6717,8307
"2022","Ticino","> Grenzgänger/innen (Kat. G)","Ohne Kaderfunktion","Geschlecht - Total",4487,3403,3742,5576,6613
"2022","Ticino","> Grenzgänger/innen (Kat. G)","Ohne Kaderfunktion","Frauen",3930,3274,3514,4960,6458
"2022","Ticino","> Grenzgänger/innen (Kat. G)","Ohne Kaderfunktion","Männer",4801,3550,3957,5747,6670
"2022","Ticino","> Andere","Berufliche Stellung - Total","Geschlecht - Total",4200,3382,3692,4921,7143
"2022","Ticino","> Andere","Berufliche Stellung - Total","Frauen",4043,3371,3528,5446,10000
"2022","Ticino","> Andere","Berufliche Stellung - Total","Männer",4218,3466,3705,4887,5901
"2022","Ticino","> Andere","Oberes und mittleres Kader","Geschlecht - Total",,,,,
"2022","Ticino","> Andere","Oberes und mittleres Kader","Frauen",,,,,
"2022","Ticino","> Andere","Oberes und mittleres Kader","Männer",,,,,
"2022","Ticino","> Andere","Unteres Kader","Geschlecht - Total",,,,,
"2022","Ticino","> Andere","Unteres Kader","Frauen",,,,,
"2022","Ticino","> Andere","Unteres Kader","Männer",,,,,
"2022","Ticino","> Andere","Verantwortlich für die Ausführung der Arbeiten","Geschlecht - Total",,,,,
"2022","Ticino","> Andere","Verantwortlich für die Ausführung der Arbeiten","Frauen",,,,,
"2022","Ticino","> Andere","Verantwortlich für die Ausführung der Arbeiten","Männer",,,,,
"2022","Ticino","> Andere","Ohne Kaderfunktion","Geschlecht - Total",4003,3382,3644,4884,5635
"2022","Ticino","> Andere","Ohne Kaderfunktion","Frauen",3859,3371,3528,4809,7934
"2022","Ticino","> Andere","Ohne Kaderfunktion","Männer",4094,3466,3705,4884,5442
"2020","Schweiz","Schweizer/innen und Ausländer/innen - Total","Berufliche Stellung - Total","Geschlecht - Total",6665,4382,5250,8861,11996
"2020","Schweiz","Schweizer/innen und Ausländer/innen - Total","Berufliche Stellung - Total","Frauen",6211,4131,4850,8057,10470
"2020","Schweiz","Schweizer/innen und Ausländer/innen - Total","Berufliche Stellung - Total","Männer",6963,4641,5562,9475,12976
"2020","Schweiz","Schweizer/innen und Ausländer/innen - Total","Oberes und mittleres Kader","Geschlecht - Total",10531,5646,7658,14316,20389
"2020","Schweiz","Schweizer/innen und Ausländer/innen - Total","Oberes und mittleres Kader","Frauen",9249,4844,6666,12341,17065
"2020","Schweiz","Schweizer/innen und Ausländer/innen - Total","Oberes und mittleres Kader","Männer",11116,6109,8082,15053,21667
"2020","Schweiz","Schweizer/innen und Ausländer/innen - Total","Unteres Kader","Geschlecht - Total",8762,5506,6917,11029,13581
"2020","Schweiz","Schweizer/innen und Ausländer/innen - Total","Unteres Kader","Frauen",8101,4950,6309,10194,12564
"2020","Schweiz","Schweizer/innen und Ausländer/innen - Total","Unteres Kader","Männer",9145,5923,7229,11405,14061
"2020","Schweiz","Schweizer/innen und Ausländer/innen - Total","Verantwortlich für die Ausführung der Arbeiten","Geschlecht - Total",7287,4893,5941,9184,11392
"2020","Schweiz","Schweizer/innen und Ausländer/innen - Total","Verantwortlich für die Ausführung der Arbeiten","Frauen",6844,4545,5484,8602,10685
"2020","Schweiz","Schweizer/innen und Ausländer/innen - Total","Verantwortlich für die Ausführung der Arbeiten","Männer",7547,5218,6202,9524,11705
"2020","Schweiz","Schweizer/innen und Ausländer/innen - Total","Ohne Kaderfunktion","Geschlecht - Total",6062,4230,4944,7520,9452
"2020","Schweiz","Schweizer/innen und Ausländer/innen - Total","Ohne Kaderfunktion","Frauen",5787,4023,4678,7309,9049
"2020","Schweiz","Schweizer/innen und Ausländer/innen - Total","Ohne Kaderfunktion","Männer",6214,4428,5188,7685,9758
"2020","Schweiz","Schweizer/innen","Berufliche Stellung - Total","Geschlecht - Total",6988,4634,5541,9180,12121
"2020","Schweiz","Schweizer/innen","Berufliche Stellung - Total","Frauen",6429,4376,5097,8162,10389
"2020","Schweiz","Schweizer/innen","Berufliche Stellung - Total","Männer",7455,4950,5932,9981,13280
"2020","Schweiz","Schweizer/innen","Oberes und mittleres Kader","Geschlecht - Total",10346,5714,7685,13744,18796
"2020","Schweiz","Schweizer/innen","Oberes und mittleres Kader","Frauen",8963,4847,6590,11688,15077
"2020","Schweiz","Schweizer/innen","Oberes und mittleres Kader","Männer",10987,6266,8150,14531,20000
"2020","Schweiz","Schweizer/innen","Unteres Kader","Geschlecht - Total",8647,5593,6932,10765,12974
"2020","Schweiz","Schweizer/innen","Unteres Kader","Frauen",7911,4980,6267,9825,11854
"2020","Schweiz","Schweizer/innen","Unteres Kader","Männer",9088,6095,7307,11200,13458
"2020","Schweiz","Schweizer/innen","Verantwortlich für die Ausführung der Arbeiten","Geschlecht - Total",7400,5097,6096,9173,11194
"2020","Schweiz","Schweizer/innen","Verantwortlich für die Ausführung der Arbeiten","Frauen",6852,4685,5592,8465,10305
"2020","Schweiz","Schweizer/innen","Verantwortlich für die Ausführung der Arbeiten","Männer",7736,5481,6408,9587,11588
"2020","Schweiz","Schweizer/innen","Ohne Kaderfunktion","Geschlecht - Total",6345,4470,5199,7817,9714
"2020","Schweiz","Schweizer/innen","Ohne Kaderfunktion","Frauen",6067,4309,4927,7478,9187
"2020","Schweiz","Schweizer/innen","Ohne Kaderfunktion","Männer",6591,4702,5478,8142,10181
"2020","Schweiz","Ausländer/innen","Berufliche Stellung - Total","Geschlecht - Total",6029,4027,4788,8053,11660
"2020","Schweiz","Ausländer/innen","Berufliche Stellung - Total","Frauen",5530,3750,4391,7749,10721
"2020","Schweiz","Ausländer/innen","Berufliche Stellung - Total","Männer",6198,4281,5084,8250,12190
"2020","Schweiz","Ausländer/innen","Oberes und mittleres Kader","Geschlecht - Total",11429,5356,7548,17052,26070
"2020","Schweiz","Ausländer/innen","Oberes und mittleres Kader","Frauen",10587,4836,6994,15900,22984
"2020","Schweiz","Ausländer/innen","Oberes und mittleres Kader","Männer",11791,5606,7744,17554,27221
"2020","Schweiz","Ausländer/innen","Unteres Kader","Geschlecht - Total",9125,5323,6868,11762,15278
"2020","Schweiz","Ausländer/innen","Unteres Kader","Frauen",8743,4800,6471,11296,14325
"2020","Schweiz","Ausländer/innen","Unteres Kader","Männer",9316,5598,7033,11996,15833
"2020","Schweiz","Ausländer/innen","Verantwortlich für die Ausführung der Arbeiten","Geschlecht - Total",7037,4614,5632,9201,11915
"2020","Schweiz","Ausländer/innen","Verantwortlich für die Ausführung der Arbeiten","Frauen",6818,4324,5189,9045,11575
"2020","Schweiz","Ausländer/innen","Verantwortlich für die Ausführung der Arbeiten","Männer",7117,4815,5818,9300,12095
"2020","Schweiz","Ausländer/innen","Ohne Kaderfunktion","Geschlecht - Total",5597,3908,4580,6924,8801
"2020","Schweiz","Ausländer/innen","Ohne Kaderfunktion","Frauen",5092,3661,4248,6808,8668
"2020","Schweiz","Ausländer/innen","Ohne Kaderfunktion","Männer",5783,4136,4843,6970,8890
"2020","Schweiz","> Kurzaufenthalter/innen (Kat. L)","Berufliche Stellung - Total","Geschlecht - Total",5250,3539,4112,6297,7620
"2020","Schweiz","> Kurzaufenthalter/innen (Kat. L)","Berufliche Stellung - Total","Frauen",4273,3332,3650,5715,7641
"2020","Schweiz","> Kurzaufenthalter/innen (Kat. L)","Berufliche Stellung - Total","Männer",5524,3657,4458,6360,7618
"2020","Schweiz","> Kurzaufenthalter/innen (Kat. L)","Oberes und mittleres Kader","Geschlecht - Total",8758,5378,6564,12600,19968
"2020","Schweiz","> Kurzaufenthalter/innen (Kat. L)","Oberes und mittleres Kader","Frauen",,,,,
"2020","Schweiz","> Kurzaufenthalter/innen (Kat. L)","Oberes und mittleres Kader","Männer",8758,5429,6721,12264,19968
"2020","Schweiz","> Kurzaufenthalter/innen (Kat. L)","Unteres Kader","Geschlecht - Total",6690,3032,5181,10206,15380
"2020","Schweiz","> Kurzaufenthalter/innen (Kat. L)","Unteres Kader","Frauen",6395,2690,4000,9000,12383
"2020","Schweiz","> Kurzaufenthalter/innen (Kat. L)","Unteres Kader","Männer",6723,3918,5306,11150,15412
"2020","Schweiz","> Kurzaufenthalter/innen (Kat. L)","Verantwortlich für die Ausführung der Arbeiten","Geschlecht - Total",6419,3802,5076,8138,11774
"2020","Schweiz","> Kurzaufenthalter/innen (Kat. L)","Verantwortlich für die Ausführung der Arbeiten","Frauen",6350,2500,4398,7645,10486
"2020","Schweiz","> Kurzaufenthalter/innen (Kat. L)","Verantwortlich für die Ausführung der Arbeiten","Männer",6587,4257,5390,8374,12328
"2020","Schweiz","> Kurzaufenthalter/innen (Kat. L)","Ohne Kaderfunktion","Geschlecht - Total",5145,3531,4054,6128,7173
"2020","Schweiz","> Kurzaufenthalter/innen (Kat. L)","Ohne Kaderfunktion","Frauen",4202,3368,3649,5365,7203
"2020","Schweiz","> Kurzaufenthalter/innen (Kat. L)","Ohne Kaderfunktion","Männer",5446,3639,4415,6211,7158
"2020","Schweiz","> Aufenthalter/innen (Kat. B)","Berufliche Stellung - Total","Geschlecht - Total",5769,3886,4527,8013,12038
"2020","Schweiz","> Aufenthalter/innen (Kat. B)","Berufliche Stellung - Total","Frauen",5427,3671,4238,7714,10872
"2020","Schweiz","> Aufenthalter/innen (Kat. B)","Berufliche Stellung - Total","Männer",5892,4063,4726,8290,12799
"2020","Schweiz","> Aufenthalter/innen (Kat. B)","Oberes und mittleres Kader","Geschlecht - Total",12268,5117,7685,19580,31104
"2020","Schweiz","> Aufenthalter/innen (Kat. B)","Oberes und mittleres Kader","Frauen",10660,4762,6664,17077,26419
"2020","Schweiz","> Aufenthalter/innen (Kat. B)","Oberes und mittleres Kader","Männer",12879,5469,8194,20980,33334
"2020","Schweiz","> Aufenthalter/innen (Kat. B)","Unteres Kader","Geschlecht - Total",9409,5111,6850,12204,17398
"2020","Schweiz","> Aufenthalter/innen (Kat. B)","Unteres Kader","Frauen",8808,4781,6426,11371,14941
"2020","Schweiz","> Aufenthalter/innen (Kat. B)","Unteres Kader","Männer",9753,5359,7195,12712,18725
"2020","Schweiz","> Aufenthalter/innen (Kat. B)","Verantwortlich für die Ausführung der Arbeiten","Geschlecht - Total",7424,4522,5684,9983,14165
"2020","Schweiz","> Aufenthalter/innen (Kat. B)","Verantwortlich für die Ausführung der Arbeiten","Frauen",7042,4328,5201,9267,13023
"2020","Schweiz","> Aufenthalter/innen (Kat. B)","Verantwortlich für die Ausführung der Arbeiten","Männer",7714,4758,5950,10388,14762
"2020","Schweiz","> Aufenthalter/innen (Kat. B)","Ohne Kaderfunktion","Geschlecht - Total",5287,3786,4340,6850,8813
"2020","Schweiz","> Aufenthalter/innen (Kat. B)","Ohne Kaderfunktion","Frauen",4906,3609,4080,6868,8576
"2020","Schweiz","> Aufenthalter/innen (Kat. B)","Ohne Kaderfunktion","Männer",5443,3970,4538,6841,9005
"2020","Schweiz","> Niedergelassene (Kat. C)","Berufliche Stellung - Total","Geschlecht - Total",6138,4255,4971,8165,12026
"2020","Schweiz","> Niedergelassene (Kat. C)","Berufliche Stellung - Total","Frauen",5486,3920,4505,7738,10945
"2020","Schweiz","> Niedergelassene (Kat. C)","Berufliche Stellung - Total","Männer",6383,4592,5358,8461,12656
"2020","Schweiz","> Niedergelassene (Kat. C)","Oberes und mittleres Kader","Geschlecht - Total",11536,5553,7676,16795,25469
"2020","Schweiz","> Niedergelassene (Kat. C)","Oberes und mittleres Kader","Frauen",10834,4913,7221,15737,22510
"2020","Schweiz","> Niedergelassene (Kat. C)","Oberes und mittleres Kader","Männer",11869,5773,7882,17275,26499
"2020","Schweiz","> Niedergelassene (Kat. C)","Unteres Kader","Geschlecht - Total",9158,5519,6977,11829,15497
"2020","Schweiz","> Niedergelassene (Kat. C)","Unteres Kader","Frauen",8793,5038,6573,11390,14503
"2020","Schweiz","> Niedergelassene (Kat. C)","Unteres Kader","Männer",9380,5780,7099,12037,15989
"2020","Schweiz","> Niedergelassene (Kat. C)","Verantwortlich für die Ausführung der Arbeiten","Geschlecht - Total",7013,4760,5740,9117,11701
"2020","Schweiz","> Niedergelassene (Kat. C)","Verantwortlich für die Ausführung der Arbeiten","Frauen",6816,4376,5285,9110,11512
"2020","Schweiz","> Niedergelassene (Kat. C)","Verantwortlich für die Ausführung der Arbeiten","Männer",7065,5065,5949,9127,11854
"2020","Schweiz","> Niedergelassene (Kat. C)","Ohne Kaderfunktion","Geschlecht - Total",5686,4127,4745,6903,8802
"2020","Schweiz","> Niedergelassene (Kat. C)","Ohne Kaderfunktion","Frauen",5089,3816,4365,6625,8606
"2020","Schweiz","> Niedergelassene (Kat. C)","Ohne Kaderfunktion","Männer",5960,4457,5126,7017,8963
"2020","Schweiz","> Grenzgänger/innen (Kat. G)","Berufliche Stellung - Total","Geschlecht - Total",6163,3963,4876,8112,11006
"2020","Schweiz","> Grenzgänger/innen (Kat. G)","Berufliche Stellung - Total","Frauen",5903,3574,4430,7934,10346
"2020","Schweiz","> Grenzgänger/innen (Kat. G)","Berufliche Stellung - Total","Männer",6250,4197,5077,8207,11330
"2020","Schweiz","> Grenzgänger/innen (Kat. G)","Oberes und mittleres Kader","Geschlecht - Total",10692,5262,7191,15898,22397
"2020","Schweiz","> Grenzgänger/innen (Kat. G)","Oberes und mittleres Kader","Frauen",9677,4745,6787,15016,21239
"2020","Schweiz","> Grenzgänger/innen (Kat. G)","Oberes und mittleres Kader","Männer",10953,5432,7365,16162,23082
"2020","Schweiz","> Grenzgänger/innen (Kat. G)","Unteres Kader","Geschlecht - Total",8800,5251,6767,11281,13821
"2020","Schweiz","> Grenzgänger/innen (Kat. G)","Unteres Kader","Frauen",8573,4491,6369,11091,13544
"2020","Schweiz","> Grenzgänger/innen (Kat. G)","Unteres Kader","Männer",8864,5444,6886,11347,13948
"2020","Schweiz","> Grenzgänger/innen (Kat. G)","Verantwortlich für die Ausführung der Arbeiten","Geschlecht - Total",6818,4415,5372,8871,11081
"2020","Schweiz","> Grenzgänger/innen (Kat. G)","Verantwortlich für die Ausführung der Arbeiten","Frauen",6507,4183,5026,8677,10731
"2020","Schweiz","> Grenzgänger/innen (Kat. G)","Verantwortlich für die Ausführung der Arbeiten","Männer",6932,4564,5562,8950,11252
"2020","Schweiz","> Grenzgänger/innen (Kat. G)","Ohne Kaderfunktion","Geschlecht - Total",5773,3798,4643,7159,8970
"2020","Schweiz","> Grenzgänger/innen (Kat. G)","Ohne Kaderfunktion","Frauen",5497,3476,4261,7230,9078
"2020","Schweiz","> Grenzgänger/innen (Kat. G)","Ohne Kaderfunktion","Männer",5859,4035,4849,7132,8929
"2020","Schweiz","> Andere","Berufliche Stellung - Total","Geschlecht - Total",4552,3493,3882,6007,8751
"2020","Schweiz","> Andere","Berufliche Stellung - Total","Frauen",4624,3576,3987,7000,9589
"2020","Schweiz","> Andere","Berufliche Stellung - Total","Männer",4500,3470,3836,5694,8159
"2020","Schweiz","> Andere","Oberes und mittleres Kader","Geschlecht - Total",5820,3144,3805,13313,20830
"2020","Schweiz","> Andere","Oberes und mittleres Kader","Frauen",8087,3894,4576,13921,20084
"2020","Schweiz","> Andere","Oberes und mittleres Kader","Männer",5352,3144,3575,13173,21620
"2020","Schweiz","> Andere","Unteres Kader","Geschlecht - Total",8754,4127,6426,11398,15000
"2020","Schweiz","> Andere","Unteres Kader","Frauen",8584,3333,6500,10417,12951
"2020","Schweiz","> Andere","Unteres Kader","Männer",9189,5109,6426,12000,16607
"2020","Schweiz","> Andere","Verantwortlich für die Ausführung der Arbeiten","Geschlecht - Total",7418,4845,5951,10387,12620
"2020","Schweiz","> Andere","Verantwortlich für die Ausführung der Arbeiten","Frauen",8552,5500,6331,10834,12313
"2020","Schweiz","> Andere","Verantwortlich für die Ausführung der Arbeiten","Männer",7418,4690,5496,9808,13273
"2020","Schweiz","> Andere","Ohne Kaderfunktion","Geschlecht - Total",4394,3482,3840,5422,7153
"2020","Schweiz","> Andere","Ohne Kaderfunktion","Frauen",4414,3504,3926,5877,7983
"2020","Schweiz","> Andere","Ohne Kaderfunktion","Männer",4390,3467,3812,5326,6824
"2020","Région lémanique","Schweizer/innen und Ausländer/innen - Total","Berufliche Stellung - Total","Geschlecht - Total",6731,4332,5261,9045,12610
"2020","Région lémanique","Schweizer/innen und Ausländer/innen - Total","Berufliche Stellung - Total","Frauen",6544,4095,4991,8566,11252
"2020","Région lémanique","Schweizer/innen und Ausländer/innen - Total","Berufliche Stellung - Total","Männer",6866,4539,5462,9482,13667
"2020","Région lémanique","Schweizer/innen und Ausländer/innen - Total","Oberes und mittleres Kader","Geschlecht - Total",11200,5499,7734,16483,25214
"2020","Région lémanique","Schweizer/innen und Ausländer/innen - Total","Oberes und mittleres Kader","Frauen",9905,4754,6810,14250,20453
"2020","Région lémanique","Schweizer/innen und Ausländer/innen - Total","Oberes und mittleres Kader","Männer",11758,5916,8125,17411,27229
"2020","Région lémanique","Schweizer/innen und Ausländer/innen - Total","Unteres Kader","Geschlecht - Total",9402,5706,7336,12141,15593
"2020","Région lémanique","Schweizer/innen und Ausländer/innen - Total","Unteres Kader","Frauen",8968,5329,6994,11510,14422
"2020","Région lémanique","Schweizer/innen und Ausländer/innen - Total","Unteres Kader","Männer",9688,5965,7524,12472,16181
"2020","Région lémanique","Schweizer/innen und Ausländer/innen - Total","Verantwortlich für die Ausführung der Arbeiten","Geschlecht - Total",7385,4873,5924,9373,12143
"2020","Région lémanique","Schweizer/innen und Ausländer/innen - Total","Verantwortlich für die Ausführung der Arbeiten","Frauen",7149,4548,5552,9084,11731
"2020","Région lémanique","Schweizer/innen und Ausländer/innen - Total","Verantwortlich für die Ausführung der Arbeiten","Männer",7511,5118,6148,9551,12425
"2020","Région lémanique","Schweizer/innen und Ausländer/innen - Total","Ohne Kaderfunktion","Geschlecht - Total",6092,4161,4947,7647,9541
"2020","Région lémanique","Schweizer/innen und Ausländer/innen - Total","Ohne Kaderfunktion","Frauen",6092,3982,4775,7768,9557
"2020","Région lémanique","Schweizer/innen und Ausländer/innen - Total","Ohne Kaderfunktion","Männer",6092,4332,5077,7548,9528
"2020","Région lémanique","Schweizer/innen","Berufliche Stellung - Total","Geschlecht - Total",7224,4642,5644,9543,12948
"2020","Région lémanique","Schweizer/innen","Berufliche Stellung - Total","Frauen",6844,4395,5350,8761,11348
"2020","Région lémanique","Schweizer/innen","Berufliche Stellung - Total","Männer",7587,4877,5906,10397,14305
"2020","Région lémanique","Schweizer/innen","Oberes und mittleres Kader","Geschlecht - Total",10935,5700,7783,15392,22787
"2020","Région lémanique","Schweizer/innen","Oberes und mittleres Kader","Frauen",9571,4838,6820,13123,18238
"2020","Région lémanique","Schweizer/innen","Oberes und mittleres Kader","Männer",11575,6187,8264,16372,24773
"2020","Région lémanique","Schweizer/innen","Unteres Kader","Geschlecht - Total",9356,5800,7447,11905,14722
"2020","Région lémanique","Schweizer/innen","Unteres Kader","Frauen",8756,5313,6949,10981,13757
"2020","Région lémanique","Schweizer/innen","Unteres Kader","Männer",9709,6177,7809,12287,15276
"2020","Région lémanique","Schweizer/innen","Verantwortlich für die Ausführung der Arbeiten","Geschlecht - Total",7538,5081,6090,9392,12000
"2020","Région lémanique","Schweizer/innen","Verantwortlich für die Ausführung der Arbeiten","Frauen",7145,4760,5685,8887,11518
"2020","Région lémanique","Schweizer/innen","Verantwortlich für die Ausführung der Arbeiten","Männer",7790,5350,6354,9675,12493
"2020","Région lémanique","Schweizer/innen","Ohne Kaderfunktion","Geschlecht - Total",6529,4436,5271,8140,10089
"2020","Région lémanique","Schweizer/innen","Ohne Kaderfunktion","Frauen",6478,4316,5155,8082,9876
"2020","Région lémanique","Schweizer/innen","Ohne Kaderfunktion","Männer",6600,4612,5404,8210,10311
"2020","Région lémanique","Ausländer/innen","Berufliche Stellung - Total","Geschlecht - Total",6195,4103,4920,8325,12011
"2020","Région lémanique","Ausländer/innen","Berufliche Stellung - Total","Frauen",6013,3825,4569,8211,11067
"2020","Région lémanique","Ausländer/innen","Berufliche Stellung - Total","Männer",6267,4332,5130,8390,12590
"2020","Région lémanique","Ausländer/innen","Oberes und mittleres Kader","Geschlecht - Total",11869,5067,7568,18716,29070
"2020","Région lémanique","Ausländer/innen","Oberes und mittleres Kader","Frauen",10617,4667,6808,16428,23901
"2020","Région lémanique","Ausländer/innen","Oberes und mittleres Kader","Männer",12274,5500,7853,20000,31446
"2020","Région lémanique","Ausländer/innen","Unteres Kader","Geschlecht - Total",9504,5560,7172,12448,16720
"2020","Région lémanique","Ausländer/innen","Unteres Kader","Frauen",9275,5364,7086,12002,15686
"2020","Région lémanique","Ausländer/innen","Unteres Kader","Männer",9666,5724,7195,12760,17341
"2020","Région lémanique","Ausländer/innen","Verantwortlich für die Ausführung der Arbeiten","Geschlecht - Total",7179,4656,5684,9355,12303
"2020","Région lémanique","Ausländer/innen","Verantwortlich für die Ausführung der Arbeiten","Frauen",7150,4339,5251,9447,12270
"2020","Région lémanique","Ausländer/innen","Verantwortlich für die Ausführung der Arbeiten","Männer",7202,4893,5879,9290,12349
"2020","Région lémanique","Ausländer/innen","Ohne Kaderfunktion","Geschlecht - Total",5716,3954,4667,7055,8834
"2020","Région lémanique","Ausländer/innen","Ohne Kaderfunktion","Frauen",5500,3725,4344,7235,9050
"2020","Région lémanique","Ausländer/innen","Ohne Kaderfunktion","Männer",5798,4194,4870,6962,8713
"2020","Région lémanique","> Kurzaufenthalter/innen (Kat. L)","Berufliche Stellung - Total","Geschlecht - Total",5234,3487,4087,6183,7175
"2020","Région lémanique","> Kurzaufenthalter/innen (Kat. L)","Berufliche Stellung - Total","Frauen",4344,3022,3640,5578,7312
"2020","Région lémanique","> Kurzaufenthalter/innen (Kat. L)","Berufliche Stellung - Total","Männer",5459,3593,4445,6228,7125
"2020","Région lémanique","> Kurzaufenthalter/innen (Kat. L)","Oberes und mittleres Kader","Geschlecht - Total",,,,,
"2020","Région lémanique","> Kurzaufenthalter/innen (Kat. L)","Oberes und mittleres Kader","Frauen",,,,,
"2020","Région lémanique","> Kurzaufenthalter/innen (Kat. L)","Oberes und mittleres Kader","Männer",,,,,
"2020","Région lémanique","> Kurzaufenthalter/innen (Kat. L)","Unteres Kader","Geschlecht - Total",6705,2690,3032,8607,12474
"2020","Région lémanique","> Kurzaufenthalter/innen (Kat. L)","Unteres Kader","Frauen",,,,,
"2020","Région lémanique","> Kurzaufenthalter/innen (Kat. L)","Unteres Kader","Männer",,,,,
"2020","Région lémanique","> Kurzaufenthalter/innen (Kat. L)","Verantwortlich für die Ausführung der Arbeiten","Geschlecht - Total",5854,3516,4521,6908,7941
"2020","Région lémanique","> Kurzaufenthalter/innen (Kat. L)","Verantwortlich für die Ausführung der Arbeiten","Frauen",,,,,
"2020","Région lémanique","> Kurzaufenthalter/innen (Kat. L)","Verantwortlich für die Ausführung der Arbeiten","Männer",,,,,
"2020","Région lémanique","> Kurzaufenthalter/innen (Kat. L)","Ohne Kaderfunktion","Geschlecht - Total",5147,3509,4078,6023,6932
"2020","Région lémanique","> Kurzaufenthalter/innen (Kat. L)","Ohne Kaderfunktion","Frauen",4344,3098,3640,5456,6987
"2020","Région lémanique","> Kurzaufenthalter/innen (Kat. L)","Ohne Kaderfunktion","Männer",5404,3609,4390,6151,6924
"2020","Région lémanique","> Aufenthalter/innen (Kat. B)","Berufliche Stellung - Total","Geschlecht - Total",5834,3818,4506,8157,12500
"2020","Région lémanique","> Aufenthalter/innen (Kat. B)","Berufliche Stellung - Total","Frauen",5668,3662,4252,7886,11113
"2020","Région lémanique","> Aufenthalter/innen (Kat. B)","Berufliche Stellung - Total","Männer",5945,4010,4671,8345,13583
"2020","Région lémanique","> Aufenthalter/innen (Kat. B)","Oberes und mittleres Kader","Geschlecht - Total",12698,5000,7529,21783,34122
"2020","Région lémanique","> Aufenthalter/innen (Kat. B)","Oberes und mittleres Kader","Frauen",11613,4622,6474,17898,27920
"2020","Région lémanique","> Aufenthalter/innen (Kat. B)","Oberes und mittleres Kader","Männer",13309,5038,7831,23504,37142
"2020","Région lémanique","> Aufenthalter/innen (Kat. B)","Unteres Kader","Geschlecht - Total",9153,5365,6780,12439,18026
"2020","Région lémanique","> Aufenthalter/innen (Kat. B)","Unteres Kader","Frauen",8803,5220,6619,11669,15641
"2020","Région lémanique","> Aufenthalter/innen (Kat. B)","Unteres Kader","Männer",9531,5478,6812,13416,19132
"2020","Région lémanique","> Aufenthalter/innen (Kat. B)","Verantwortlich für die Ausführung der Arbeiten","Geschlecht - Total",7200,4500,5607,10003,14128
"2020","Région lémanique","> Aufenthalter/innen (Kat. B)","Verantwortlich für die Ausführung der Arbeiten","Frauen",6953,4308,5188,9295,13755
"2020","Région lémanique","> Aufenthalter/innen (Kat. B)","Verantwortlich für die Ausführung der Arbeiten","Männer",7447,4598,5916,10451,14176
"2020","Région lémanique","> Aufenthalter/innen (Kat. B)","Ohne Kaderfunktion","Geschlecht - Total",5234,3707,4285,6722,8454
"2020","Région lémanique","> Aufenthalter/innen (Kat. B)","Ohne Kaderfunktion","Frauen",5002,3585,4018,6821,8481
"2020","Région lémanique","> Aufenthalter/innen (Kat. B)","Ohne Kaderfunktion","Männer",5321,3838,4435,6669,8425
"2020","Région lémanique","> Niedergelassene (Kat. C)","Berufliche Stellung - Total","Geschlecht - Total",6184,4145,4973,8396,13073
"2020","Région lémanique","> Niedergelassene (Kat. C)","Berufliche Stellung - Total","Frauen",5798,3825,4523,8123,11758
"2020","Région lémanique","> Niedergelassene (Kat. C)","Berufliche Stellung - Total","Männer",6344,4498,5283,8612,14082
"2020","Région lémanique","> Niedergelassene (Kat. C)","Oberes und mittleres Kader","Geschlecht - Total",12482,5179,7747,19860,30535
"2020","Région lémanique","> Niedergelassene (Kat. C)","Oberes und mittleres Kader","Frauen",12378,4823,7482,17657,25649
"2020","Région lémanique","> Niedergelassene (Kat. C)","Oberes und mittleres Kader","Männer",12500,5469,7814,20794,31818
"2020","Région lémanique","> Niedergelassene (Kat. C)","Unteres Kader","Geschlecht - Total",10077,5672,7394,13775,18902
"2020","Région lémanique","> Niedergelassene (Kat. C)","Unteres Kader","Frauen",9666,5478,7378,12907,17044
"2020","Région lémanique","> Niedergelassene (Kat. C)","Unteres Kader","Männer",10422,5792,7468,14460,20520
"2020","Région lémanique","> Niedergelassene (Kat. C)","Verantwortlich für die Ausführung der Arbeiten","Geschlecht - Total",7051,4624,5580,9236,12479
"2020","Région lémanique","> Niedergelassene (Kat. C)","Verantwortlich für die Ausführung der Arbeiten","Frauen",7148,4194,5158,9795,12388
"2020","Région lémanique","> Niedergelassene (Kat. C)","Verantwortlich für die Ausführung der Arbeiten","Männer",7017,4790,5760,8981,12489
"2020","Région lémanique","> Niedergelassene (Kat. C)","Ohne Kaderfunktion","Geschlecht - Total",5689,4007,4726,6924,8721
"2020","Région lémanique","> Niedergelassene (Kat. C)","Ohne Kaderfunktion","Frauen",5301,3728,4318,6949,8738
"2020","Région lémanique","> Niedergelassene (Kat. C)","Ohne Kaderfunktion","Männer",5854,4333,5032,6912,8680
"2020","Région lémanique","> Grenzgänger/innen (Kat. G)","Berufliche Stellung - Total","Geschlecht - Total",6499,4400,5242,8517,11208
"2020","Région lémanique","> Grenzgänger/innen (Kat. G)","Berufliche Stellung - Total","Frauen",6566,4199,5009,8559,10602
"2020","Région lémanique","> Grenzgänger/innen (Kat. G)","Berufliche Stellung - Total","Männer",6472,4539,5348,8496,11568
"2020","Région lémanique","> Grenzgänger/innen (Kat. G)","Oberes und mittleres Kader","Geschlecht - Total",10831,5189,7450,15839,23333
"2020","Région lémanique","> Grenzgänger/innen (Kat. G)","Oberes und mittleres Kader","Frauen",9272,4630,6469,13354,18078
"2020","Région lémanique","> Grenzgänger/innen (Kat. G)","Oberes und mittleres Kader","Männer",11707,6019,8003,16751,25743
"2020","Région lémanique","> Grenzgänger/innen (Kat. G)","Unteres Kader","Geschlecht - Total",9339,5714,7306,11659,13954
"2020","Région lémanique","> Grenzgänger/innen (Kat. G)","Unteres Kader","Frauen",9476,5364,7294,11563,13758
"2020","Région lémanique","> Grenzgänger/innen (Kat. G)","Unteres Kader","Männer",9261,5876,7331,11709,14088
"2020","Région lémanique","> Grenzgänger/innen (Kat. G)","Verantwortlich für die Ausführung der Arbeiten","Geschlecht - Total",7309,4887,5874,9202,11301
"2020","Région lémanique","> Grenzgänger/innen (Kat. G)","Verantwortlich für die Ausführung der Arbeiten","Frauen",7283,4501,5463,9165,11030
"2020","Région lémanique","> Grenzgänger/innen (Kat. G)","Verantwortlich für die Ausführung der Arbeiten","Männer",7327,5059,5964,9208,11391
"2020","Région lémanique","> Grenzgänger/innen (Kat. G)","Ohne Kaderfunktion","Geschlecht - Total",6064,4282,5017,7502,9306
"2020","Région lémanique","> Grenzgänger/innen (Kat. G)","Ohne Kaderfunktion","Frauen",6190,4114,4841,7860,9652
"2020","Région lémanique","> Grenzgänger/innen (Kat. G)","Ohne Kaderfunktion","Männer",6023,4382,5096,7278,9015
"2020","Région lémanique","> Andere","Berufliche Stellung - Total","Geschlecht - Total",5496,3713,4367,7596,10970
"2020","Région lémanique","> Andere","Berufliche Stellung - Total","Frauen",5576,3622,4337,8123,10738
"2020","Région lémanique","> Andere","Berufliche Stellung - Total","Männer",5456,3822,4414,7418,11177
"2020","Région lémanique","> Andere","Oberes und mittleres Kader","Geschlecht - Total",10375,4576,4576,16138,24367
"2020","Région lémanique","> Andere","Oberes und mittleres Kader","Frauen",,,,,
"2020","Région lémanique","> Andere","Oberes und mittleres Kader","Männer",12287,4576,5556,19684,29959
"2020","Région lémanique","> Andere","Unteres Kader","Geschlecht - Total",9538,5365,7668,12569,16207
"2020","Région lémanique","> Andere","Unteres Kader","Frauen",9150,6316,7668,11076,14235
"2020","Région lémanique","> Andere","Unteres Kader","Männer",9757,5365,7159,13079,16927
"2020","Région lémanique","> Andere","Verantwortlich für die Ausführung der Arbeiten","Geschlecht - Total",8457,5496,7418,11169,13273
"2020","Région lémanique","> Andere","Verantwortlich für die Ausführung der Arbeiten","Frauen",9961,5249,7336,11177,12620
"2020","Région lémanique","> Andere","Verantwortlich für die Ausführung der Arbeiten","Männer",7418,5496,7418,11035,13448
"2020","Région lémanique","> Andere","Ohne Kaderfunktion","Geschlecht - Total",4970,3627,4223,6403,8002
"2020","Région lémanique","> Andere","Ohne Kaderfunktion","Frauen",4829,3487,4126,6850,8582
"2020","Région lémanique","> Andere","Ohne Kaderfunktion","Männer",5019,3713,4258,6273,7708
"2020","Espace Mittelland","Schweizer/innen und Ausländer/innen - Total","Berufliche Stellung - Total","Geschlecht - Total",6600,4506,5340,8540,11141
"2020","Espace Mittelland","Schweizer/innen und Ausländer/innen - Total","Berufliche Stellung - Total","Frauen",6112,4250,4912,7737,9813
"2020","Espace Mittelland","Schweizer/innen und Ausländer/innen - Total","Berufliche Stellung - Total","Männer",6923,4776,5659,9104,11886
"2020","Espace Mittelland","Schweizer/innen und Ausländer/innen - Total","Oberes und mittleres Kader","Geschlecht - Total",9949,5552,7341,13111,16325
"2020","Espace Mittelland","Schweizer/innen und Ausländer/innen - Total","Oberes und mittleres Kader","Frauen",8590,4754,6359,11593,14479
"2020","Espace Mittelland","Schweizer/innen und Ausländer/innen - Total","Oberes und mittleres Kader","Männer",10505,5963,7732,13495,16789
"2020","Espace Mittelland","Schweizer/innen und Ausländer/innen - Total","Unteres Kader","Geschlecht - Total",8263,5553,6736,10249,12103
"2020","Espace Mittelland","Schweizer/innen und Ausländer/innen - Total","Unteres Kader","Frauen",7717,4986,6220,9541,11457
"2020","Espace Mittelland","Schweizer/innen und Ausländer/innen - Total","Unteres Kader","Männer",8595,5954,7024,10536,12412
"2020","Espace Mittelland","Schweizer/innen und Ausländer/innen - Total","Verantwortlich für die Ausführung der Arbeiten","Geschlecht - Total",7232,5007,6001,8961,10753
"2020","Espace Mittelland","Schweizer/innen und Ausländer/innen - Total","Verantwortlich für die Ausführung der Arbeiten","Frauen",6749,4634,5535,8305,9725
"2020","Espace Mittelland","Schweizer/innen und Ausländer/innen - Total","Verantwortlich für die Ausführung der Arbeiten","Männer",7519,5361,6221,9329,11135
"2020","Espace Mittelland","Schweizer/innen und Ausländer/innen - Total","Ohne Kaderfunktion","Geschlecht - Total",6129,4376,5091,7537,9415
"2020","Espace Mittelland","Schweizer/innen und Ausländer/innen - Total","Ohne Kaderfunktion","Frauen",5814,4181,4781,7201,8905
"2020","Espace Mittelland","Schweizer/innen und Ausländer/innen - Total","Ohne Kaderfunktion","Männer",6329,4606,5362,7793,9723
"2020","Espace Mittelland","Schweizer/innen","Berufliche Stellung - Total","Geschlecht - Total",6879,4697,5577,8879,11428
"2020","Espace Mittelland","Schweizer/innen","Berufliche Stellung - Total","Frauen",6322,4415,5114,7917,9946
"2020","Espace Mittelland","Schweizer/innen","Berufliche Stellung - Total","Männer",7308,5038,5941,9514,12264
"2020","Espace Mittelland","Schweizer/innen","Oberes und mittleres Kader","Geschlecht - Total",9964,5622,7426,13051,16123
"2020","Espace Mittelland","Schweizer/innen","Oberes und mittleres Kader","Frauen",8556,4758,6369,11460,14186
"2020","Espace Mittelland","Schweizer/innen","Oberes und mittleres Kader","Männer",10552,6098,7813,13438,16652
"2020","Espace Mittelland","Schweizer/innen","Unteres Kader","Geschlecht - Total",8278,5600,6763,10227,11966
"2020","Espace Mittelland","Schweizer/innen","Unteres Kader","Frauen",7691,5054,6234,9456,11329
"2020","Espace Mittelland","Schweizer/innen","Unteres Kader","Männer",8633,6024,7079,10550,12314
"2020","Espace Mittelland","Schweizer/innen","Verantwortlich für die Ausführung der Arbeiten","Geschlecht - Total",7377,5136,6116,9062,10830
"2020","Espace Mittelland","Schweizer/innen","Verantwortlich für die Ausführung der Arbeiten","Frauen",6803,4703,5632,8344,9684
"2020","Espace Mittelland","Schweizer/innen","Verantwortlich für die Ausführung der Arbeiten","Männer",7708,5534,6404,9507,11242
"2020","Espace Mittelland","Schweizer/innen","Ohne Kaderfunktion","Geschlecht - Total",6368,4569,5301,7824,9682
"2020","Espace Mittelland","Schweizer/innen","Ohne Kaderfunktion","Frauen",6042,4354,4982,7393,9108
"2020","Espace Mittelland","Schweizer/innen","Ohne Kaderfunktion","Männer",6641,4846,5602,8198,10061
"2020","Espace Mittelland","Ausländer/innen","Berufliche Stellung - Total","Geschlecht - Total",5786,4098,4758,7239,9775
"2020","Espace Mittelland","Ausländer/innen","Berufliche Stellung - Total","Frauen",5194,3789,4377,6821,9019
"2020","Espace Mittelland","Ausländer/innen","Berufliche Stellung - Total","Männer",6007,4332,5063,7442,10153
"2020","Espace Mittelland","Ausländer/innen","Oberes und mittleres Kader","Geschlecht - Total",9805,5196,6818,13598,18347
"2020","Espace Mittelland","Ausländer/innen","Oberes und mittleres Kader","Frauen",8876,4742,6190,12576,17301
"2020","Espace Mittelland","Ausländer/innen","Oberes und mittleres Kader","Männer",10194,5527,7057,13901,18729
"2020","Espace Mittelland","Ausländer/innen","Unteres Kader","Geschlecht - Total",8210,5273,6602,10343,12918
"2020","Espace Mittelland","Ausländer/innen","Unteres Kader","Frauen",7915,4527,6184,10024,12447
"2020","Espace Mittelland","Ausländer/innen","Unteres Kader","Männer",8356,5597,6791,10490,13258
"2020","Espace Mittelland","Ausländer/innen","Verantwortlich für die Ausführung der Arbeiten","Geschlecht - Total",6682,4714,5577,8334,10426
"2020","Espace Mittelland","Ausländer/innen","Verantwortlich für die Ausführung der Arbeiten","Frauen",6425,4332,5208,8164,9927
"2020","Espace Mittelland","Ausländer/innen","Verantwortlich für die Ausführung der Arbeiten","Männer",6765,4889,5797,8438,10574
"2020","Espace Mittelland","Ausländer/innen","Ohne Kaderfunktion","Geschlecht - Total",5494,4003,4618,6600,8145
"2020","Espace Mittelland","Ausländer/innen","Ohne Kaderfunktion","Frauen",4965,3740,4298,6220,7833
"2020","Espace Mittelland","Ausländer/innen","Ohne Kaderfunktion","Männer",5738,4233,4895,6728,8333
"2020","Espace Mittelland","> Kurzaufenthalter/innen (Kat. L)","Berufliche Stellung - Total","Geschlecht - Total",5212,3585,4247,6047,7377
"2020","Espace Mittelland","> Kurzaufenthalter/innen (Kat. L)","Berufliche Stellung - Total","Frauen",4297,3217,3751,5359,6916
"2020","Espace Mittelland","> Kurzaufenthalter/innen (Kat. L)","Berufliche Stellung - Total","Männer",5503,3785,4509,6152,7510
"2020","Espace Mittelland","> Kurzaufenthalter/innen (Kat. L)","Oberes und mittleres Kader","Geschlecht - Total",,,,,
"2020","Espace Mittelland","> Kurzaufenthalter/innen (Kat. L)","Oberes und mittleres Kader","Frauen",,,,,
"2020","Espace Mittelland","> Kurzaufenthalter/innen (Kat. L)","Oberes und mittleres Kader","Männer",,,,,
"2020","Espace Mittelland","> Kurzaufenthalter/innen (Kat. L)","Unteres Kader","Geschlecht - Total",,,,,
"2020","Espace Mittelland","> Kurzaufenthalter/innen (Kat. L)","Unteres Kader","Frauen",,,,,
"2020","Espace Mittelland","> Kurzaufenthalter/innen (Kat. L)","Unteres Kader","Männer",,,,,
"2020","Espace Mittelland","> Kurzaufenthalter/innen (Kat. L)","Verantwortlich für die Ausführung der Arbeiten","Geschlecht - Total",,,,,
"2020","Espace Mittelland","> Kurzaufenthalter/innen (Kat. L)","Verantwortlich für die Ausführung der Arbeiten","Frauen",,,,,
"2020","Espace Mittelland","> Kurzaufenthalter/innen (Kat. L)","Verantwortlich für die Ausführung der Arbeiten","Männer",,,,,
"2020","Espace Mittelland","> Kurzaufenthalter/innen (Kat. L)","Ohne Kaderfunktion","Geschlecht - Total",5149,3569,4226,5974,7074
"2020","Espace Mittelland","> Kurzaufenthalter/innen (Kat. L)","Ohne Kaderfunktion","Frauen",4297,3444,3756,5128,6600
"2020","Espace Mittelland","> Kurzaufenthalter/innen (Kat. L)","Ohne Kaderfunktion","Männer",5451,3751,4431,6079,7204
"2020","Espace Mittelland","> Aufenthalter/innen (Kat. B)","Berufliche Stellung - Total","Geschlecht - Total",5274,3787,4357,6917,9410
"2020","Espace Mittelland","> Aufenthalter/innen (Kat. B)","Berufliche Stellung - Total","Frauen",4946,3596,4121,6794,8750
"2020","Espace Mittelland","> Aufenthalter/innen (Kat. B)","Berufliche Stellung - Total","Männer",5402,3977,4534,6996,9845
"2020","Espace Mittelland","> Aufenthalter/innen (Kat. B)","Oberes und mittleres Kader","Geschlecht - Total",9475,4756,5972,13365,21651
"2020","Espace Mittelland","> Aufenthalter/innen (Kat. B)","Oberes und mittleres Kader","Frauen",7414,4651,5334,10909,16505
"2020","Espace Mittelland","> Aufenthalter/innen (Kat. B)","Oberes und mittleres Kader","Männer",10318,4762,6729,14553,23719
"2020","Espace Mittelland","> Aufenthalter/innen (Kat. B)","Unteres Kader","Geschlecht - Total",8009,4505,6416,10756,13913
"2020","Espace Mittelland","> Aufenthalter/innen (Kat. B)","Unteres Kader","Frauen",7749,4505,6220,10226,12676
"2020","Espace Mittelland","> Aufenthalter/innen (Kat. B)","Unteres Kader","Männer",8276,4641,6500,11158,14500
"2020","Espace Mittelland","> Aufenthalter/innen (Kat. B)","Verantwortlich für die Ausführung der Arbeiten","Geschlecht - Total",6853,4380,5309,8785,10395
"2020","Espace Mittelland","> Aufenthalter/innen (Kat. B)","Verantwortlich für die Ausführung der Arbeiten","Frauen",6504,4185,5227,8155,9540
"2020","Espace Mittelland","> Aufenthalter/innen (Kat. B)","Verantwortlich für die Ausführung der Arbeiten","Männer",7126,4614,5364,9177,10775
"2020","Espace Mittelland","> Aufenthalter/innen (Kat. B)","Ohne Kaderfunktion","Geschlecht - Total",5029,3722,4278,6263,7934
"2020","Espace Mittelland","> Aufenthalter/innen (Kat. B)","Ohne Kaderfunktion","Frauen",4684,3575,4007,6270,7828
"2020","Espace Mittelland","> Aufenthalter/innen (Kat. B)","Ohne Kaderfunktion","Männer",5191,3917,4439,6259,8004
"2020","Espace Mittelland","> Niedergelassene (Kat. C)","Berufliche Stellung - Total","Geschlecht - Total",5946,4286,4946,7363,10036
"2020","Espace Mittelland","> Niedergelassene (Kat. C)","Berufliche Stellung - Total","Frauen",5281,3941,4497,6927,9363
"2020","Espace Mittelland","> Niedergelassene (Kat. C)","Berufliche Stellung - Total","Männer",6181,4613,5309,7560,10389
"2020","Espace Mittelland","> Niedergelassene (Kat. C)","Oberes und mittleres Kader","Geschlecht - Total",9811,5274,6897,13632,18034
"2020","Espace Mittelland","> Niedergelassene (Kat. C)","Oberes und mittleres Kader","Frauen",9518,4762,6439,12830,18303
"2020","Espace Mittelland","> Niedergelassene (Kat. C)","Oberes und mittleres Kader","Männer",10090,5564,7026,13897,17927
"2020","Espace Mittelland","> Niedergelassene (Kat. C)","Unteres Kader","Geschlecht - Total",8252,5333,6679,10378,12765
"2020","Espace Mittelland","> Niedergelassene (Kat. C)","Unteres Kader","Frauen",8100,4673,6314,10251,12569
"2020","Espace Mittelland","> Niedergelassene (Kat. C)","Unteres Kader","Männer",8396,5837,6898,10430,12928
"2020","Espace Mittelland","> Niedergelassene (Kat. C)","Verantwortlich für die Ausführung der Arbeiten","Geschlecht - Total",6708,4847,5744,8280,10515
"2020","Espace Mittelland","> Niedergelassene (Kat. C)","Verantwortlich für die Ausführung der Arbeiten","Frauen",6623,4349,5386,8439,10250
"2020","Espace Mittelland","> Niedergelassene (Kat. C)","Verantwortlich für die Ausführung der Arbeiten","Männer",6760,5122,5850,8251,10580
"2020","Espace Mittelland","> Niedergelassene (Kat. C)","Ohne Kaderfunktion","Geschlecht - Total",5649,4194,4796,6689,8270
"2020","Espace Mittelland","> Niedergelassene (Kat. C)","Ohne Kaderfunktion","Frauen",5056,3867,4411,6224,7948
"2020","Espace Mittelland","> Niedergelassene (Kat. C)","Ohne Kaderfunktion","Männer",5939,4512,5158,6840,8452
"2020","Espace Mittelland","> Grenzgänger/innen (Kat. G)","Berufliche Stellung - Total","Geschlecht - Total",6009,4294,4982,7430,9599
"2020","Espace Mittelland","> Grenzgänger/innen (Kat. G)","Berufliche Stellung - Total","Frauen",5308,4039,4505,6653,8226
"2020","Espace Mittelland","> Grenzgänger/innen (Kat. G)","Berufliche Stellung - Total","Männer",6201,4481,5194,7747,10128
"2020","Espace Mittelland","> Grenzgänger/innen (Kat. G)","Oberes und mittleres Kader","Geschlecht - Total",10299,6015,7581,13741,16078
"2020","Espace Mittelland","> Grenzgänger/innen (Kat. G)","Oberes und mittleres Kader","Frauen",8477,4561,7529,12803,15125
"2020","Espace Mittelland","> Grenzgänger/innen (Kat. G)","Oberes und mittleres Kader","Männer",10812,6056,7581,13875,16479
"2020","Espace Mittelland","> Grenzgänger/innen (Kat. G)","Unteres Kader","Geschlecht - Total",8165,5519,6702,9860,11942
"2020","Espace Mittelland","> Grenzgänger/innen (Kat. G)","Unteres Kader","Frauen",7258,5093,6162,9090,11049
"2020","Espace Mittelland","> Grenzgänger/innen (Kat. G)","Unteres Kader","Männer",8399,5652,6961,10106,12153
"2020","Espace Mittelland","> Grenzgänger/innen (Kat. G)","Verantwortlich für die Ausführung der Arbeiten","Geschlecht - Total",6444,4745,5437,8170,10463
"2020","Espace Mittelland","> Grenzgänger/innen (Kat. G)","Verantwortlich für die Ausführung der Arbeiten","Frauen",5819,4649,5120,7210,9345
"2020","Espace Mittelland","> Grenzgänger/innen (Kat. G)","Verantwortlich für die Ausführung der Arbeiten","Männer",6733,5007,5727,8506,10543
"2020","Espace Mittelland","> Grenzgänger/innen (Kat. G)","Ohne Kaderfunktion","Geschlecht - Total",5712,4211,4812,6844,8304
"2020","Espace Mittelland","> Grenzgänger/innen (Kat. G)","Ohne Kaderfunktion","Frauen",5140,4009,4444,6273,7594
"2020","Espace Mittelland","> Grenzgänger/innen (Kat. G)","Ohne Kaderfunktion","Männer",5929,4344,5043,7064,8539
"2020","Espace Mittelland","> Andere","Berufliche Stellung - Total","Geschlecht - Total",4333,3485,3813,5242,6560
"2020","Espace Mittelland","> Andere","Berufliche Stellung - Total","Frauen",4219,3333,3713,4747,6459
"2020","Espace Mittelland","> Andere","Berufliche Stellung - Total","Männer",4478,3556,3851,5399,6637
"2020","Espace Mittelland","> Andere","Oberes und mittleres Kader","Geschlecht - Total",,,,,
"2020","Espace Mittelland","> Andere","Oberes und mittleres Kader","Frauen",,,,,
"2020","Espace Mittelland","> Andere","Oberes und mittleres Kader","Männer",,,,,
"2020","Espace Mittelland","> Andere","Unteres Kader","Geschlecht - Total",,,,,
"2020","Espace Mittelland","> Andere","Unteres Kader","Frauen",,,,,
"2020","Espace Mittelland","> Andere","Unteres Kader","Männer",,,,,
"2020","Espace Mittelland","> Andere","Verantwortlich für die Ausführung der Arbeiten","Geschlecht - Total",,,,,
"2020","Espace Mittelland","> Andere","Verantwortlich für die Ausführung der Arbeiten","Frauen",,,,,
"2020","Espace Mittelland","> Andere","Verantwortlich für die Ausführung der Arbeiten","Männer",,,,,
"2020","Espace Mittelland","> Andere","Ohne Kaderfunktion","Geschlecht - Total",4303,3543,3817,5029,6302
"2020","Espace Mittelland","> Andere","Ohne Kaderfunktion","Frauen",4219,3481,3770,4640,6114
"2020","Espace Mittelland","> Andere","Ohne Kaderfunktion","Männer",4416,3556,3817,5231,6337
"2020","Nordwestschweiz","Schweizer/innen und Ausländer/innen - Total","Berufliche Stellung - Total","Geschlecht - Total",6789,4488,5361,9071,12465
"2020","Nordwestschweiz","Schweizer/innen und Ausländer/innen - Total","Berufliche Stellung - Total","Frauen",6395,4261,4980,8273,11058
"2020","Nordwestschweiz","Schweizer/innen und Ausländer/innen - Total","Berufliche Stellung - Total","Männer",7050,4692,5632,9616,13389
"2020","Nordwestschweiz","Schweizer/innen und Ausländer/innen - Total","Oberes und mittleres Kader","Geschlecht - Total",10968,5763,7872,16003,22725
"2020","Nordwestschweiz","Schweizer/innen und Ausländer/innen - Total","Oberes und mittleres Kader","Frauen",9527,4800,6615,14624,21251
"2020","Nordwestschweiz","Schweizer/innen und Ausländer/innen - Total","Oberes und mittleres Kader","Männer",11448,6400,8361,16365,23501
"2020","Nordwestschweiz","Schweizer/innen und Ausländer/innen - Total","Unteres Kader","Geschlecht - Total",8929,5751,7069,11501,14141
"2020","Nordwestschweiz","Schweizer/innen und Ausländer/innen - Total","Unteres Kader","Frauen",8119,5054,6429,10732,13371
"2020","Nordwestschweiz","Schweizer/innen und Ausländer/innen - Total","Unteres Kader","Männer",9309,6133,7388,11847,14504
"2020","Nordwestschweiz","Schweizer/innen und Ausländer/innen - Total","Verantwortlich für die Ausführung der Arbeiten","Geschlecht - Total",7557,5105,6125,9634,12110
"2020","Nordwestschweiz","Schweizer/innen und Ausländer/innen - Total","Verantwortlich für die Ausführung der Arbeiten","Frauen",7043,4641,5504,8958,11387
"2020","Nordwestschweiz","Schweizer/innen und Ausländer/innen - Total","Verantwortlich für die Ausführung der Arbeiten","Männer",7802,5610,6432,9985,12489
"2020","Nordwestschweiz","Schweizer/innen und Ausländer/innen - Total","Ohne Kaderfunktion","Geschlecht - Total",6195,4340,5056,7693,9774
"2020","Nordwestschweiz","Schweizer/innen und Ausländer/innen - Total","Ohne Kaderfunktion","Frauen",6030,4207,4802,7567,9537
"2020","Nordwestschweiz","Schweizer/innen und Ausländer/innen - Total","Ohne Kaderfunktion","Männer",6296,4513,5253,7794,9959
"2020","Nordwestschweiz","Schweizer/innen","Berufliche Stellung - Total","Geschlecht - Total",7015,4633,5556,9152,12049
"2020","Nordwestschweiz","Schweizer/innen","Berufliche Stellung - Total","Frauen",6434,4367,5115,8069,10314
"2020","Nordwestschweiz","Schweizer/innen","Berufliche Stellung - Total","Männer",7528,4971,5987,9956,13315
"2020","Nordwestschweiz","Schweizer/innen","Oberes und mittleres Kader","Geschlecht - Total",10030,5625,7552,13827,19352
"2020","Nordwestschweiz","Schweizer/innen","Oberes und mittleres Kader","Frauen",8330,4540,5983,11431,15736
"2020","Nordwestschweiz","Schweizer/innen","Oberes und mittleres Kader","Männer",10748,6348,8143,14766,20254
"2020","Nordwestschweiz","Schweizer/innen","Unteres Kader","Geschlecht - Total",8558,5629,6926,10875,13341
"2020","Nordwestschweiz","Schweizer/innen","Unteres Kader","Frauen",7659,4950,6278,9656,12008
"2020","Nordwestschweiz","Schweizer/innen","Unteres Kader","Männer",9039,6258,7339,11433,13850
"2020","Nordwestschweiz","Schweizer/innen","Verantwortlich für die Ausführung der Arbeiten","Geschlecht - Total",7440,5089,6117,9315,11277
"2020","Nordwestschweiz","Schweizer/innen","Verantwortlich für die Ausführung der Arbeiten","Frauen",6725,4587,5395,8357,10210
"2020","Nordwestschweiz","Schweizer/innen","Verantwortlich für die Ausführung der Arbeiten","Männer",7798,5675,6436,9759,11695
"2020","Nordwestschweiz","Schweizer/innen","Ohne Kaderfunktion","Geschlecht - Total",6428,4476,5246,7907,9877
"2020","Nordwestschweiz","Schweizer/innen","Ohne Kaderfunktion","Frauen",6181,4328,4989,7581,9410
"2020","Nordwestschweiz","Schweizer/innen","Ohne Kaderfunktion","Männer",6673,4718,5490,8238,10313
"2020","Nordwestschweiz","Ausländer/innen","Berufliche Stellung - Total","Geschlecht - Total",6429,4328,5097,8883,13384
"2020","Nordwestschweiz","Ausländer/innen","Berufliche Stellung - Total","Frauen",6282,4092,4715,8828,13176
"2020","Nordwestschweiz","Ausländer/innen","Berufliche Stellung - Total","Männer",6480,4502,5300,8911,13516
"2020","Nordwestschweiz","Ausländer/innen","Oberes und mittleres Kader","Geschlecht - Total",14677,6353,9475,20353,29023
"2020","Nordwestschweiz","Ausländer/innen","Oberes und mittleres Kader","Frauen",15333,6087,9527,20886,27740
"2020","Nordwestschweiz","Ausländer/innen","Oberes und mittleres Kader","Männer",14357,6568,9396,20067,29761
"2020","Nordwestschweiz","Ausländer/innen","Unteres Kader","Geschlecht - Total",9750,5867,7326,12657,15395
"2020","Nordwestschweiz","Ausländer/innen","Unteres Kader","Frauen",9657,5317,7129,12716,14900
"2020","Nordwestschweiz","Ausländer/innen","Unteres Kader","Männer",9779,6065,7442,12622,15591
"2020","Nordwestschweiz","Ausländer/innen","Verantwortlich für die Ausführung der Arbeiten","Geschlecht - Total",7822,5136,6229,10462,13409
"2020","Nordwestschweiz","Ausländer/innen","Verantwortlich für die Ausführung der Arbeiten","Frauen",7804,4761,5785,10321,13232
"2020","Nordwestschweiz","Ausländer/innen","Verantwortlich für die Ausführung der Arbeiten","Männer",7827,5488,6426,10542,13721
"2020","Nordwestschweiz","Ausländer/innen","Ohne Kaderfunktion","Geschlecht - Total",5901,4207,4814,7321,9579
"2020","Nordwestschweiz","Ausländer/innen","Ohne Kaderfunktion","Frauen",5652,3983,4540,7535,9805
"2020","Nordwestschweiz","Ausländer/innen","Ohne Kaderfunktion","Männer",5969,4363,5036,7233,9452
"2020","Nordwestschweiz","> Kurzaufenthalter/innen (Kat. L)","Berufliche Stellung - Total","Geschlecht - Total",5531,3552,4507,6580,8001
"2020","Nordwestschweiz","> Kurzaufenthalter/innen (Kat. L)","Berufliche Stellung - Total","Frauen",5607,2921,4000,7444,9000
"2020","Nordwestschweiz","> Kurzaufenthalter/innen (Kat. L)","Berufliche Stellung - Total","Männer",5527,3612,4542,6364,7318
"2020","Nordwestschweiz","> Kurzaufenthalter/innen (Kat. L)","Oberes und mittleres Kader","Geschlecht - Total",,,,,
"2020","Nordwestschweiz","> Kurzaufenthalter/innen (Kat. L)","Oberes und mittleres Kader","Frauen",,,,,
"2020","Nordwestschweiz","> Kurzaufenthalter/innen (Kat. L)","Oberes und mittleres Kader","Männer",,,,,
"2020","Nordwestschweiz","> Kurzaufenthalter/innen (Kat. L)","Unteres Kader","Geschlecht - Total",,,,,
"2020","Nordwestschweiz","> Kurzaufenthalter/innen (Kat. L)","Unteres Kader","Frauen",,,,,
"2020","Nordwestschweiz","> Kurzaufenthalter/innen (Kat. L)","Unteres Kader","Männer",,,,,
"2020","Nordwestschweiz","> Kurzaufenthalter/innen (Kat. L)","Verantwortlich für die Ausführung der Arbeiten","Geschlecht - Total",,,,,
"2020","Nordwestschweiz","> Kurzaufenthalter/innen (Kat. L)","Verantwortlich für die Ausführung der Arbeiten","Frauen",,,,,
"2020","Nordwestschweiz","> Kurzaufenthalter/innen (Kat. L)","Verantwortlich für die Ausführung der Arbeiten","Männer",,,,,
"2020","Nordwestschweiz","> Kurzaufenthalter/innen (Kat. L)","Ohne Kaderfunktion","Geschlecht - Total",5383,3499,4454,6282,7162
"2020","Nordwestschweiz","> Kurzaufenthalter/innen (Kat. L)","Ohne Kaderfunktion","Frauen",5247,3140,3964,7034,8001
"2020","Nordwestschweiz","> Kurzaufenthalter/innen (Kat. L)","Ohne Kaderfunktion","Männer",5408,3571,4507,6161,6949
"2020","Nordwestschweiz","> Aufenthalter/innen (Kat. B)","Berufliche Stellung - Total","Geschlecht - Total",6038,4083,4715,8767,14043
"2020","Nordwestschweiz","> Aufenthalter/innen (Kat. B)","Berufliche Stellung - Total","Frauen",6260,3946,4524,9065,13851
"2020","Nordwestschweiz","> Aufenthalter/innen (Kat. B)","Berufliche Stellung - Total","Männer",5960,4228,4840,8648,14158
"2020","Nordwestschweiz","> Aufenthalter/innen (Kat. B)","Oberes und mittleres Kader","Geschlecht - Total",16834,6732,11382,23230,33747
"2020","Nordwestschweiz","> Aufenthalter/innen (Kat. B)","Oberes und mittleres Kader","Frauen",16834,5686,10698,22301,30985
"2020","Nordwestschweiz","> Aufenthalter/innen (Kat. B)","Oberes und mittleres Kader","Männer",16842,8371,11618,24236,35912
"2020","Nordwestschweiz","> Aufenthalter/innen (Kat. B)","Unteres Kader","Geschlecht - Total",10413,5647,7723,13700,18266
"2020","Nordwestschweiz","> Aufenthalter/innen (Kat. B)","Unteres Kader","Frauen",9926,4849,6950,13225,16496
"2020","Nordwestschweiz","> Aufenthalter/innen (Kat. B)","Unteres Kader","Männer",10606,6287,8466,14030,20164
"2020","Nordwestschweiz","> Aufenthalter/innen (Kat. B)","Verantwortlich für die Ausführung der Arbeiten","Geschlecht - Total",7983,5185,6290,11209,14710
"2020","Nordwestschweiz","> Aufenthalter/innen (Kat. B)","Verantwortlich für die Ausführung der Arbeiten","Frauen",7809,4603,6005,11176,13695
"2020","Nordwestschweiz","> Aufenthalter/innen (Kat. B)","Verantwortlich für die Ausführung der Arbeiten","Männer",8155,5488,6452,12192,15509
"2020","Nordwestschweiz","> Aufenthalter/innen (Kat. B)","Ohne Kaderfunktion","Geschlecht - Total",5505,3971,4549,7074,9412
"2020","Nordwestschweiz","> Aufenthalter/innen (Kat. B)","Ohne Kaderfunktion","Frauen",5424,3852,4342,7450,9853
"2020","Nordwestschweiz","> Aufenthalter/innen (Kat. B)","Ohne Kaderfunktion","Männer",5534,4096,4673,6810,9130
"2020","Nordwestschweiz","> Niedergelassene (Kat. C)","Berufliche Stellung - Total","Geschlecht - Total",6292,4364,5088,8665,13338
"2020","Nordwestschweiz","> Niedergelassene (Kat. C)","Berufliche Stellung - Total","Frauen",5790,4089,4617,8458,12714
"2020","Nordwestschweiz","> Niedergelassene (Kat. C)","Berufliche Stellung - Total","Männer",6484,4664,5423,8840,13645
"2020","Nordwestschweiz","> Niedergelassene (Kat. C)","Oberes und mittleres Kader","Geschlecht - Total",13434,6074,8727,19169,28071
"2020","Nordwestschweiz","> Niedergelassene (Kat. C)","Oberes und mittleres Kader","Frauen",13831,5599,8382,19303,27023
"2020","Nordwestschweiz","> Niedergelassene (Kat. C)","Oberes und mittleres Kader","Männer",13353,6165,8788,19117,29281
"2020","Nordwestschweiz","> Niedergelassene (Kat. C)","Unteres Kader","Geschlecht - Total",9407,5743,7020,12343,15591
"2020","Nordwestschweiz","> Niedergelassene (Kat. C)","Unteres Kader","Frauen",9196,5232,6862,12377,14964
"2020","Nordwestschweiz","> Niedergelassene (Kat. C)","Unteres Kader","Männer",9465,5849,7082,12286,15761
"2020","Nordwestschweiz","> Niedergelassene (Kat. C)","Verantwortlich für die Ausführung der Arbeiten","Geschlecht - Total",7496,4976,5908,10315,13673
"2020","Nordwestschweiz","> Niedergelassene (Kat. C)","Verantwortlich für die Ausführung der Arbeiten","Frauen",7677,4394,5361,10346,12976
"2020","Nordwestschweiz","> Niedergelassene (Kat. C)","Verantwortlich für die Ausführung der Arbeiten","Männer",7389,5351,6218,10315,13849
"2020","Nordwestschweiz","> Niedergelassene (Kat. C)","Ohne Kaderfunktion","Geschlecht - Total",5811,4257,4852,7083,9237
"2020","Nordwestschweiz","> Niedergelassene (Kat. C)","Ohne Kaderfunktion","Frauen",5226,3975,4469,7020,9377
"2020","Nordwestschweiz","> Niedergelassene (Kat. C)","Ohne Kaderfunktion","Männer",6032,4524,5179,7123,9171
"2020","Nordwestschweiz","> Grenzgänger/innen (Kat. G)","Berufliche Stellung - Total","Geschlecht - Total",6917,4537,5561,9334,13311
"2020","Nordwestschweiz","> Grenzgänger/innen (Kat. G)","Berufliche Stellung - Total","Frauen",7040,4432,5414,9333,13118
"2020","Nordwestschweiz","> Grenzgänger/innen (Kat. G)","Berufliche Stellung - Total","Männer",6876,4592,5609,9337,13417
"2020","Nordwestschweiz","> Grenzgänger/innen (Kat. G)","Oberes und mittleres Kader","Geschlecht - Total",15096,6824,9523,20027,26742
"2020","Nordwestschweiz","> Grenzgänger/innen (Kat. G)","Oberes und mittleres Kader","Frauen",16673,7853,11038,21633,26502
"2020","Nordwestschweiz","> Grenzgänger/innen (Kat. G)","Oberes und mittleres Kader","Männer",14504,6687,8921,19567,26760
"2020","Nordwestschweiz","> Grenzgänger/innen (Kat. G)","Unteres Kader","Geschlecht - Total",9795,6339,7607,12445,14454
"2020","Nordwestschweiz","> Grenzgänger/innen (Kat. G)","Unteres Kader","Frauen",10081,6167,7672,12758,14426
"2020","Nordwestschweiz","> Grenzgänger/innen (Kat. G)","Unteres Kader","Männer",9690,6448,7558,12315,14476
"2020","Nordwestschweiz","> Grenzgänger/innen (Kat. G)","Verantwortlich für die Ausführung der Arbeiten","Geschlecht - Total",8037,5353,6459,10228,12382
"2020","Nordwestschweiz","> Grenzgänger/innen (Kat. G)","Verantwortlich für die Ausführung der Arbeiten","Frauen",7936,5103,6047,9872,11908
"2020","Nordwestschweiz","> Grenzgänger/innen (Kat. G)","Verantwortlich für die Ausführung der Arbeiten","Männer",8121,5545,6531,10439,12597
"2020","Nordwestschweiz","> Grenzgänger/innen (Kat. G)","Ohne Kaderfunktion","Geschlecht - Total",6357,4450,5237,7925,10119
"2020","Nordwestschweiz","> Grenzgänger/innen (Kat. G)","Ohne Kaderfunktion","Frauen",6519,4306,5097,8136,10393
"2020","Nordwestschweiz","> Grenzgänger/innen (Kat. G)","Ohne Kaderfunktion","Männer",6327,4522,5301,7800,10000
"2020","Nordwestschweiz","> Andere","Berufliche Stellung - Total","Geschlecht - Total",4517,3000,3882,5721,9028
"2020","Nordwestschweiz","> Andere","Berufliche Stellung - Total","Frauen",5363,3894,4281,8440,9589
"2020","Nordwestschweiz","> Andere","Berufliche Stellung - Total","Männer",4410,2892,3812,5028,7599
"2020","Nordwestschweiz","> Andere","Oberes und mittleres Kader","Geschlecht - Total",,,,,
"2020","Nordwestschweiz","> Andere","Oberes und mittleres Kader","Frauen",,,,,
"2020","Nordwestschweiz","> Andere","Oberes und mittleres Kader","Männer",,,,,
"2020","Nordwestschweiz","> Andere","Unteres Kader","Geschlecht - Total",,,,,
"2020","Nordwestschweiz","> Andere","Unteres Kader","Frauen",,,,,
"2020","Nordwestschweiz","> Andere","Unteres Kader","Männer",,,,,
"2020","Nordwestschweiz","> Andere","Verantwortlich für die Ausführung der Arbeiten","Geschlecht - Total",,,,,
"2020","Nordwestschweiz","> Andere","Verantwortlich für die Ausführung der Arbeiten","Frauen",,,,,
"2020","Nordwestschweiz","> Andere","Verantwortlich für die Ausführung der Arbeiten","Männer",,,,,
"2020","Nordwestschweiz","> Andere","Ohne Kaderfunktion","Geschlecht - Total",4410,2892,3818,5028,7157
"2020","Nordwestschweiz","> Andere","Ohne Kaderfunktion","Frauen",5036,4104,4281,8091,9589
"2020","Nordwestschweiz","> Andere","Ohne Kaderfunktion","Männer",4350,2735,3686,4845,6336
"2020","Zürich","Schweizer/innen und Ausländer/innen - Total","Berufliche Stellung - Total","Geschlecht - Total",7113,4500,5399,9717,13251
"2020","Zürich","Schweizer/innen und Ausländer/innen - Total","Berufliche Stellung - Total","Frauen",6435,4270,4935,8415,10982
"2020","Zürich","Schweizer/innen und Ausländer/innen - Total","Berufliche Stellung - Total","Männer",7659,4800,5867,10786,14951
"2020","Zürich","Schweizer/innen und Ausländer/innen - Total","Oberes und mittleres Kader","Geschlecht - Total",11475,6667,8728,15073,21600
"2020","Zürich","Schweizer/innen und Ausländer/innen - Total","Oberes und mittleres Kader","Frauen",10000,5912,7894,12392,16265
"2020","Zürich","Schweizer/innen und Ausländer/innen - Total","Oberes und mittleres Kader","Männer",12321,7048,9284,16357,23658
"2020","Zürich","Schweizer/innen und Ausländer/innen - Total","Unteres Kader","Geschlecht - Total",9524,6000,7583,11443,14057
"2020","Zürich","Schweizer/innen und Ausländer/innen - Total","Unteres Kader","Frauen",8698,5339,6865,10455,12433
"2020","Zürich","Schweizer/innen und Ausländer/innen - Total","Unteres Kader","Männer",10036,6499,8039,11963,14859
"2020","Zürich","Schweizer/innen und Ausländer/innen - Total","Verantwortlich für die Ausführung der Arbeiten","Geschlecht - Total",7993,5315,6431,10012,12365
"2020","Zürich","Schweizer/innen und Ausländer/innen - Total","Verantwortlich für die Ausführung der Arbeiten","Frauen",7365,4961,5912,9165,11198
"2020","Zürich","Schweizer/innen und Ausländer/innen - Total","Verantwortlich für die Ausführung der Arbeiten","Männer",8421,5714,6894,10520,13026
"2020","Zürich","Schweizer/innen und Ausländer/innen - Total","Ohne Kaderfunktion","Geschlecht - Total",6166,4298,4950,7679,9706
"2020","Zürich","Schweizer/innen und Ausländer/innen - Total","Ohne Kaderfunktion","Frauen",5706,4099,4684,7219,8749
"2020","Zürich","Schweizer/innen und Ausländer/innen - Total","Ohne Kaderfunktion","Männer",6499,4507,5293,8124,10496
"2020","Zürich","Schweizer/innen","Berufliche Stellung - Total","Geschlecht - Total",7386,4710,5686,9976,13338
"2020","Zürich","Schweizer/innen","Berufliche Stellung - Total","Frauen",6648,4472,5167,8522,10942
"2020","Zürich","Schweizer/innen","Berufliche Stellung - Total","Männer",8143,5087,6266,11186,15252
"2020","Zürich","Schweizer/innen","Oberes und mittleres Kader","Geschlecht - Total",11339,6698,8695,14758,20648
"2020","Zürich","Schweizer/innen","Oberes und mittleres Kader","Frauen",9896,5885,7831,12049,15238
"2020","Zürich","Schweizer/innen","Oberes und mittleres Kader","Männer",12216,7128,9285,16103,23026
"2020","Zürich","Schweizer/innen","Unteres Kader","Geschlecht - Total",9412,6084,7561,11264,13503
"2020","Zürich","Schweizer/innen","Unteres Kader","Frauen",8536,5409,6859,10251,11964
"2020","Zürich","Schweizer/innen","Unteres Kader","Männer",9989,6655,8047,11822,14243
"2020","Zürich","Schweizer/innen","Verantwortlich für die Ausführung der Arbeiten","Geschlecht - Total",7990,5467,6570,9918,11941
"2020","Zürich","Schweizer/innen","Verantwortlich für die Ausführung der Arbeiten","Frauen",7339,5067,6014,9043,10984
"2020","Zürich","Schweizer/innen","Verantwortlich für die Ausführung der Arbeiten","Männer",8448,5945,7040,10459,12559
"2020","Zürich","Schweizer/innen","Ohne Kaderfunktion","Geschlecht - Total",6400,4488,5160,7858,9759
"2020","Zürich","Schweizer/innen","Ohne Kaderfunktion","Frauen",5983,4350,4889,7338,8771
"2020","Zürich","Schweizer/innen","Ohne Kaderfunktion","Männer",6800,4731,5551,8451,10660
"2020","Zürich","Ausländer/innen","Berufliche Stellung - Total","Geschlecht - Total",6427,4158,4901,9028,13008
"2020","Zürich","Ausländer/innen","Berufliche Stellung - Total","Frauen",5668,3891,4487,8070,11127
"2020","Zürich","Ausländer/innen","Berufliche Stellung - Total","Männer",6766,4444,5312,9722,14165
"2020","Zürich","Ausländer/innen","Oberes und mittleres Kader","Geschlecht - Total",12299,6607,8830,16667,25263
"2020","Zürich","Ausländer/innen","Oberes und mittleres Kader","Frauen",11000,6190,8276,14556,20883
"2020","Zürich","Ausländer/innen","Oberes und mittleres Kader","Männer",12722,6688,9260,17610,27463
"2020","Zürich","Ausländer/innen","Unteres Kader","Geschlecht - Total",9825,5861,7669,11933,16240
"2020","Zürich","Ausländer/innen","Unteres Kader","Frauen",9220,5056,6886,11060,13937
"2020","Zürich","Ausländer/innen","Unteres Kader","Männer",10254,6193,7992,12380,17330
"2020","Zürich","Ausländer/innen","Verantwortlich für die Ausführung der Arbeiten","Geschlecht - Total",8000,5070,6183,10246,13755
"2020","Zürich","Ausländer/innen","Verantwortlich für die Ausführung der Arbeiten","Frauen",7419,4712,5626,9399,12056
"2020","Zürich","Ausländer/innen","Verantwortlich für die Ausführung der Arbeiten","Männer",8344,5370,6535,10690,15213
"2020","Zürich","Ausländer/innen","Ohne Kaderfunktion","Geschlecht - Total",5707,4000,4627,7285,9549
"2020","Zürich","Ausländer/innen","Ohne Kaderfunktion","Frauen",5055,3787,4325,6886,8664
"2020","Zürich","Ausländer/innen","Ohne Kaderfunktion","Männer",6043,4245,4965,7565,10129
"2020","Zürich","> Kurzaufenthalter/innen (Kat. L)","Berufliche Stellung - Total","Geschlecht - Total",6195,3787,4863,7666,11991
"2020","Zürich","> Kurzaufenthalter/innen (Kat. L)","Berufliche Stellung - Total","Frauen",5397,3407,3940,7565,9843
"2020","Zürich","> Kurzaufenthalter/innen (Kat. L)","Berufliche Stellung - Total","Männer",6261,3862,5314,7793,13268
"2020","Zürich","> Kurzaufenthalter/innen (Kat. L)","Oberes und mittleres Kader","Geschlecht - Total",,,,,
"2020","Zürich","> Kurzaufenthalter/innen (Kat. L)","Oberes und mittleres Kader","Frauen",,,,,
"2020","Zürich","> Kurzaufenthalter/innen (Kat. L)","Oberes und mittleres Kader","Männer",,,,,
"2020","Zürich","> Kurzaufenthalter/innen (Kat. L)","Unteres Kader","Geschlecht - Total",,,,,
"2020","Zürich","> Kurzaufenthalter/innen (Kat. L)","Unteres Kader","Frauen",,,,,
"2020","Zürich","> Kurzaufenthalter/innen (Kat. L)","Unteres Kader","Männer",,,,,
"2020","Zürich","> Kurzaufenthalter/innen (Kat. L)","Verantwortlich für die Ausführung der Arbeiten","Geschlecht - Total",8768,6832,7618,10223,13096
"2020","Zürich","> Kurzaufenthalter/innen (Kat. L)","Verantwortlich für die Ausführung der Arbeiten","Frauen",,,,,
"2020","Zürich","> Kurzaufenthalter/innen (Kat. L)","Verantwortlich für die Ausführung der Arbeiten","Männer",8800,7471,8374,9408,13096
"2020","Zürich","> Kurzaufenthalter/innen (Kat. L)","Ohne Kaderfunktion","Geschlecht - Total",5921,3743,4640,7219,10259
"2020","Zürich","> Kurzaufenthalter/innen (Kat. L)","Ohne Kaderfunktion","Frauen",4848,3286,3813,7203,8854
"2020","Zürich","> Kurzaufenthalter/innen (Kat. L)","Ohne Kaderfunktion","Männer",6011,3862,5157,7225,10941
"2020","Zürich","> Aufenthalter/innen (Kat. B)","Berufliche Stellung - Total","Geschlecht - Total",6342,3993,4681,9000,13291
"2020","Zürich","> Aufenthalter/innen (Kat. B)","Berufliche Stellung - Total","Frauen",5890,3798,4365,8126,11149
"2020","Zürich","> Aufenthalter/innen (Kat. B)","Berufliche Stellung - Total","Männer",6607,4157,4920,9691,14794
"2020","Zürich","> Aufenthalter/innen (Kat. B)","Oberes und mittleres Kader","Geschlecht - Total",12345,6674,8786,17592,29491
"2020","Zürich","> Aufenthalter/innen (Kat. B)","Oberes und mittleres Kader","Frauen",10471,5988,7988,14546,22329
"2020","Zürich","> Aufenthalter/innen (Kat. B)","Oberes und mittleres Kader","Männer",13088,6961,9605,19555,32619
"2020","Zürich","> Aufenthalter/innen (Kat. B)","Unteres Kader","Geschlecht - Total",9996,5525,7905,12057,18828
"2020","Zürich","> Aufenthalter/innen (Kat. B)","Unteres Kader","Frauen",9286,4938,7130,11149,14334
"2020","Zürich","> Aufenthalter/innen (Kat. B)","Unteres Kader","Männer",10417,5861,8247,12651,21135
"2020","Zürich","> Aufenthalter/innen (Kat. B)","Verantwortlich für die Ausführung der Arbeiten","Geschlecht - Total",8634,4883,6523,11402,20598
"2020","Zürich","> Aufenthalter/innen (Kat. B)","Verantwortlich für die Ausführung der Arbeiten","Frauen",7755,4435,5568,9960,15454
"2020","Zürich","> Aufenthalter/innen (Kat. B)","Verantwortlich für die Ausführung der Arbeiten","Männer",9337,5204,7143,12617,23232
"2020","Zürich","> Aufenthalter/innen (Kat. B)","Ohne Kaderfunktion","Geschlecht - Total",5549,3883,4435,7435,9787
"2020","Zürich","> Aufenthalter/innen (Kat. B)","Ohne Kaderfunktion","Frauen",5097,3688,4158,7170,8750
"2020","Zürich","> Aufenthalter/innen (Kat. B)","Ohne Kaderfunktion","Männer",5780,4031,4642,7618,10478
"2020","Zürich","> Niedergelassene (Kat. C)","Berufliche Stellung - Total","Geschlecht - Total",6468,4329,5036,9128,13095
"2020","Zürich","> Niedergelassene (Kat. C)","Berufliche Stellung - Total","Frauen",5604,3968,4564,8125,11223
"2020","Zürich","> Niedergelassene (Kat. C)","Berufliche Stellung - Total","Männer",6855,4683,5541,9896,14280
"2020","Zürich","> Niedergelassene (Kat. C)","Oberes und mittleres Kader","Geschlecht - Total",12350,6431,8830,16563,24045
"2020","Zürich","> Niedergelassene (Kat. C)","Oberes und mittleres Kader","Frauen",11209,6190,8509,14591,20630
"2020","Zürich","> Niedergelassene (Kat. C)","Oberes und mittleres Kader","Männer",12766,6576,9081,17396,26141
"2020","Zürich","> Niedergelassene (Kat. C)","Unteres Kader","Geschlecht - Total",9756,5901,7582,11874,15348
"2020","Zürich","> Niedergelassene (Kat. C)","Unteres Kader","Frauen",9138,5143,6674,11021,13630
"2020","Zürich","> Niedergelassene (Kat. C)","Unteres Kader","Männer",10198,6323,7924,12273,16314
"2020","Zürich","> Niedergelassene (Kat. C)","Verantwortlich für die Ausführung der Arbeiten","Geschlecht - Total",7688,5178,6145,9857,12282
"2020","Zürich","> Niedergelassene (Kat. C)","Verantwortlich für die Ausführung der Arbeiten","Frauen",7216,4800,5645,9212,11136
"2020","Zürich","> Niedergelassene (Kat. C)","Verantwortlich für die Ausführung der Arbeiten","Männer",7993,5529,6443,10296,12997
"2020","Zürich","> Niedergelassene (Kat. C)","Ohne Kaderfunktion","Geschlecht - Total",5749,4143,4738,7201,9424
"2020","Zürich","> Niedergelassene (Kat. C)","Ohne Kaderfunktion","Frauen",5054,3869,4404,6688,8655
"2020","Zürich","> Niedergelassene (Kat. C)","Ohne Kaderfunktion","Männer",6160,4489,5180,7487,9976
"2020","Zürich","> Grenzgänger/innen (Kat. G)","Berufliche Stellung - Total","Geschlecht - Total",6590,4395,5215,8904,12179
"2020","Zürich","> Grenzgänger/innen (Kat. G)","Berufliche Stellung - Total","Frauen",5607,3936,4541,7511,10148
"2020","Zürich","> Grenzgänger/innen (Kat. G)","Berufliche Stellung - Total","Männer",6934,4722,5589,9379,12832
"2020","Zürich","> Grenzgänger/innen (Kat. G)","Oberes und mittleres Kader","Geschlecht - Total",11670,7491,9268,15008,19949
"2020","Zürich","> Grenzgänger/innen (Kat. G)","Oberes und mittleres Kader","Frauen",10690,7104,8307,14308,16268
"2020","Zürich","> Grenzgänger/innen (Kat. G)","Oberes und mittleres Kader","Männer",11927,7632,9379,15449,20570
"2020","Zürich","> Grenzgänger/innen (Kat. G)","Unteres Kader","Geschlecht - Total",9583,6126,7601,11987,14982
"2020","Zürich","> Grenzgänger/innen (Kat. G)","Unteres Kader","Frauen",9157,5659,6925,10487,13478
"2020","Zürich","> Grenzgänger/innen (Kat. G)","Unteres Kader","Männer",9804,6319,7690,12219,15084
"2020","Zürich","> Grenzgänger/innen (Kat. G)","Verantwortlich für die Ausführung der Arbeiten","Geschlecht - Total",7651,5046,6063,9557,11629
"2020","Zürich","> Grenzgänger/innen (Kat. G)","Verantwortlich für die Ausführung der Arbeiten","Frauen",7007,4893,5715,8912,10812
"2020","Zürich","> Grenzgänger/innen (Kat. G)","Verantwortlich für die Ausführung der Arbeiten","Männer",7885,5147,6070,9800,11756
"2020","Zürich","> Grenzgänger/innen (Kat. G)","Ohne Kaderfunktion","Geschlecht - Total",5947,4207,4910,7451,9665
"2020","Zürich","> Grenzgänger/innen (Kat. G)","Ohne Kaderfunktion","Frauen",5131,3781,4388,6657,8256
"2020","Zürich","> Grenzgänger/innen (Kat. G)","Ohne Kaderfunktion","Männer",6278,4494,5279,7829,10132
"2020","Zürich","> Andere","Berufliche Stellung - Total","Geschlecht - Total",4310,3625,3920,5301,7369
"2020","Zürich","> Andere","Berufliche Stellung - Total","Frauen",4258,3750,3946,5123,7360
"2020","Zürich","> Andere","Berufliche Stellung - Total","Männer",4359,3610,3909,5329,7369
"2020","Zürich","> Andere","Oberes und mittleres Kader","Geschlecht - Total",,,,,
"2020","Zürich","> Andere","Oberes und mittleres Kader","Frauen",,,,,
"2020","Zürich","> Andere","Oberes und mittleres Kader","Männer",,,,,
"2020","Zürich","> Andere","Unteres Kader","Geschlecht - Total",,,,,
"2020","Zürich","> Andere","Unteres Kader","Frauen",,,,,
"2020","Zürich","> Andere","Unteres Kader","Männer",,,,,
"2020","Zürich","> Andere","Verantwortlich für die Ausführung der Arbeiten","Geschlecht - Total",,,,,
"2020","Zürich","> Andere","Verantwortlich für die Ausführung der Arbeiten","Frauen",,,,,
"2020","Zürich","> Andere","Verantwortlich für die Ausführung der Arbeiten","Männer",,,,,
"2020","Zürich","> Andere","Ohne Kaderfunktion","Geschlecht - Total",4241,3611,3886,5054,6667
"2020","Zürich","> Andere","Ohne Kaderfunktion","Frauen",4208,3692,3894,4781,6910
"2020","Zürich","> Andere","Ohne Kaderfunktion","Männer",4292,3579,3878,5135,6405
"2020","Ostschweiz","Schweizer/innen und Ausländer/innen - Total","Berufliche Stellung - Total","Geschlecht - Total",6274,4281,5065,7974,10396
"2020","Ostschweiz","Schweizer/innen und Ausländer/innen - Total","Berufliche Stellung - Total","Frauen",5687,3950,4589,7262,9321
"2020","Ostschweiz","Schweizer/innen und Ausländer/innen - Total","Berufliche Stellung - Total","Männer",6559,4590,5416,8421,11104
"2020","Ostschweiz","Schweizer/innen und Ausländer/innen - Total","Oberes und mittleres Kader","Geschlecht - Total",9174,5117,6815,11952,15814
"2020","Ostschweiz","Schweizer/innen und Ausländer/innen - Total","Oberes und mittleres Kader","Frauen",7452,4332,5455,9932,12933
"2020","Ostschweiz","Schweizer/innen und Ausländer/innen - Total","Oberes und mittleres Kader","Männer",9619,5777,7406,12554,16649
"2020","Ostschweiz","Schweizer/innen und Ausländer/innen - Total","Unteres Kader","Geschlecht - Total",7645,5097,6258,9493,11754
"2020","Ostschweiz","Schweizer/innen und Ausländer/innen - Total","Unteres Kader","Frauen",6851,4435,5437,8497,10436
"2020","Ostschweiz","Schweizer/innen und Ausländer/innen - Total","Unteres Kader","Männer",7992,5662,6608,9933,12087
"2020","Ostschweiz","Schweizer/innen und Ausländer/innen - Total","Verantwortlich für die Ausführung der Arbeiten","Geschlecht - Total",6682,4680,5659,7969,9601
"2020","Ostschweiz","Schweizer/innen und Ausländer/innen - Total","Verantwortlich für die Ausführung der Arbeiten","Frauen",6099,4262,4948,7298,8692
"2020","Ostschweiz","Schweizer/innen und Ausländer/innen - Total","Verantwortlich für die Ausführung der Arbeiten","Männer",6887,5148,5969,8189,9908
"2020","Ostschweiz","Schweizer/innen und Ausländer/innen - Total","Ohne Kaderfunktion","Geschlecht - Total",5850,4144,4836,7105,8816
"2020","Ostschweiz","Schweizer/innen und Ausländer/innen - Total","Ohne Kaderfunktion","Frauen",5449,3881,4492,6870,8573
"2020","Ostschweiz","Schweizer/innen und Ausländer/innen - Total","Ohne Kaderfunktion","Männer",6057,4418,5131,7239,8939
"2020","Ostschweiz","Schweizer/innen","Berufliche Stellung - Total","Geschlecht - Total",6580,4482,5301,8396,10841
"2020","Ostschweiz","Schweizer/innen","Berufliche Stellung - Total","Frauen",5970,4193,4813,7469,9448
"2020","Ostschweiz","Schweizer/innen","Berufliche Stellung - Total","Männer",6963,4814,5697,9003,11625
"2020","Ostschweiz","Schweizer/innen","Oberes und mittleres Kader","Geschlecht - Total",9085,5158,6822,11790,15410
"2020","Ostschweiz","Schweizer/innen","Oberes und mittleres Kader","Frauen",7316,4280,5361,9580,12408
"2020","Ostschweiz","Schweizer/innen","Oberes und mittleres Kader","Männer",9593,5777,7399,12436,16009
"2020","Ostschweiz","Schweizer/innen","Unteres Kader","Geschlecht - Total",7645,5178,6290,9388,11566
"2020","Ostschweiz","Schweizer/innen","Unteres Kader","Frauen",6891,4435,5460,8410,10013
"2020","Ostschweiz","Schweizer/innen","Unteres Kader","Männer",7995,5777,6692,9875,11972
"2020","Ostschweiz","Schweizer/innen","Verantwortlich für die Ausführung der Arbeiten","Geschlecht - Total",6800,4750,5725,8112,9683
"2020","Ostschweiz","Schweizer/innen","Verantwortlich für die Ausführung der Arbeiten","Frauen",6131,4337,5062,7307,8648
"2020","Ostschweiz","Schweizer/innen","Verantwortlich für die Ausführung der Arbeiten","Männer",7098,5310,6116,8421,10096
"2020","Ostschweiz","Schweizer/innen","Ohne Kaderfunktion","Geschlecht - Total",6123,4369,5052,7416,9274
"2020","Ostschweiz","Schweizer/innen","Ohne Kaderfunktion","Frauen",5754,4151,4730,7099,8937
"2020","Ostschweiz","Schweizer/innen","Ohne Kaderfunktion","Männer",6339,4623,5342,7648,9510
"2020","Ostschweiz","Ausländer/innen","Berufliche Stellung - Total","Geschlecht - Total",5720,3948,4660,7063,9284
"2020","Ostschweiz","Ausländer/innen","Berufliche Stellung - Total","Frauen",4942,3588,4150,6635,8659
"2020","Ostschweiz","Ausländer/innen","Berufliche Stellung - Total","Männer",5959,4283,5024,7235,9527
"2020","Ostschweiz","Ausländer/innen","Oberes und mittleres Kader","Geschlecht - Total",9524,5090,6787,12713,18200
"2020","Ostschweiz","Ausländer/innen","Oberes und mittleres Kader","Frauen",8368,4530,5579,10995,15141
"2020","Ostschweiz","Ausländer/innen","Oberes und mittleres Kader","Männer",9932,5724,7411,13312,19613
"2020","Ostschweiz","Ausländer/innen","Unteres Kader","Geschlecht - Total",7622,4853,6136,9902,12377
"2020","Ostschweiz","Ausländer/innen","Unteres Kader","Frauen",6664,4286,5389,8992,11708
"2020","Ostschweiz","Ausländer/innen","Unteres Kader","Männer",7983,5314,6450,10228,12649
"2020","Ostschweiz","Ausländer/innen","Verantwortlich für die Ausführung der Arbeiten","Geschlecht - Total",6502,4583,5574,7521,9367
"2020","Ostschweiz","Ausländer/innen","Verantwortlich für die Ausführung der Arbeiten","Frauen",5964,3976,4637,7247,8976
"2020","Ostschweiz","Ausländer/innen","Verantwortlich für die Ausführung der Arbeiten","Männer",6577,4888,5739,7634,9525
"2020","Ostschweiz","Ausländer/innen","Ohne Kaderfunktion","Geschlecht - Total",5467,3859,4523,6515,7893
"2020","Ostschweiz","Ausländer/innen","Ohne Kaderfunktion","Frauen",4713,3549,4038,6094,7735
"2020","Ostschweiz","Ausländer/innen","Ohne Kaderfunktion","Männer",5693,4190,4871,6650,7947
"2020","Ostschweiz","> Kurzaufenthalter/innen (Kat. L)","Berufliche Stellung - Total","Geschlecht - Total",4967,3529,3862,5830,6729
"2020","Ostschweiz","> Kurzaufenthalter/innen (Kat. L)","Berufliche Stellung - Total","Frauen",3859,3456,3584,4322,5873
"2020","Ostschweiz","> Kurzaufenthalter/innen (Kat. L)","Berufliche Stellung - Total","Männer",5181,3643,4398,5959,6900
"2020","Ostschweiz","> Kurzaufenthalter/innen (Kat. L)","Oberes und mittleres Kader","Geschlecht - Total",,,,,
"2020","Ostschweiz","> Kurzaufenthalter/innen (Kat. L)","Oberes und mittleres Kader","Frauen",,,,,
"2020","Ostschweiz","> Kurzaufenthalter/innen (Kat. L)","Oberes und mittleres Kader","Männer",,,,,
"2020","Ostschweiz","> Kurzaufenthalter/innen (Kat. L)","Unteres Kader","Geschlecht - Total",,,,,
"2020","Ostschweiz","> Kurzaufenthalter/innen (Kat. L)","Unteres Kader","Frauen",,,,,
"2020","Ostschweiz","> Kurzaufenthalter/innen (Kat. L)","Unteres Kader","Männer",,,,,
"2020","Ostschweiz","> Kurzaufenthalter/innen (Kat. L)","Verantwortlich für die Ausführung der Arbeiten","Geschlecht - Total",,,,,
"2020","Ostschweiz","> Kurzaufenthalter/innen (Kat. L)","Verantwortlich für die Ausführung der Arbeiten","Frauen",,,,,
"2020","Ostschweiz","> Kurzaufenthalter/innen (Kat. L)","Verantwortlich für die Ausführung der Arbeiten","Männer",,,,,
"2020","Ostschweiz","> Kurzaufenthalter/innen (Kat. L)","Ohne Kaderfunktion","Geschlecht - Total",4904,3512,3804,5785,6668
"2020","Ostschweiz","> Kurzaufenthalter/innen (Kat. L)","Ohne Kaderfunktion","Frauen",3810,3455,3584,4318,5777
"2020","Ostschweiz","> Kurzaufenthalter/innen (Kat. L)","Ohne Kaderfunktion","Männer",5171,3618,4358,5951,6691
"2020","Ostschweiz","> Aufenthalter/innen (Kat. B)","Berufliche Stellung - Total","Geschlecht - Total",5223,3743,4333,6497,8353
"2020","Ostschweiz","> Aufenthalter/innen (Kat. B)","Berufliche Stellung - Total","Frauen",4613,3457,3935,6291,7964
"2020","Ostschweiz","> Aufenthalter/innen (Kat. B)","Berufliche Stellung - Total","Männer",5524,4017,4634,6620,8597
"2020","Ostschweiz","> Aufenthalter/innen (Kat. B)","Oberes und mittleres Kader","Geschlecht - Total",9244,5117,5975,13684,19837
"2020","Ostschweiz","> Aufenthalter/innen (Kat. B)","Oberes und mittleres Kader","Frauen",6962,4799,5117,10802,17340
"2020","Ostschweiz","> Aufenthalter/innen (Kat. B)","Oberes und mittleres Kader","Männer",10105,5414,7323,15356,23672
"2020","Ostschweiz","> Aufenthalter/innen (Kat. B)","Unteres Kader","Geschlecht - Total",6877,4393,5652,9494,12113
"2020","Ostschweiz","> Aufenthalter/innen (Kat. B)","Unteres Kader","Frauen",6291,4387,5082,8707,11049
"2020","Ostschweiz","> Aufenthalter/innen (Kat. B)","Unteres Kader","Männer",7805,4500,6063,9785,12867
"2020","Ostschweiz","> Aufenthalter/innen (Kat. B)","Verantwortlich für die Ausführung der Arbeiten","Geschlecht - Total",6352,4481,5193,7106,8647
"2020","Ostschweiz","> Aufenthalter/innen (Kat. B)","Verantwortlich für die Ausführung der Arbeiten","Frauen",5998,4235,4857,7080,8353
"2020","Ostschweiz","> Aufenthalter/innen (Kat. B)","Verantwortlich für die Ausführung der Arbeiten","Männer",6352,4581,5633,7147,8834
"2020","Ostschweiz","> Aufenthalter/innen (Kat. B)","Ohne Kaderfunktion","Geschlecht - Total",5010,3668,4238,6115,7524
"2020","Ostschweiz","> Aufenthalter/innen (Kat. B)","Ohne Kaderfunktion","Frauen",4426,3439,3851,5693,7409
"2020","Ostschweiz","> Aufenthalter/innen (Kat. B)","Ohne Kaderfunktion","Männer",5304,3968,4539,6203,7614
"2020","Ostschweiz","> Niedergelassene (Kat. C)","Berufliche Stellung - Total","Geschlecht - Total",5872,4216,4874,7197,9569
"2020","Ostschweiz","> Niedergelassene (Kat. C)","Berufliche Stellung - Total","Frauen",5076,3829,4346,6661,8970
"2020","Ostschweiz","> Niedergelassene (Kat. C)","Berufliche Stellung - Total","Männer",6137,4624,5286,7402,9932
"2020","Ostschweiz","> Niedergelassene (Kat. C)","Oberes und mittleres Kader","Geschlecht - Total",9462,5057,6672,12461,17786
"2020","Ostschweiz","> Niedergelassene (Kat. C)","Oberes und mittleres Kader","Frauen",8458,4530,5810,11235,14464
"2020","Ostschweiz","> Niedergelassene (Kat. C)","Oberes und mittleres Kader","Männer",9859,5775,7300,12885,19492
"2020","Ostschweiz","> Niedergelassene (Kat. C)","Unteres Kader","Geschlecht - Total",7698,5301,6213,9844,12128
"2020","Ostschweiz","> Niedergelassene (Kat. C)","Unteres Kader","Frauen",6977,4579,5526,9046,11857
"2020","Ostschweiz","> Niedergelassene (Kat. C)","Unteres Kader","Männer",7943,5720,6499,10161,12189
"2020","Ostschweiz","> Niedergelassene (Kat. C)","Verantwortlich für die Ausführung der Arbeiten","Geschlecht - Total",6580,4672,5711,7509,9428
"2020","Ostschweiz","> Niedergelassene (Kat. C)","Verantwortlich für die Ausführung der Arbeiten","Frauen",6007,3840,4594,7412,9385
"2020","Ostschweiz","> Niedergelassene (Kat. C)","Verantwortlich für die Ausführung der Arbeiten","Männer",6652,5340,5929,7537,9444
"2020","Ostschweiz","> Niedergelassene (Kat. C)","Ohne Kaderfunktion","Geschlecht - Total",5587,4127,4709,6594,7938
"2020","Ostschweiz","> Niedergelassene (Kat. C)","Ohne Kaderfunktion","Frauen",4873,3767,4254,6084,7837
"2020","Ostschweiz","> Niedergelassene (Kat. C)","Ohne Kaderfunktion","Männer",5858,4518,5102,6739,7993
"2020","Ostschweiz","> Grenzgänger/innen (Kat. G)","Berufliche Stellung - Total","Geschlecht - Total",6236,4046,5050,7796,10054
"2020","Ostschweiz","> Grenzgänger/innen (Kat. G)","Berufliche Stellung - Total","Frauen",5807,3414,4302,7490,9522
"2020","Ostschweiz","> Grenzgänger/innen (Kat. G)","Berufliche Stellung - Total","Männer",6335,4380,5265,7917,10342
"2020","Ostschweiz","> Grenzgänger/innen (Kat. G)","Oberes und mittleres Kader","Geschlecht - Total",9728,5740,7706,12898,18000
"2020","Ostschweiz","> Grenzgänger/innen (Kat. G)","Oberes und mittleres Kader","Frauen",9308,4121,6807,10148,14969
"2020","Ostschweiz","> Grenzgänger/innen (Kat. G)","Oberes und mittleres Kader","Männer",10281,5820,8157,13474,18450
"2020","Ostschweiz","> Grenzgänger/innen (Kat. G)","Unteres Kader","Geschlecht - Total",8031,4612,6503,10764,13477
"2020","Ostschweiz","> Grenzgänger/innen (Kat. G)","Unteres Kader","Frauen",6932,3294,5295,9412,12134
"2020","Ostschweiz","> Grenzgänger/innen (Kat. G)","Unteres Kader","Männer",8439,5380,6830,11115,13574
"2020","Ostschweiz","> Grenzgänger/innen (Kat. G)","Verantwortlich für die Ausführung der Arbeiten","Geschlecht - Total",6543,4571,5359,8000,10093
"2020","Ostschweiz","> Grenzgänger/innen (Kat. G)","Verantwortlich für die Ausführung der Arbeiten","Frauen",5888,3942,4539,7545,9408
"2020","Ostschweiz","> Grenzgänger/innen (Kat. G)","Verantwortlich für die Ausführung der Arbeiten","Männer",6705,4624,5588,8046,10143
"2020","Ostschweiz","> Grenzgänger/innen (Kat. G)","Ohne Kaderfunktion","Geschlecht - Total",5935,3950,4858,7098,8568
"2020","Ostschweiz","> Grenzgänger/innen (Kat. G)","Ohne Kaderfunktion","Frauen",5479,3407,4142,7050,8369
"2020","Ostschweiz","> Grenzgänger/innen (Kat. G)","Ohne Kaderfunktion","Männer",6014,4224,5092,7117,8623
"2020","Ostschweiz","> Andere","Berufliche Stellung - Total","Geschlecht - Total",4114,3467,3670,4993,6190
"2020","Ostschweiz","> Andere","Berufliche Stellung - Total","Frauen",4344,3457,3823,5824,7707
"2020","Ostschweiz","> Andere","Berufliche Stellung - Total","Männer",4044,3467,3642,4981,6023
"2020","Ostschweiz","> Andere","Oberes und mittleres Kader","Geschlecht - Total",,,,,
"2020","Ostschweiz","> Andere","Oberes und mittleres Kader","Frauen",,,,,
"2020","Ostschweiz","> Andere","Oberes und mittleres Kader","Männer",,,,,
"2020","Ostschweiz","> Andere","Unteres Kader","Geschlecht - Total",,,,,
"2020","Ostschweiz","> Andere","Unteres Kader","Frauen",,,,,
"2020","Ostschweiz","> Andere","Unteres Kader","Männer",,,,,
"2020","Ostschweiz","> Andere","Verantwortlich für die Ausführung der Arbeiten","Geschlecht - Total",,,,,
"2020","Ostschweiz","> Andere","Verantwortlich für die Ausführung der Arbeiten","Frauen",,,,,
"2020","Ostschweiz","> Andere","Verantwortlich für die Ausführung der Arbeiten","Männer",,,,,
"2020","Ostschweiz","> Andere","Ohne Kaderfunktion","Geschlecht - Total",4044,3467,3639,4874,6023
"2020","Ostschweiz","> Andere","Ohne Kaderfunktion","Frauen",4326,3457,3784,4970,7486
"2020","Ostschweiz","> Andere","Ohne Kaderfunktion","Männer",4008,3467,3639,4874,6023
"2020","Zentralschweiz","Schweizer/innen und Ausländer/innen - Total","Berufliche Stellung - Total","Geschlecht - Total",6585,4430,5252,8719,11876
"2020","Zentralschweiz","Schweizer/innen und Ausländer/innen - Total","Berufliche Stellung - Total","Frauen",6117,4190,4797,7860,10283
"2020","Zentralschweiz","Schweizer/innen und Ausländer/innen - Total","Berufliche Stellung - Total","Männer",6880,4702,5590,9350,12874
"2020","Zentralschweiz","Schweizer/innen und Ausländer/innen - Total","Oberes und mittleres Kader","Geschlecht - Total",9976,5434,7317,13739,20351
"2020","Zentralschweiz","Schweizer/innen und Ausländer/innen - Total","Oberes und mittleres Kader","Frauen",8569,4594,6190,11703,17500
"2020","Zentralschweiz","Schweizer/innen und Ausländer/innen - Total","Oberes und mittleres Kader","Männer",10450,5999,7736,14286,21527
"2020","Zentralschweiz","Schweizer/innen und Ausländer/innen - Total","Unteres Kader","Geschlecht - Total",8132,5279,6443,10338,12802
"2020","Zentralschweiz","Schweizer/innen und Ausländer/innen - Total","Unteres Kader","Frauen",7502,4698,5905,9547,12152
"2020","Zentralschweiz","Schweizer/innen und Ausländer/innen - Total","Unteres Kader","Männer",8448,5744,6728,10661,13115
"2020","Zentralschweiz","Schweizer/innen und Ausländer/innen - Total","Verantwortlich für die Ausführung der Arbeiten","Geschlecht - Total",6932,4930,5814,8867,10932
"2020","Zentralschweiz","Schweizer/innen und Ausländer/innen - Total","Verantwortlich für die Ausführung der Arbeiten","Frauen",6430,4570,5312,8243,10329
"2020","Zentralschweiz","Schweizer/innen und Ausländer/innen - Total","Verantwortlich für die Ausführung der Arbeiten","Männer",7250,5264,6131,9155,11147
"2020","Zentralschweiz","Schweizer/innen und Ausländer/innen - Total","Ohne Kaderfunktion","Geschlecht - Total",6083,4306,4978,7512,9639
"2020","Zentralschweiz","Schweizer/innen und Ausländer/innen - Total","Ohne Kaderfunktion","Frauen",5800,4125,4680,7291,9144
"2020","Zentralschweiz","Schweizer/innen und Ausländer/innen - Total","Ohne Kaderfunktion","Männer",6230,4525,5250,7671,10095
"2020","Zentralschweiz","Schweizer/innen","Berufliche Stellung - Total","Geschlecht - Total",6744,4588,5428,8784,11577
"2020","Zentralschweiz","Schweizer/innen","Berufliche Stellung - Total","Frauen",6229,4321,4950,7830,9945
"2020","Zentralschweiz","Schweizer/innen","Berufliche Stellung - Total","Männer",7132,4876,5787,9507,12558
"2020","Zentralschweiz","Schweizer/innen","Oberes und mittleres Kader","Geschlecht - Total",9740,5571,7340,12875,17553
"2020","Zentralschweiz","Schweizer/innen","Oberes und mittleres Kader","Frauen",8230,4587,6118,11324,14492
"2020","Zentralschweiz","Schweizer/innen","Oberes und mittleres Kader","Männer",10195,6222,7777,13431,18457
"2020","Zentralschweiz","Schweizer/innen","Unteres Kader","Geschlecht - Total",7977,5296,6397,10000,12058
"2020","Zentralschweiz","Schweizer/innen","Unteres Kader","Frauen",7294,4688,5802,9114,11250
"2020","Zentralschweiz","Schweizer/innen","Unteres Kader","Männer",8341,5805,6722,10406,12406
"2020","Zentralschweiz","Schweizer/innen","Verantwortlich für die Ausführung der Arbeiten","Geschlecht - Total",6905,5037,5864,8693,10564
"2020","Zentralschweiz","Schweizer/innen","Verantwortlich für die Ausführung der Arbeiten","Frauen",6331,4570,5345,8030,9995
"2020","Zentralschweiz","Schweizer/innen","Verantwortlich für die Ausführung der Arbeiten","Männer",7234,5350,6183,8988,10805
"2020","Zentralschweiz","Schweizer/innen","Ohne Kaderfunktion","Geschlecht - Total",6231,4452,5121,7629,9605
"2020","Zentralschweiz","Schweizer/innen","Ohne Kaderfunktion","Frauen",5993,4276,4836,7343,9067
"2020","Zentralschweiz","Schweizer/innen","Ohne Kaderfunktion","Männer",6421,4681,5414,7873,10159
"2020","Zentralschweiz","Ausländer/innen","Berufliche Stellung - Total","Geschlecht - Total",6055,4061,4790,8401,13265
"2020","Zentralschweiz","Ausländer/innen","Berufliche Stellung - Total","Frauen",5495,3869,4395,8021,12019
"2020","Zentralschweiz","Ausländer/innen","Berufliche Stellung - Total","Männer",6204,4248,5146,8678,13918
"2020","Zentralschweiz","Ausländer/innen","Oberes und mittleres Kader","Geschlecht - Total",12264,4762,7210,20833,33276
"2020","Zentralschweiz","Ausländer/innen","Oberes und mittleres Kader","Frauen",10766,4637,6705,18640,29123
"2020","Zentralschweiz","Ausländer/innen","Oberes und mittleres Kader","Männer",12778,4816,7327,21720,35012
"2020","Zentralschweiz","Ausländer/innen","Unteres Kader","Geschlecht - Total",9006,5200,6748,12431,16634
"2020","Zentralschweiz","Ausländer/innen","Unteres Kader","Frauen",8811,5065,6745,12295,16165
"2020","Zentralschweiz","Ausländer/innen","Unteres Kader","Männer",9070,5363,6748,12483,16778
"2020","Zentralschweiz","Ausländer/innen","Verantwortlich für die Ausführung der Arbeiten","Geschlecht - Total",7044,4539,5623,9638,12564
"2020","Zentralschweiz","Ausländer/innen","Verantwortlich für die Ausführung der Arbeiten","Frauen",6746,4516,5200,9146,12180
"2020","Zentralschweiz","Ausländer/innen","Verantwortlich für die Ausführung der Arbeiten","Männer",7401,4643,5776,9954,12692
"2020","Zentralschweiz","Ausländer/innen","Ohne Kaderfunktion","Geschlecht - Total",5656,3987,4611,7050,9764
"2020","Zentralschweiz","Ausländer/innen","Ohne Kaderfunktion","Frauen",5052,3783,4275,6957,9616
"2020","Zentralschweiz","Ausländer/innen","Ohne Kaderfunktion","Männer",5871,4158,4951,7090,9877
"2020","Zentralschweiz","> Kurzaufenthalter/innen (Kat. L)","Berufliche Stellung - Total","Geschlecht - Total",4969,3499,3987,6457,8311
"2020","Zentralschweiz","> Kurzaufenthalter/innen (Kat. L)","Berufliche Stellung - Total","Frauen",4194,3494,3705,4536,7047
"2020","Zentralschweiz","> Kurzaufenthalter/innen (Kat. L)","Berufliche Stellung - Total","Männer",5444,3584,3987,6604,8436
"2020","Zentralschweiz","> Kurzaufenthalter/innen (Kat. L)","Oberes und mittleres Kader","Geschlecht - Total",,,,,
"2020","Zentralschweiz","> Kurzaufenthalter/innen (Kat. L)","Oberes und mittleres Kader","Frauen",,,,,
"2020","Zentralschweiz","> Kurzaufenthalter/innen (Kat. L)","Oberes und mittleres Kader","Männer",,,,,
"2020","Zentralschweiz","> Kurzaufenthalter/innen (Kat. L)","Unteres Kader","Geschlecht - Total",,,,,
"2020","Zentralschweiz","> Kurzaufenthalter/innen (Kat. L)","Unteres Kader","Frauen",,,,,
"2020","Zentralschweiz","> Kurzaufenthalter/innen (Kat. L)","Unteres Kader","Männer",,,,,
"2020","Zentralschweiz","> Kurzaufenthalter/innen (Kat. L)","Verantwortlich für die Ausführung der Arbeiten","Geschlecht - Total",,,,,
"2020","Zentralschweiz","> Kurzaufenthalter/innen (Kat. L)","Verantwortlich für die Ausführung der Arbeiten","Frauen",,,,,
"2020","Zentralschweiz","> Kurzaufenthalter/innen (Kat. L)","Verantwortlich für die Ausführung der Arbeiten","Männer",,,,,
"2020","Zentralschweiz","> Kurzaufenthalter/innen (Kat. L)","Ohne Kaderfunktion","Geschlecht - Total",4683,3499,3987,6280,7404
"2020","Zentralschweiz","> Kurzaufenthalter/innen (Kat. L)","Ohne Kaderfunktion","Frauen",4179,3494,3685,4536,6637
"2020","Zentralschweiz","> Kurzaufenthalter/innen (Kat. L)","Ohne Kaderfunktion","Männer",5296,3607,3987,6483,7404
"2020","Zentralschweiz","> Aufenthalter/innen (Kat. B)","Berufliche Stellung - Total","Geschlecht - Total",5846,3953,4589,8593,13953
"2020","Zentralschweiz","> Aufenthalter/innen (Kat. B)","Berufliche Stellung - Total","Frauen",5568,3710,4314,8240,12509
"2020","Zentralschweiz","> Aufenthalter/innen (Kat. B)","Berufliche Stellung - Total","Männer",5939,4084,4792,8889,14855
"2020","Zentralschweiz","> Aufenthalter/innen (Kat. B)","Oberes und mittleres Kader","Geschlecht - Total",13923,4544,7210,24848,37554
"2020","Zentralschweiz","> Aufenthalter/innen (Kat. B)","Oberes und mittleres Kader","Frauen",12593,4500,6943,21748,32677
"2020","Zentralschweiz","> Aufenthalter/innen (Kat. B)","Oberes und mittleres Kader","Männer",14572,4718,7221,25373,39198
"2020","Zentralschweiz","> Aufenthalter/innen (Kat. B)","Unteres Kader","Geschlecht - Total",9466,5054,6095,13714,17865
"2020","Zentralschweiz","> Aufenthalter/innen (Kat. B)","Unteres Kader","Frauen",9926,4848,6971,13779,17726
"2020","Zentralschweiz","> Aufenthalter/innen (Kat. B)","Unteres Kader","Männer",9380,5111,5776,13700,18365
"2020","Zentralschweiz","> Aufenthalter/innen (Kat. B)","Verantwortlich für die Ausführung der Arbeiten","Geschlecht - Total",7449,4382,5637,10236,12341
"2020","Zentralschweiz","> Aufenthalter/innen (Kat. B)","Verantwortlich für die Ausführung der Arbeiten","Frauen",6746,4427,5590,9637,12332
"2020","Zentralschweiz","> Aufenthalter/innen (Kat. B)","Verantwortlich für die Ausführung der Arbeiten","Männer",8285,4286,5637,10568,12500
"2020","Zentralschweiz","> Aufenthalter/innen (Kat. B)","Ohne Kaderfunktion","Geschlecht - Total",5436,3839,4411,7109,10090
"2020","Zentralschweiz","> Aufenthalter/innen (Kat. B)","Ohne Kaderfunktion","Frauen",5040,3642,4184,7210,9720
"2020","Zentralschweiz","> Aufenthalter/innen (Kat. B)","Ohne Kaderfunktion","Männer",5632,4012,4641,7080,10392
"2020","Zentralschweiz","> Niedergelassene (Kat. C)","Berufliche Stellung - Total","Geschlecht - Total",6188,4304,5048,8457,13095
"2020","Zentralschweiz","> Niedergelassene (Kat. C)","Berufliche Stellung - Total","Frauen",5525,4005,4518,8035,11832
"2020","Zentralschweiz","> Niedergelassene (Kat. C)","Berufliche Stellung - Total","Männer",6393,4697,5436,8730,13647
"2020","Zentralschweiz","> Niedergelassene (Kat. C)","Oberes und mittleres Kader","Geschlecht - Total",11926,5607,7553,19037,32324
"2020","Zentralschweiz","> Niedergelassene (Kat. C)","Oberes und mittleres Kader","Frauen",10317,5243,6725,17350,27899
"2020","Zentralschweiz","> Niedergelassene (Kat. C)","Oberes und mittleres Kader","Männer",12476,5929,8066,19836,34477
"2020","Zentralschweiz","> Niedergelassene (Kat. C)","Unteres Kader","Geschlecht - Total",8715,5415,6932,11638,15640
"2020","Zentralschweiz","> Niedergelassene (Kat. C)","Unteres Kader","Frauen",8558,5177,6529,11421,15742
"2020","Zentralschweiz","> Niedergelassene (Kat. C)","Unteres Kader","Männer",8908,5607,6970,11670,15640
"2020","Zentralschweiz","> Niedergelassene (Kat. C)","Verantwortlich für die Ausführung der Arbeiten","Geschlecht - Total",6964,4940,5707,9251,12666
"2020","Zentralschweiz","> Niedergelassene (Kat. C)","Verantwortlich für die Ausführung der Arbeiten","Frauen",6611,4673,5292,9110,12214
"2020","Zentralschweiz","> Niedergelassene (Kat. C)","Verantwortlich für die Ausführung der Arbeiten","Männer",7191,5236,6011,9484,12700
"2020","Zentralschweiz","> Niedergelassene (Kat. C)","Ohne Kaderfunktion","Geschlecht - Total",5788,4188,4802,7033,9711
"2020","Zentralschweiz","> Niedergelassene (Kat. C)","Ohne Kaderfunktion","Frauen",5090,3915,4361,6905,9711
"2020","Zentralschweiz","> Niedergelassene (Kat. C)","Ohne Kaderfunktion","Männer",6049,4574,5258,7068,9713
"2020","Zentralschweiz","> Grenzgänger/innen (Kat. G)","Berufliche Stellung - Total","Geschlecht - Total",6800,4120,5205,9449,14616
"2020","Zentralschweiz","> Grenzgänger/innen (Kat. G)","Berufliche Stellung - Total","Frauen",5714,3946,4578,7491,11427
"2020","Zentralschweiz","> Grenzgänger/innen (Kat. G)","Berufliche Stellung - Total","Männer",7175,4332,5389,9921,15042
"2020","Zentralschweiz","> Grenzgänger/innen (Kat. G)","Oberes und mittleres Kader","Geschlecht - Total",15000,3782,5936,23529,31198
"2020","Zentralschweiz","> Grenzgänger/innen (Kat. G)","Oberes und mittleres Kader","Frauen",4906,3683,3683,23130,23529
"2020","Zentralschweiz","> Grenzgänger/innen (Kat. G)","Oberes und mittleres Kader","Männer",16057,4657,9524,25164,34080
"2020","Zentralschweiz","> Grenzgänger/innen (Kat. G)","Unteres Kader","Geschlecht - Total",10165,6520,8300,13879,17861
"2020","Zentralschweiz","> Grenzgänger/innen (Kat. G)","Unteres Kader","Frauen",,,,,
"2020","Zentralschweiz","> Grenzgänger/innen (Kat. G)","Unteres Kader","Männer",10165,6911,8583,13991,17740
"2020","Zentralschweiz","> Grenzgänger/innen (Kat. G)","Verantwortlich für die Ausführung der Arbeiten","Geschlecht - Total",6970,3739,3739,9954,12794
"2020","Zentralschweiz","> Grenzgänger/innen (Kat. G)","Verantwortlich für die Ausführung der Arbeiten","Frauen",,,,,
"2020","Zentralschweiz","> Grenzgänger/innen (Kat. G)","Verantwortlich für die Ausführung der Arbeiten","Männer",8246,3699,3739,10429,13198
"2020","Zentralschweiz","> Grenzgänger/innen (Kat. G)","Ohne Kaderfunktion","Geschlecht - Total",6303,4260,5177,8065,10838
"2020","Zentralschweiz","> Grenzgänger/innen (Kat. G)","Ohne Kaderfunktion","Frauen",5714,4000,4578,7184,8836
"2020","Zentralschweiz","> Grenzgänger/innen (Kat. G)","Ohne Kaderfunktion","Männer",6591,4444,5267,8352,11186
"2020","Zentralschweiz","> Andere","Berufliche Stellung - Total","Geschlecht - Total",3805,2949,3500,4417,6291
"2020","Zentralschweiz","> Andere","Berufliche Stellung - Total","Frauen",4192,3562,3827,4745,5935
"2020","Zentralschweiz","> Andere","Berufliche Stellung - Total","Männer",3770,2949,3463,4331,6417
"2020","Zentralschweiz","> Andere","Oberes und mittleres Kader","Geschlecht - Total",,,,,
"2020","Zentralschweiz","> Andere","Oberes und mittleres Kader","Frauen",,,,,
"2020","Zentralschweiz","> Andere","Oberes und mittleres Kader","Männer",,,,,
"2020","Zentralschweiz","> Andere","Unteres Kader","Geschlecht - Total",,,,,
"2020","Zentralschweiz","> Andere","Unteres Kader","Frauen",,,,,
"2020","Zentralschweiz","> Andere","Unteres Kader","Männer",,,,,
"2020","Zentralschweiz","> Andere","Verantwortlich für die Ausführung der Arbeiten","Geschlecht - Total",,,,,
"2020","Zentralschweiz","> Andere","Verantwortlich für die Ausführung der Arbeiten","Frauen",,,,,
"2020","Zentralschweiz","> Andere","Verantwortlich für die Ausführung der Arbeiten","Männer",,,,,
"2020","Zentralschweiz","> Andere","Ohne Kaderfunktion","Geschlecht - Total",3953,3181,3578,4539,6313
"2020","Zentralschweiz","> Andere","Ohne Kaderfunktion","Frauen",4192,3562,3827,4745,5833
"2020","Zentralschweiz","> Andere","Ohne Kaderfunktion","Männer",3840,2707,3549,4486,6458
"2020","Ticino","Schweizer/innen und Ausländer/innen - Total","Berufliche Stellung - Total","Geschlecht - Total",5546,3520,4308,7349,9995
"2020","Ticino","Schweizer/innen und Ausländer/innen - Total","Berufliche Stellung - Total","Frauen",5176,3367,3992,6923,8693
"2020","Ticino","Schweizer/innen und Ausländer/innen - Total","Berufliche Stellung - Total","Männer",5738,3712,4538,7692,10747
"2020","Ticino","Schweizer/innen und Ausländer/innen - Total","Oberes und mittleres Kader","Geschlecht - Total",8537,4332,5714,12433,18125
"2020","Ticino","Schweizer/innen und Ausländer/innen - Total","Oberes und mittleres Kader","Frauen",6932,3738,4800,10173,14259
"2020","Ticino","Schweizer/innen und Ausländer/innen - Total","Oberes und mittleres Kader","Männer",9081,4698,5969,13322,19266
"2020","Ticino","Schweizer/innen und Ausländer/innen - Total","Unteres Kader","Geschlecht - Total",7056,4124,5307,9167,11512
"2020","Ticino","Schweizer/innen und Ausländer/innen - Total","Unteres Kader","Frauen",6381,3810,4886,8180,10127
"2020","Ticino","Schweizer/innen und Ausländer/innen - Total","Unteres Kader","Männer",7496,4445,5570,9785,12164
"2020","Ticino","Schweizer/innen und Ausländer/innen - Total","Verantwortlich für die Ausführung der Arbeiten","Geschlecht - Total",5942,3999,4802,7447,8888
"2020","Ticino","Schweizer/innen und Ausländer/innen - Total","Verantwortlich für die Ausführung der Arbeiten","Frauen",5675,3752,4582,7077,8517
"2020","Ticino","Schweizer/innen und Ausländer/innen - Total","Verantwortlich für die Ausführung der Arbeiten","Männer",6090,4143,4909,7688,9259
"2020","Ticino","Schweizer/innen und Ausländer/innen - Total","Ohne Kaderfunktion","Geschlecht - Total",5137,3414,4047,6469,8177
"2020","Ticino","Schweizer/innen und Ausländer/innen - Total","Ohne Kaderfunktion","Frauen",4919,3309,3798,6447,8194
"2020","Ticino","Schweizer/innen und Ausländer/innen - Total","Ohne Kaderfunktion","Männer",5273,3534,4226,6479,8163
"2020","Ticino","Schweizer/innen","Berufliche Stellung - Total","Geschlecht - Total",6474,4274,5160,8429,11111
"2020","Ticino","Schweizer/innen","Berufliche Stellung - Total","Frauen",5998,4073,4878,7667,9362
"2020","Ticino","Schweizer/innen","Berufliche Stellung - Total","Männer",6893,4506,5447,9152,12417
"2020","Ticino","Schweizer/innen","Oberes und mittleres Kader","Geschlecht - Total",9264,4545,6293,13103,18119
"2020","Ticino","Schweizer/innen","Oberes und mittleres Kader","Frauen",7150,3920,4909,10057,13950
"2020","Ticino","Schweizer/innen","Oberes und mittleres Kader","Männer",10250,4970,6939,14251,19750
"2020","Ticino","Schweizer/innen","Unteres Kader","Geschlecht - Total",7618,4843,5957,9738,11788
"2020","Ticino","Schweizer/innen","Unteres Kader","Frauen",6577,4078,5199,8331,10095
"2020","Ticino","Schweizer/innen","Unteres Kader","Männer",8376,5365,6642,10467,12511
"2020","Ticino","Schweizer/innen","Verantwortlich für die Ausführung der Arbeiten","Geschlecht - Total",6483,4496,5420,8016,9148
"2020","Ticino","Schweizer/innen","Verantwortlich für die Ausführung der Arbeiten","Frauen",6092,4088,4983,7438,8591
"2020","Ticino","Schweizer/innen","Verantwortlich für die Ausführung der Arbeiten","Männer",6715,4802,5747,8289,9506
"2020","Ticino","Schweizer/innen","Ohne Kaderfunktion","Geschlecht - Total",5973,4186,4942,7528,9147
"2020","Ticino","Schweizer/innen","Ohne Kaderfunktion","Frauen",5800,4073,4788,7343,8864
"2020","Ticino","Schweizer/innen","Ohne Kaderfunktion","Männer",6117,4333,5106,7695,9461
"2020","Ticino","Ausländer/innen","Berufliche Stellung - Total","Geschlecht - Total",4910,3354,3874,6264,8460
"2020","Ticino","Ausländer/innen","Berufliche Stellung - Total","Frauen",4318,3224,3527,5737,7907
"2020","Ticino","Ausländer/innen","Berufliche Stellung - Total","Männer",5165,3500,4127,6468,8907
"2020","Ticino","Ausländer/innen","Oberes und mittleres Kader","Geschlecht - Total",7340,4116,5372,11300,18154
"2020","Ticino","Ausländer/innen","Oberes und mittleres Kader","Frauen",6551,3718,4684,10712,15002
"2020","Ticino","Ausländer/innen","Oberes und mittleres Kader","Männer",7560,4444,5494,11651,18938
"2020","Ticino","Ausländer/innen","Unteres Kader","Geschlecht - Total",6218,3825,4808,8343,10831
"2020","Ticino","Ausländer/innen","Unteres Kader","Frauen",5832,3598,4333,8060,10127
"2020","Ticino","Ausländer/innen","Unteres Kader","Männer",6328,4001,5032,8537,11450
"2020","Ticino","Ausländer/innen","Verantwortlich für die Ausführung der Arbeiten","Geschlecht - Total",5416,3754,4437,6784,8557
"2020","Ticino","Ausländer/innen","Verantwortlich für die Ausführung der Arbeiten","Frauen",4980,3568,4245,6472,8150
"2020","Ticino","Ausländer/innen","Verantwortlich für die Ausführung der Arbeiten","Männer",5613,3852,4539,6908,8749
"2020","Ticino","Ausländer/innen","Ohne Kaderfunktion","Geschlecht - Total",4548,3279,3692,5693,7033
"2020","Ticino","Ausländer/innen","Ohne Kaderfunktion","Frauen",4062,3160,3456,5260,7049
"2020","Ticino","Ausländer/innen","Ohne Kaderfunktion","Männer",4831,3417,3945,5858,7029
"2020","Ticino","> Kurzaufenthalter/innen (Kat. L)","Berufliche Stellung - Total","Geschlecht - Total",5609,3526,4449,6507,9400
"2020","Ticino","> Kurzaufenthalter/innen (Kat. L)","Berufliche Stellung - Total","Frauen",4664,3368,3610,6939,9424
"2020","Ticino","> Kurzaufenthalter/innen (Kat. L)","Berufliche Stellung - Total","Männer",5717,4000,4792,6360,8558
"2020","Ticino","> Kurzaufenthalter/innen (Kat. L)","Oberes und mittleres Kader","Geschlecht - Total",,,,,
"2020","Ticino","> Kurzaufenthalter/innen (Kat. L)","Oberes und mittleres Kader","Frauen",,,,,
"2020","Ticino","> Kurzaufenthalter/innen (Kat. L)","Oberes und mittleres Kader","Männer",,,,,
"2020","Ticino","> Kurzaufenthalter/innen (Kat. L)","Unteres Kader","Geschlecht - Total",,,,,
"2020","Ticino","> Kurzaufenthalter/innen (Kat. L)","Unteres Kader","Frauen",,,,,
"2020","Ticino","> Kurzaufenthalter/innen (Kat. L)","Unteres Kader","Männer",,,,,
"2020","Ticino","> Kurzaufenthalter/innen (Kat. L)","Verantwortlich für die Ausführung der Arbeiten","Geschlecht - Total",,,,,
"2020","Ticino","> Kurzaufenthalter/innen (Kat. L)","Verantwortlich für die Ausführung der Arbeiten","Frauen",,,,,
"2020","Ticino","> Kurzaufenthalter/innen (Kat. L)","Verantwortlich für die Ausführung der Arbeiten","Männer",,,,,
"2020","Ticino","> Kurzaufenthalter/innen (Kat. L)","Ohne Kaderfunktion","Geschlecht - Total",5383,3510,4227,6146,7100
"2020","Ticino","> Kurzaufenthalter/innen (Kat. L)","Ohne Kaderfunktion","Frauen",4334,3368,3524,6063,8347
"2020","Ticino","> Kurzaufenthalter/innen (Kat. L)","Ohne Kaderfunktion","Männer",5605,3877,4642,6146,6810
"2020","Ticino","> Aufenthalter/innen (Kat. B)","Berufliche Stellung - Total","Geschlecht - Total",5152,3544,4090,6998,10067
"2020","Ticino","> Aufenthalter/innen (Kat. B)","Berufliche Stellung - Total","Frauen",4740,3456,3921,6359,8355
"2020","Ticino","> Aufenthalter/innen (Kat. B)","Berufliche Stellung - Total","Männer",5522,3627,4217,7367,11031
"2020","Ticino","> Aufenthalter/innen (Kat. B)","Oberes und mittleres Kader","Geschlecht - Total",6959,4099,5089,11031,21117
"2020","Ticino","> Aufenthalter/innen (Kat. B)","Oberes und mittleres Kader","Frauen",5285,3529,4099,8401,11666
"2020","Ticino","> Aufenthalter/innen (Kat. B)","Oberes und mittleres Kader","Männer",7417,4999,5555,12847,21333
"2020","Ticino","> Aufenthalter/innen (Kat. B)","Unteres Kader","Geschlecht - Total",7422,3807,4598,10147,17154
"2020","Ticino","> Aufenthalter/innen (Kat. B)","Unteres Kader","Frauen",5882,3664,4333,9117,12075
"2020","Ticino","> Aufenthalter/innen (Kat. B)","Unteres Kader","Männer",7826,4000,5470,11379,18788
"2020","Ticino","> Aufenthalter/innen (Kat. B)","Verantwortlich für die Ausführung der Arbeiten","Geschlecht - Total",5700,3882,4444,7340,10000
"2020","Ticino","> Aufenthalter/innen (Kat. B)","Verantwortlich für die Ausführung der Arbeiten","Frauen",4964,3900,4200,6389,8931
"2020","Ticino","> Aufenthalter/innen (Kat. B)","Verantwortlich für die Ausführung der Arbeiten","Männer",5759,3837,4702,8093,10270
"2020","Ticino","> Aufenthalter/innen (Kat. B)","Ohne Kaderfunktion","Geschlecht - Total",4723,3479,3898,6185,7830
"2020","Ticino","> Aufenthalter/innen (Kat. B)","Ohne Kaderfunktion","Frauen",4548,3371,3797,5989,7835
"2020","Ticino","> Aufenthalter/innen (Kat. B)","Ohne Kaderfunktion","Männer",4847,3528,3977,6254,7766
"2020","Ticino","> Niedergelassene (Kat. C)","Berufliche Stellung - Total","Geschlecht - Total",5555,3777,4480,7263,10482
"2020","Ticino","> Niedergelassene (Kat. C)","Berufliche Stellung - Total","Frauen",5000,3580,4127,6675,8942
"2020","Ticino","> Niedergelassene (Kat. C)","Berufliche Stellung - Total","Männer",5832,4007,4762,7582,11515
"2020","Ticino","> Niedergelassene (Kat. C)","Oberes und mittleres Kader","Geschlecht - Total",8593,4000,5651,13259,19658
"2020","Ticino","> Niedergelassene (Kat. C)","Oberes und mittleres Kader","Frauen",6932,3538,4416,10915,15186
"2020","Ticino","> Niedergelassene (Kat. C)","Oberes und mittleres Kader","Männer",9211,4622,5981,14286,22118
"2020","Ticino","> Niedergelassene (Kat. C)","Unteres Kader","Geschlecht - Total",6748,4193,5143,9364,12164
"2020","Ticino","> Niedergelassene (Kat. C)","Unteres Kader","Frauen",6544,4193,5053,8366,10704
"2020","Ticino","> Niedergelassene (Kat. C)","Unteres Kader","Männer",6943,4114,5262,9748,13020
"2020","Ticino","> Niedergelassene (Kat. C)","Verantwortlich für die Ausführung der Arbeiten","Geschlecht - Total",5959,4269,4761,7498,9982
"2020","Ticino","> Niedergelassene (Kat. C)","Verantwortlich für die Ausführung der Arbeiten","Frauen",5522,4153,4654,7260,8942
"2020","Ticino","> Niedergelassene (Kat. C)","Verantwortlich für die Ausführung der Arbeiten","Männer",6179,4283,4868,7601,10347
"2020","Ticino","> Niedergelassene (Kat. C)","Ohne Kaderfunktion","Geschlecht - Total",5178,3680,4261,6318,8067
"2020","Ticino","> Niedergelassene (Kat. C)","Ohne Kaderfunktion","Frauen",4776,3568,4010,5849,7940
"2020","Ticino","> Niedergelassene (Kat. C)","Ohne Kaderfunktion","Männer",5463,3908,4499,6458,8101
"2020","Ticino","> Grenzgänger/innen (Kat. G)","Berufliche Stellung - Total","Geschlecht - Total",4642,3262,3683,5875,7688
"2020","Ticino","> Grenzgänger/innen (Kat. G)","Berufliche Stellung - Total","Frauen",3960,3060,3395,5235,7186
"2020","Ticino","> Grenzgänger/innen (Kat. G)","Berufliche Stellung - Total","Männer",4968,3417,3987,6030,7908
"2020","Ticino","> Grenzgänger/innen (Kat. G)","Oberes und mittleres Kader","Geschlecht - Total",6559,4170,5356,10203,15523
"2020","Ticino","> Grenzgänger/innen (Kat. G)","Oberes und mittleres Kader","Frauen",7005,4007,5082,10728,14846
"2020","Ticino","> Grenzgänger/innen (Kat. G)","Oberes und mittleres Kader","Männer",6493,4305,5361,10037,15610
"2020","Ticino","> Grenzgänger/innen (Kat. G)","Unteres Kader","Geschlecht - Total",5900,3689,4734,7981,9857
"2020","Ticino","> Grenzgänger/innen (Kat. G)","Unteres Kader","Frauen",5576,3303,3975,7581,9367
"2020","Ticino","> Grenzgänger/innen (Kat. G)","Unteres Kader","Männer",6105,3851,4954,8152,10054
"2020","Ticino","> Grenzgänger/innen (Kat. G)","Verantwortlich für die Ausführung der Arbeiten","Geschlecht - Total",5190,3644,4269,6458,8046
"2020","Ticino","> Grenzgänger/innen (Kat. G)","Verantwortlich für die Ausführung der Arbeiten","Frauen",4852,3407,3943,6109,7579
"2020","Ticino","> Grenzgänger/innen (Kat. G)","Verantwortlich für die Ausführung der Arbeiten","Männer",5393,3726,4347,6564,8163
"2020","Ticino","> Grenzgänger/innen (Kat. G)","Ohne Kaderfunktion","Geschlecht - Total",4313,3200,3539,5427,6634
"2020","Ticino","> Grenzgänger/innen (Kat. G)","Ohne Kaderfunktion","Frauen",3766,3024,3351,4773,6427
"2020","Ticino","> Grenzgänger/innen (Kat. G)","Ohne Kaderfunktion","Männer",4646,3327,3792,5632,6688
"2020","Ticino","> Andere","Berufliche Stellung - Total","Geschlecht - Total",4390,2837,3501,5651,8552
"2020","Ticino","> Andere","Berufliche Stellung - Total","Frauen",4150,3185,3471,6687,13081
"2020","Ticino","> Andere","Berufliche Stellung - Total","Männer",4390,2837,3765,5529,7936
"2020","Ticino","> Andere","Oberes und mittleres Kader","Geschlecht - Total",,,,,
"2020","Ticino","> Andere","Oberes und mittleres Kader","Frauen",,,,,
"2020","Ticino","> Andere","Oberes und mittleres Kader","Männer",,,,,
"2020","Ticino","> Andere","Unteres Kader","Geschlecht - Total",,,,,
"2020","Ticino","> Andere","Unteres Kader","Frauen",,,,,
"2020","Ticino","> Andere","Unteres Kader","Männer",,,,,
"2020","Ticino","> Andere","Verantwortlich für die Ausführung der Arbeiten","Geschlecht - Total",,,,,
"2020","Ticino","> Andere","Verantwortlich für die Ausführung der Arbeiten","Frauen",,,,,
"2020","Ticino","> Andere","Verantwortlich für die Ausführung der Arbeiten","Männer",,,,,
"2020","Ticino","> Andere","Ohne Kaderfunktion","Geschlecht - Total",4300,2837,3455,5153,6322
"2020","Ticino","> Andere","Ohne Kaderfunktion","Frauen",3786,3142,3471,5390,6554
"2020","Ticino","> Andere","Ohne Kaderfunktion","Männer",4390,2508,3237,5153,6282
"2018","Schweiz","Schweizer/innen und Ausländer/innen - Total","Berufliche Stellung - Total","Geschlecht - Total",6538,4302,5156,8676,11698
"2018","Schweiz","Schweizer/innen und Ausländer/innen - Total","Berufliche Stellung - Total","Frauen",6067,4040,4744,7857,10132
"2018","Schweiz","Schweizer/innen und Ausländer/innen - Total","Berufliche Stellung - Total","Männer",6857,4564,5471,9309,12685
"2018","Schweiz","Schweizer/innen und Ausländer/innen - Total","Oberes und mittleres Kader","Geschlecht - Total",10317,5618,7583,14158,20083
"2018","Schweiz","Schweizer/innen und Ausländer/innen - Total","Oberes und mittleres Kader","Frauen",8872,4849,6520,11909,16422
"2018","Schweiz","Schweizer/innen und Ausländer/innen - Total","Oberes und mittleres Kader","Männer",10893,6118,8062,15000,21360
"2018","Schweiz","Schweizer/innen und Ausländer/innen - Total","Unteres Kader","Geschlecht - Total",8480,5261,6624,10792,13309
"2018","Schweiz","Schweizer/innen und Ausländer/innen - Total","Unteres Kader","Frauen",7756,4637,5922,9881,12181
"2018","Schweiz","Schweizer/innen und Ausländer/innen - Total","Unteres Kader","Männer",8889,5714,6974,11214,13775
"2018","Schweiz","Schweizer/innen und Ausländer/innen - Total","Verantwortlich für die Ausführung der Arbeiten","Geschlecht - Total",7114,4800,5802,8955,11137
"2018","Schweiz","Schweizer/innen und Ausländer/innen - Total","Verantwortlich für die Ausführung der Arbeiten","Frauen",6670,4406,5336,8326,10299
"2018","Schweiz","Schweizer/innen und Ausländer/innen - Total","Verantwortlich für die Ausführung der Arbeiten","Männer",7361,5134,6069,9303,11483
"2018","Schweiz","Schweizer/innen und Ausländer/innen - Total","Ohne Kaderfunktion","Geschlecht - Total",5963,4140,4853,7425,9314
"2018","Schweiz","Schweizer/innen und Ausländer/innen - Total","Ohne Kaderfunktion","Frauen",5674,3949,4583,7183,8870
"2018","Schweiz","Schweizer/innen und Ausländer/innen - Total","Ohne Kaderfunktion","Männer",6138,4341,5111,7610,9659
"2018","Schweiz","Schweizer/innen","Berufliche Stellung - Total","Geschlecht - Total",6873,4538,5443,9012,11853
"2018","Schweiz","Schweizer/innen","Berufliche Stellung - Total","Frauen",6281,4271,4968,7976,10106
"2018","Schweiz","Schweizer/innen","Berufliche Stellung - Total","Männer",7357,4873,5853,9832,12983
"2018","Schweiz","Schweizer/innen","Oberes und mittleres Kader","Geschlecht - Total",10138,5700,7619,13492,18603
"2018","Schweiz","Schweizer/innen","Oberes und mittleres Kader","Frauen",8634,4800,6500,11270,14603
"2018","Schweiz","Schweizer/innen","Oberes und mittleres Kader","Männer",10768,6256,8133,14374,19841
"2018","Schweiz","Schweizer/innen","Unteres Kader","Geschlecht - Total",8402,5381,6677,10534,12774
"2018","Schweiz","Schweizer/innen","Unteres Kader","Frauen",7604,4640,5878,9527,11452
"2018","Schweiz","Schweizer/innen","Unteres Kader","Männer",8884,5947,7108,11045,13308
"2018","Schweiz","Schweizer/innen","Verantwortlich für die Ausführung der Arbeiten","Geschlecht - Total",7224,4966,5984,8998,11000
"2018","Schweiz","Schweizer/innen","Verantwortlich für die Ausführung der Arbeiten","Frauen",6692,4535,5431,8230,9983
"2018","Schweiz","Schweizer/innen","Verantwortlich für die Ausführung der Arbeiten","Männer",7574,5392,6318,9446,11424
"2018","Schweiz","Schweizer/innen","Ohne Kaderfunktion","Geschlecht - Total",6260,4381,5106,7744,9624
"2018","Schweiz","Schweizer/innen","Ohne Kaderfunktion","Frauen",5946,4199,4813,7362,9031
"2018","Schweiz","Schweizer/innen","Ohne Kaderfunktion","Männer",6525,4641,5422,8097,10158
"2018","Schweiz","Ausländer/innen","Berufliche Stellung - Total","Geschlecht - Total",5886,3955,4704,7824,11250
"2018","Schweiz","Ausländer/innen","Berufliche Stellung - Total","Frauen",5408,3697,4304,7507,10243
"2018","Schweiz","Ausländer/innen","Berufliche Stellung - Total","Männer",6062,4190,4983,8023,11831
"2018","Schweiz","Ausländer/innen","Oberes und mittleres Kader","Geschlecht - Total",11213,5320,7437,16865,25287
"2018","Schweiz","Ausländer/innen","Oberes und mittleres Kader","Frauen",10024,4966,6665,15207,21553
"2018","Schweiz","Ausländer/innen","Oberes und mittleres Kader","Männer",11700,5607,7758,17596,26486
"2018","Schweiz","Ausländer/innen","Unteres Kader","Geschlecht - Total",8725,5057,6463,11506,14605
"2018","Schweiz","Ausländer/innen","Unteres Kader","Frauen",8333,4635,6058,11002,13946
"2018","Schweiz","Ausländer/innen","Unteres Kader","Männer",8928,5302,6667,11747,14921
"2018","Schweiz","Ausländer/innen","Verantwortlich für die Ausführung der Arbeiten","Geschlecht - Total",6824,4496,5463,8843,11456
"2018","Schweiz","Ausländer/innen","Verantwortlich für die Ausführung der Arbeiten","Frauen",6607,4209,5066,8655,11106
"2018","Schweiz","Ausländer/innen","Verantwortlich für die Ausführung der Arbeiten","Männer",6925,4741,5618,8937,11648
"2018","Schweiz","Ausländer/innen","Ohne Kaderfunktion","Geschlecht - Total",5476,3835,4489,6776,8564
"2018","Schweiz","Ausländer/innen","Ohne Kaderfunktion","Frauen",5001,3610,4155,6662,8416
"2018","Schweiz","Ausländer/innen","Ohne Kaderfunktion","Männer",5669,4047,4749,6825,8664
"2018","Schweiz","> Kurzaufenthalter/innen (Kat. L)","Berufliche Stellung - Total","Geschlecht - Total",5056,2840,3895,5926,7311
"2018","Schweiz","> Kurzaufenthalter/innen (Kat. L)","Berufliche Stellung - Total","Frauen",4129,2680,3541,5813,8091
"2018","Schweiz","> Kurzaufenthalter/innen (Kat. L)","Berufliche Stellung - Total","Männer",5242,2895,4129,5951,7153
"2018","Schweiz","> Kurzaufenthalter/innen (Kat. L)","Oberes und mittleres Kader","Geschlecht - Total",11030,4912,5547,15570,106667
"2018","Schweiz","> Kurzaufenthalter/innen (Kat. L)","Oberes und mittleres Kader","Frauen",13605,5280,7791,106667,106667
"2018","Schweiz","> Kurzaufenthalter/innen (Kat. L)","Oberes und mittleres Kader","Männer",8125,4669,5005,12468,17000
"2018","Schweiz","> Kurzaufenthalter/innen (Kat. L)","Unteres Kader","Geschlecht - Total",5954,4234,4867,8797,12890
"2018","Schweiz","> Kurzaufenthalter/innen (Kat. L)","Unteres Kader","Frauen",6521,4226,5220,8848,11749
"2018","Schweiz","> Kurzaufenthalter/innen (Kat. L)","Unteres Kader","Männer",5513,4433,4867,8648,13914
"2018","Schweiz","> Kurzaufenthalter/innen (Kat. L)","Verantwortlich für die Ausführung der Arbeiten","Geschlecht - Total",6041,4129,4718,8627,13234
"2018","Schweiz","> Kurzaufenthalter/innen (Kat. L)","Verantwortlich für die Ausführung der Arbeiten","Frauen",5614,3814,4622,7530,10517
"2018","Schweiz","> Kurzaufenthalter/innen (Kat. L)","Verantwortlich für die Ausführung der Arbeiten","Männer",6437,4231,4993,9278,13500
"2018","Schweiz","> Kurzaufenthalter/innen (Kat. L)","Ohne Kaderfunktion","Geschlecht - Total",4974,2598,3815,5852,6760
"2018","Schweiz","> Kurzaufenthalter/innen (Kat. L)","Ohne Kaderfunktion","Frauen",4007,2550,3435,5176,6888
"2018","Schweiz","> Kurzaufenthalter/innen (Kat. L)","Ohne Kaderfunktion","Männer",5210,2625,4052,5871,6730
"2018","Schweiz","> Aufenthalter/innen (Kat. B)","Berufliche Stellung - Total","Geschlecht - Total",5629,3817,4425,7755,11540
"2018","Schweiz","> Aufenthalter/innen (Kat. B)","Berufliche Stellung - Total","Frauen",5365,3619,4159,7531,10387
"2018","Schweiz","> Aufenthalter/innen (Kat. B)","Berufliche Stellung - Total","Männer",5715,3967,4630,7953,12336
"2018","Schweiz","> Aufenthalter/innen (Kat. B)","Oberes und mittleres Kader","Geschlecht - Total",12510,5428,7708,19625,28576
"2018","Schweiz","> Aufenthalter/innen (Kat. B)","Oberes und mittleres Kader","Frauen",10754,5000,6882,16667,23291
"2018","Schweiz","> Aufenthalter/innen (Kat. B)","Oberes und mittleres Kader","Männer",13396,5775,8417,20988,30907
"2018","Schweiz","> Aufenthalter/innen (Kat. B)","Unteres Kader","Geschlecht - Total",8806,4940,6140,11884,15672
"2018","Schweiz","> Aufenthalter/innen (Kat. B)","Unteres Kader","Frauen",8444,4643,5839,11116,14190
"2018","Schweiz","> Aufenthalter/innen (Kat. B)","Unteres Kader","Männer",9231,5086,6334,12379,16704
"2018","Schweiz","> Aufenthalter/innen (Kat. B)","Verantwortlich für die Ausführung der Arbeiten","Geschlecht - Total",6828,4333,5234,9105,11799
"2018","Schweiz","> Aufenthalter/innen (Kat. B)","Verantwortlich für die Ausführung der Arbeiten","Frauen",6667,4185,5161,8597,11111
"2018","Schweiz","> Aufenthalter/innen (Kat. B)","Verantwortlich für die Ausführung der Arbeiten","Männer",6992,4532,5329,9507,12317
"2018","Schweiz","> Aufenthalter/innen (Kat. B)","Ohne Kaderfunktion","Geschlecht - Total",5189,3715,4248,6667,8471
"2018","Schweiz","> Aufenthalter/innen (Kat. B)","Ohne Kaderfunktion","Frauen",4830,3555,4018,6717,8294
"2018","Schweiz","> Aufenthalter/innen (Kat. B)","Ohne Kaderfunktion","Männer",5324,3870,4414,6630,8596
"2018","Schweiz","> Niedergelassene (Kat. C)","Berufliche Stellung - Total","Geschlecht - Total",5979,4154,4867,7900,11550
"2018","Schweiz","> Niedergelassene (Kat. C)","Berufliche Stellung - Total","Frauen",5329,3826,4384,7450,10441
"2018","Schweiz","> Niedergelassene (Kat. C)","Berufliche Stellung - Total","Männer",6217,4498,5227,8161,12210
"2018","Schweiz","> Niedergelassene (Kat. C)","Oberes und mittleres Kader","Geschlecht - Total",11010,5422,7413,16509,25000
"2018","Schweiz","> Niedergelassene (Kat. C)","Oberes und mittleres Kader","Frauen",9898,4983,6628,14779,21142
"2018","Schweiz","> Niedergelassene (Kat. C)","Oberes und mittleres Kader","Männer",11472,5773,7732,17243,26278
"2018","Schweiz","> Niedergelassene (Kat. C)","Unteres Kader","Geschlecht - Total",8946,5272,6641,11776,14874
"2018","Schweiz","> Niedergelassene (Kat. C)","Unteres Kader","Frauen",8606,4743,6301,11215,14127
"2018","Schweiz","> Niedergelassene (Kat. C)","Unteres Kader","Männer",9168,5600,6759,12036,15273
"2018","Schweiz","> Niedergelassene (Kat. C)","Verantwortlich für die Ausführung der Arbeiten","Geschlecht - Total",6784,4645,5599,8843,11648
"2018","Schweiz","> Niedergelassene (Kat. C)","Verantwortlich für die Ausführung der Arbeiten","Frauen",6537,4274,5014,8852,11445
"2018","Schweiz","> Niedergelassene (Kat. C)","Verantwortlich für die Ausführung der Arbeiten","Männer",6883,5011,5809,8833,11800
"2018","Schweiz","> Niedergelassene (Kat. C)","Ohne Kaderfunktion","Geschlecht - Total",5573,4037,4658,6758,8550
"2018","Schweiz","> Niedergelassene (Kat. C)","Ohne Kaderfunktion","Frauen",4989,3755,4263,6470,8378
"2018","Schweiz","> Niedergelassene (Kat. C)","Ohne Kaderfunktion","Männer",5824,4375,5019,6875,8667
"2018","Schweiz","> Grenzgänger/innen (Kat. G)","Berufliche Stellung - Total","Geschlecht - Total",6118,3938,4817,8017,10830
"2018","Schweiz","> Grenzgänger/innen (Kat. G)","Berufliche Stellung - Total","Frauen",5783,3556,4386,7679,9854
"2018","Schweiz","> Grenzgänger/innen (Kat. G)","Berufliche Stellung - Total","Männer",6248,4195,5027,8222,11278
"2018","Schweiz","> Grenzgänger/innen (Kat. G)","Oberes und mittleres Kader","Geschlecht - Total",10750,5172,7424,15504,21677
"2018","Schweiz","> Grenzgänger/innen (Kat. G)","Oberes und mittleres Kader","Frauen",9533,4699,6527,14220,19396
"2018","Schweiz","> Grenzgänger/innen (Kat. G)","Oberes und mittleres Kader","Männer",11046,5300,7590,15924,22336
"2018","Schweiz","> Grenzgänger/innen (Kat. G)","Unteres Kader","Geschlecht - Total",8332,5113,6468,10750,13449
"2018","Schweiz","> Grenzgänger/innen (Kat. G)","Unteres Kader","Frauen",7815,4449,5880,10308,13216
"2018","Schweiz","> Grenzgänger/innen (Kat. G)","Unteres Kader","Männer",8488,5340,6758,10925,13548
"2018","Schweiz","> Grenzgänger/innen (Kat. G)","Verantwortlich für die Ausführung der Arbeiten","Geschlecht - Total",6908,4448,5439,8704,10875
"2018","Schweiz","> Grenzgänger/innen (Kat. G)","Verantwortlich für die Ausführung der Arbeiten","Frauen",6667,4094,5080,8427,10335
"2018","Schweiz","> Grenzgänger/innen (Kat. G)","Verantwortlich für die Ausführung der Arbeiten","Männer",6991,4616,5537,8744,11093
"2018","Schweiz","> Grenzgänger/innen (Kat. G)","Ohne Kaderfunktion","Geschlecht - Total",5699,3783,4583,7109,8880
"2018","Schweiz","> Grenzgänger/innen (Kat. G)","Ohne Kaderfunktion","Frauen",5403,3466,4223,7075,8734
"2018","Schweiz","> Grenzgänger/innen (Kat. G)","Ohne Kaderfunktion","Männer",5804,4006,4772,7129,8959
"2018","Schweiz","> Andere","Berufliche Stellung - Total","Geschlecht - Total",4790,3471,3930,6415,9197
"2018","Schweiz","> Andere","Berufliche Stellung - Total","Frauen",4643,3423,3914,6821,9246
"2018","Schweiz","> Andere","Berufliche Stellung - Total","Männer",4826,3502,3937,6367,9157
"2018","Schweiz","> Andere","Oberes und mittleres Kader","Geschlecht - Total",8284,4466,5753,14067,18133
"2018","Schweiz","> Andere","Oberes und mittleres Kader","Frauen",7726,4000,4333,11838,16743
"2018","Schweiz","> Andere","Oberes und mittleres Kader","Männer",8345,5753,5753,14797,19859
"2018","Schweiz","> Andere","Unteres Kader","Geschlecht - Total",7784,3826,5014,10817,13860
"2018","Schweiz","> Andere","Unteres Kader","Frauen",8644,4235,5640,11500,14313
"2018","Schweiz","> Andere","Unteres Kader","Männer",7583,3820,4862,10424,12583
"2018","Schweiz","> Andere","Verantwortlich für die Ausführung der Arbeiten","Geschlecht - Total",6187,4103,4751,9259,11451
"2018","Schweiz","> Andere","Verantwortlich für die Ausführung der Arbeiten","Frauen",6558,2422,4418,9434,11875
"2018","Schweiz","> Andere","Verantwortlich für die Ausführung der Arbeiten","Männer",6118,4500,5005,9146,11314
"2018","Schweiz","> Andere","Ohne Kaderfunktion","Geschlecht - Total",4511,3429,3834,5882,7355
"2018","Schweiz","> Andere","Ohne Kaderfunktion","Frauen",4384,3422,3785,5884,7740
"2018","Schweiz","> Andere","Ohne Kaderfunktion","Männer",4551,3440,3850,5882,7155
"2018","Région lémanique","Schweizer/innen und Ausländer/innen - Total","Berufliche Stellung - Total","Geschlecht - Total",6600,4235,5154,8890,12349
"2018","Région lémanique","Schweizer/innen und Ausländer/innen - Total","Berufliche Stellung - Total","Frauen",6442,4050,4923,8410,10984
"2018","Région lémanique","Schweizer/innen und Ausländer/innen - Total","Berufliche Stellung - Total","Männer",6720,4409,5306,9354,13352
"2018","Région lémanique","Schweizer/innen und Ausländer/innen - Total","Oberes und mittleres Kader","Geschlecht - Total",11178,5521,7732,16017,23216
"2018","Région lémanique","Schweizer/innen und Ausländer/innen - Total","Oberes und mittleres Kader","Frauen",9750,4762,6766,13587,18990
"2018","Région lémanique","Schweizer/innen und Ausländer/innen - Total","Oberes und mittleres Kader","Männer",11902,6000,8254,17117,24880
"2018","Région lémanique","Schweizer/innen und Ausländer/innen - Total","Unteres Kader","Geschlecht - Total",9114,5365,6810,11795,15000
"2018","Région lémanique","Schweizer/innen und Ausländer/innen - Total","Unteres Kader","Frauen",8583,4923,6397,11111,14114
"2018","Région lémanique","Schweizer/innen und Ausländer/innen - Total","Unteres Kader","Männer",9462,5639,6987,12153,15591
"2018","Région lémanique","Schweizer/innen und Ausländer/innen - Total","Verantwortlich für die Ausführung der Arbeiten","Geschlecht - Total",7320,4850,5876,9387,12143
"2018","Région lémanique","Schweizer/innen und Ausländer/innen - Total","Verantwortlich für die Ausführung der Arbeiten","Frauen",7092,4405,5568,9197,11956
"2018","Région lémanique","Schweizer/innen und Ausländer/innen - Total","Verantwortlich für die Ausführung der Arbeiten","Männer",7453,5078,6000,9477,12312
"2018","Région lémanique","Schweizer/innen und Ausländer/innen - Total","Ohne Kaderfunktion","Geschlecht - Total",5999,4078,4845,7593,9457
"2018","Région lémanique","Schweizer/innen und Ausländer/innen - Total","Ohne Kaderfunktion","Frauen",6036,3961,4726,7661,9345
"2018","Région lémanique","Schweizer/innen und Ausländer/innen - Total","Ohne Kaderfunktion","Männer",5973,4198,4922,7536,9583
"2018","Région lémanique","Schweizer/innen","Berufliche Stellung - Total","Geschlecht - Total",7059,4520,5504,9349,12573
"2018","Région lémanique","Schweizer/innen","Berufliche Stellung - Total","Frauen",6718,4322,5248,8603,11034
"2018","Région lémanique","Schweizer/innen","Berufliche Stellung - Total","Männer",7422,4748,5732,10122,13736
"2018","Région lémanique","Schweizer/innen","Oberes und mittleres Kader","Geschlecht - Total",10851,5633,7733,14999,21429
"2018","Région lémanique","Schweizer/innen","Oberes und mittleres Kader","Frauen",9333,4702,6664,12889,17019
"2018","Région lémanique","Schweizer/innen","Oberes und mittleres Kader","Männer",11505,6118,8254,16017,22571
"2018","Région lémanique","Schweizer/innen","Unteres Kader","Geschlecht - Total",9088,5496,6961,11393,13938
"2018","Région lémanique","Schweizer/innen","Unteres Kader","Frauen",8408,4960,6396,10584,13310
"2018","Région lémanique","Schweizer/innen","Unteres Kader","Männer",9557,6000,7269,11857,14269
"2018","Région lémanique","Schweizer/innen","Verantwortlich für die Ausführung der Arbeiten","Geschlecht - Total",7464,5092,6030,9426,12069
"2018","Région lémanique","Schweizer/innen","Verantwortlich für die Ausführung der Arbeiten","Frauen",7083,4617,5681,8990,11668
"2018","Région lémanique","Schweizer/innen","Verantwortlich für die Ausführung der Arbeiten","Männer",7646,5457,6265,9667,12250
"2018","Région lémanique","Schweizer/innen","Ohne Kaderfunktion","Geschlecht - Total",6447,4349,5192,8094,10032
"2018","Région lémanique","Schweizer/innen","Ohne Kaderfunktion","Frauen",6387,4247,5075,7985,9671
"2018","Région lémanique","Schweizer/innen","Ohne Kaderfunktion","Männer",6496,4486,5285,8226,10413
"2018","Région lémanique","Ausländer/innen","Berufliche Stellung - Total","Geschlecht - Total",6066,4000,4796,8208,11950
"2018","Région lémanique","Ausländer/innen","Berufliche Stellung - Total","Frauen",5959,3793,4494,8048,10843
"2018","Région lémanique","Ausländer/innen","Berufliche Stellung - Total","Männer",6116,4178,4942,8326,12747
"2018","Région lémanique","Ausländer/innen","Oberes und mittleres Kader","Geschlecht - Total",12141,5333,7732,18310,27098
"2018","Région lémanique","Ausländer/innen","Oberes und mittleres Kader","Frauen",10614,4815,7175,15169,21926
"2018","Région lémanique","Ausländer/innen","Oberes und mittleres Kader","Männer",12863,5714,8202,19636,28895
"2018","Région lémanique","Ausländer/innen","Unteres Kader","Geschlecht - Total",9166,5176,6641,12354,16304
"2018","Région lémanique","Ausländer/innen","Unteres Kader","Frauen",8834,4807,6397,11854,15090
"2018","Région lémanique","Ausländer/innen","Unteres Kader","Männer",9339,5366,6770,12667,17352
"2018","Région lémanique","Ausländer/innen","Verantwortlich für die Ausführung der Arbeiten","Geschlecht - Total",7150,4643,5618,9301,12355
"2018","Région lémanique","Ausländer/innen","Verantwortlich für die Ausführung der Arbeiten","Frauen",7104,4206,5348,9544,12360
"2018","Région lémanique","Ausländer/innen","Verantwortlich für die Ausführung der Arbeiten","Männer",7170,4850,5763,9190,12355
"2018","Région lémanique","Ausländer/innen","Ohne Kaderfunktion","Geschlecht - Total",5579,3880,4526,6947,8724
"2018","Région lémanique","Ausländer/innen","Ohne Kaderfunktion","Frauen",5461,3714,4299,7106,8822
"2018","Région lémanique","Ausländer/innen","Ohne Kaderfunktion","Männer",5629,4014,4682,6831,8640
"2018","Région lémanique","> Kurzaufenthalter/innen (Kat. L)","Berufliche Stellung - Total","Geschlecht - Total",4782,3437,3890,5792,7334
"2018","Région lémanique","> Kurzaufenthalter/innen (Kat. L)","Berufliche Stellung - Total","Frauen",4180,3314,3660,5699,7492
"2018","Région lémanique","> Kurzaufenthalter/innen (Kat. L)","Berufliche Stellung - Total","Männer",4989,3497,4124,5793,7275
"2018","Région lémanique","> Kurzaufenthalter/innen (Kat. L)","Oberes und mittleres Kader","Geschlecht - Total",11531,4669,5770,11667,13519
"2018","Région lémanique","> Kurzaufenthalter/innen (Kat. L)","Oberes und mittleres Kader","Frauen",,,,,
"2018","Région lémanique","> Kurzaufenthalter/innen (Kat. L)","Oberes und mittleres Kader","Männer",,,,,
"2018","Région lémanique","> Kurzaufenthalter/innen (Kat. L)","Unteres Kader","Geschlecht - Total",6827,4682,5513,9218,13401
"2018","Région lémanique","> Kurzaufenthalter/innen (Kat. L)","Unteres Kader","Frauen",,,,,
"2018","Région lémanique","> Kurzaufenthalter/innen (Kat. L)","Unteres Kader","Männer",,,,,
"2018","Région lémanique","> Kurzaufenthalter/innen (Kat. L)","Verantwortlich für die Ausführung der Arbeiten","Geschlecht - Total",5460,3808,4483,7006,11415
"2018","Région lémanique","> Kurzaufenthalter/innen (Kat. L)","Verantwortlich für die Ausführung der Arbeiten","Frauen",,,,,
"2018","Région lémanique","> Kurzaufenthalter/innen (Kat. L)","Verantwortlich für die Ausführung der Arbeiten","Männer",,,,,
"2018","Région lémanique","> Kurzaufenthalter/innen (Kat. L)","Ohne Kaderfunktion","Geschlecht - Total",4664,3421,3822,5717,6667
"2018","Région lémanique","> Kurzaufenthalter/innen (Kat. L)","Ohne Kaderfunktion","Frauen",4109,3218,3593,5402,6842
"2018","Région lémanique","> Kurzaufenthalter/innen (Kat. L)","Ohne Kaderfunktion","Männer",4868,3482,4035,5775,6598
"2018","Région lémanique","> Aufenthalter/innen (Kat. B)","Berufliche Stellung - Total","Geschlecht - Total",5732,3778,4413,8000,12700
"2018","Région lémanique","> Aufenthalter/innen (Kat. B)","Berufliche Stellung - Total","Frauen",5779,3605,4178,7840,11202
"2018","Région lémanique","> Aufenthalter/innen (Kat. B)","Berufliche Stellung - Total","Männer",5695,3920,4580,8177,14308
"2018","Région lémanique","> Aufenthalter/innen (Kat. B)","Oberes und mittleres Kader","Geschlecht - Total",14090,5811,8921,21194,32739
"2018","Région lémanique","> Aufenthalter/innen (Kat. B)","Oberes und mittleres Kader","Frauen",11429,4874,7647,15947,25431
"2018","Région lémanique","> Aufenthalter/innen (Kat. B)","Oberes und mittleres Kader","Männer",15333,6230,10072,24204,34666
"2018","Région lémanique","> Aufenthalter/innen (Kat. B)","Unteres Kader","Geschlecht - Total",9167,4969,6400,12761,18671
"2018","Région lémanique","> Aufenthalter/innen (Kat. B)","Unteres Kader","Frauen",8333,4640,5971,11486,15108
"2018","Région lémanique","> Aufenthalter/innen (Kat. B)","Unteres Kader","Männer",9826,5185,6776,13750,21188
"2018","Région lémanique","> Aufenthalter/innen (Kat. B)","Verantwortlich für die Ausführung der Arbeiten","Geschlecht - Total",6920,4333,5177,9586,13210
"2018","Région lémanique","> Aufenthalter/innen (Kat. B)","Verantwortlich für die Ausführung der Arbeiten","Frauen",6958,4015,5241,8938,12885
"2018","Région lémanique","> Aufenthalter/innen (Kat. B)","Verantwortlich für die Ausführung der Arbeiten","Männer",6909,4678,5177,10041,13459
"2018","Région lémanique","> Aufenthalter/innen (Kat. B)","Ohne Kaderfunktion","Geschlecht - Total",5153,3672,4179,6655,8317
"2018","Région lémanique","> Aufenthalter/innen (Kat. B)","Ohne Kaderfunktion","Frauen",4990,3544,4002,6856,8420
"2018","Région lémanique","> Aufenthalter/innen (Kat. B)","Ohne Kaderfunktion","Männer",5189,3825,4308,6500,8167
"2018","Région lémanique","> Niedergelassene (Kat. C)","Berufliche Stellung - Total","Geschlecht - Total",6017,4044,4832,8285,12820
"2018","Région lémanique","> Niedergelassene (Kat. C)","Berufliche Stellung - Total","Frauen",5706,3765,4434,8041,11471
"2018","Région lémanique","> Niedergelassene (Kat. C)","Berufliche Stellung - Total","Männer",6169,4311,5080,8433,13867
"2018","Région lémanique","> Niedergelassene (Kat. C)","Oberes und mittleres Kader","Geschlecht - Total",11853,4992,7400,18660,28769
"2018","Région lémanique","> Niedergelassene (Kat. C)","Oberes und mittleres Kader","Frauen",10792,4815,6771,16272,22994
"2018","Région lémanique","> Niedergelassene (Kat. C)","Oberes und mittleres Kader","Männer",12505,5177,7635,19711,30000
"2018","Région lémanique","> Niedergelassene (Kat. C)","Unteres Kader","Geschlecht - Total",9875,5365,6968,13714,17761
"2018","Région lémanique","> Niedergelassene (Kat. C)","Unteres Kader","Frauen",9912,4950,7406,13405,16418
"2018","Région lémanique","> Niedergelassene (Kat. C)","Unteres Kader","Männer",9874,5579,6843,13882,18375
"2018","Région lémanique","> Niedergelassene (Kat. C)","Verantwortlich für die Ausführung der Arbeiten","Geschlecht - Total",7068,4629,5618,9618,12951
"2018","Région lémanique","> Niedergelassene (Kat. C)","Verantwortlich für die Ausführung der Arbeiten","Frauen",7400,4220,5113,10243,12698
"2018","Région lémanique","> Niedergelassene (Kat. C)","Verantwortlich für die Ausführung der Arbeiten","Männer",7023,4945,5714,9268,13221
"2018","Région lémanique","> Niedergelassene (Kat. C)","Ohne Kaderfunktion","Geschlecht - Total",5580,3905,4559,6818,8628
"2018","Région lémanique","> Niedergelassene (Kat. C)","Ohne Kaderfunktion","Frauen",5228,3701,4260,6855,8678
"2018","Région lémanique","> Niedergelassene (Kat. C)","Ohne Kaderfunktion","Männer",5704,4122,4809,6800,8580
"2018","Région lémanique","> Grenzgänger/innen (Kat. G)","Berufliche Stellung - Total","Geschlecht - Total",6426,4332,5107,8391,11028
"2018","Région lémanique","> Grenzgänger/innen (Kat. G)","Berufliche Stellung - Total","Frauen",6416,4166,4984,8277,10146
"2018","Région lémanique","> Grenzgänger/innen (Kat. G)","Berufliche Stellung - Total","Männer",6430,4434,5160,8483,11578
"2018","Région lémanique","> Grenzgänger/innen (Kat. G)","Oberes und mittleres Kader","Geschlecht - Total",11536,5938,8125,15923,22053
"2018","Région lémanique","> Grenzgänger/innen (Kat. G)","Oberes und mittleres Kader","Frauen",10152,5159,7275,13658,19053
"2018","Région lémanique","> Grenzgänger/innen (Kat. G)","Oberes und mittleres Kader","Männer",12255,6163,8524,16787,23079
"2018","Région lémanique","> Grenzgänger/innen (Kat. G)","Unteres Kader","Geschlecht - Total",8562,5238,6618,11081,13606
"2018","Région lémanique","> Grenzgänger/innen (Kat. G)","Unteres Kader","Frauen",8404,4763,6122,10633,13296
"2018","Région lémanique","> Grenzgänger/innen (Kat. G)","Unteres Kader","Männer",8750,5432,6770,11235,13746
"2018","Région lémanique","> Grenzgänger/innen (Kat. G)","Verantwortlich für die Ausführung der Arbeiten","Geschlecht - Total",7274,4807,5945,8941,11058
"2018","Région lémanique","> Grenzgänger/innen (Kat. G)","Verantwortlich für die Ausführung der Arbeiten","Frauen",7150,4540,5635,8923,10942
"2018","Région lémanique","> Grenzgänger/innen (Kat. G)","Verantwortlich für die Ausführung der Arbeiten","Männer",7313,4918,6044,8952,11109
"2018","Région lémanique","> Grenzgänger/innen (Kat. G)","Ohne Kaderfunktion","Geschlecht - Total",5946,4200,4881,7439,9130
"2018","Région lémanique","> Grenzgänger/innen (Kat. G)","Ohne Kaderfunktion","Frauen",6056,4073,4817,7641,9177
"2018","Région lémanique","> Grenzgänger/innen (Kat. G)","Ohne Kaderfunktion","Männer",5857,4291,4925,7280,9083
"2018","Région lémanique","> Andere","Berufliche Stellung - Total","Geschlecht - Total",5580,3723,4280,7381,10983
"2018","Région lémanique","> Andere","Berufliche Stellung - Total","Frauen",5500,3770,4114,7734,10496
"2018","Région lémanique","> Andere","Berufliche Stellung - Total","Männer",5602,3714,4417,7292,11299
"2018","Région lémanique","> Andere","Oberes und mittleres Kader","Geschlecht - Total",10162,4000,5357,15335,19859
"2018","Région lémanique","> Andere","Oberes und mittleres Kader","Frauen",,,,,
"2018","Région lémanique","> Andere","Oberes und mittleres Kader","Männer",13334,5357,8592,17271,23954
"2018","Région lémanique","> Andere","Unteres Kader","Geschlecht - Total",8989,4247,6430,12188,15649
"2018","Région lémanique","> Andere","Unteres Kader","Frauen",,,,,
"2018","Région lémanique","> Andere","Unteres Kader","Männer",8989,3534,5846,12188,18271
"2018","Région lémanique","> Andere","Verantwortlich für die Ausführung der Arbeiten","Geschlecht - Total",6399,4174,4751,9893,11990
"2018","Région lémanique","> Andere","Verantwortlich für die Ausführung der Arbeiten","Frauen",6666,2422,4174,9893,12415
"2018","Région lémanique","> Andere","Verantwortlich für die Ausführung der Arbeiten","Männer",6127,4751,5159,9919,11812
"2018","Région lémanique","> Andere","Ohne Kaderfunktion","Geschlecht - Total",5250,3636,4147,6536,7900
"2018","Région lémanique","> Andere","Ohne Kaderfunktion","Frauen",5395,3709,4055,6609,8080
"2018","Région lémanique","> Andere","Ohne Kaderfunktion","Männer",5195,3610,4189,6536,7580
"2018","Espace Mittelland","Schweizer/innen und Ausländer/innen - Total","Berufliche Stellung - Total","Geschlecht - Total",6511,4444,5276,8446,10986
"2018","Espace Mittelland","Schweizer/innen und Ausländer/innen - Total","Berufliche Stellung - Total","Frauen",5994,4160,4815,7588,9634
"2018","Espace Mittelland","Schweizer/innen und Ausländer/innen - Total","Berufliche Stellung - Total","Männer",6864,4756,5622,9009,11733
"2018","Espace Mittelland","Schweizer/innen und Ausländer/innen - Total","Oberes und mittleres Kader","Geschlecht - Total",9848,5417,7221,12981,16501
"2018","Espace Mittelland","Schweizer/innen und Ausländer/innen - Total","Oberes und mittleres Kader","Frauen",8125,4500,5752,11044,14163
"2018","Espace Mittelland","Schweizer/innen und Ausländer/innen - Total","Oberes und mittleres Kader","Männer",10433,6015,7737,13497,17214
"2018","Espace Mittelland","Schweizer/innen und Ausländer/innen - Total","Unteres Kader","Geschlecht - Total",8099,5255,6500,10066,12139
"2018","Espace Mittelland","Schweizer/innen und Ausländer/innen - Total","Unteres Kader","Frauen",7345,4591,5703,9321,11185
"2018","Espace Mittelland","Schweizer/innen und Ausländer/innen - Total","Unteres Kader","Männer",8443,5730,6850,10380,12508
"2018","Espace Mittelland","Schweizer/innen und Ausländer/innen - Total","Verantwortlich für die Ausführung der Arbeiten","Geschlecht - Total",6962,4930,5850,8677,10601
"2018","Espace Mittelland","Schweizer/innen und Ausländer/innen - Total","Verantwortlich für die Ausführung der Arbeiten","Frauen",6564,4524,5405,8010,9512
"2018","Espace Mittelland","Schweizer/innen und Ausländer/innen - Total","Verantwortlich für die Ausführung der Arbeiten","Männer",7179,5262,6115,8995,10986
"2018","Espace Mittelland","Schweizer/innen und Ausländer/innen - Total","Ohne Kaderfunktion","Geschlecht - Total",6085,4332,5035,7506,9376
"2018","Espace Mittelland","Schweizer/innen und Ausländer/innen - Total","Ohne Kaderfunktion","Frauen",5744,4101,4702,7130,8854
"2018","Espace Mittelland","Schweizer/innen und Ausländer/innen - Total","Ohne Kaderfunktion","Männer",6293,4589,5322,7785,9709
"2018","Espace Mittelland","Schweizer/innen","Berufliche Stellung - Total","Geschlecht - Total",6798,4642,5525,8782,11267
"2018","Espace Mittelland","Schweizer/innen","Berufliche Stellung - Total","Frauen",6190,4332,5016,7789,9734
"2018","Espace Mittelland","Schweizer/innen","Berufliche Stellung - Total","Männer",7235,5000,5900,9443,12143
"2018","Espace Mittelland","Schweizer/innen","Oberes und mittleres Kader","Geschlecht - Total",9858,5470,7276,12911,16300
"2018","Espace Mittelland","Schweizer/innen","Oberes und mittleres Kader","Frauen",8095,4500,5730,10880,13690
"2018","Espace Mittelland","Schweizer/innen","Oberes und mittleres Kader","Männer",10481,6067,7841,13460,17036
"2018","Espace Mittelland","Schweizer/innen","Unteres Kader","Geschlecht - Total",8101,5364,6548,10035,12005
"2018","Espace Mittelland","Schweizer/innen","Unteres Kader","Frauen",7308,4591,5720,9238,11000
"2018","Espace Mittelland","Schweizer/innen","Unteres Kader","Männer",8468,5812,6919,10389,12400
"2018","Espace Mittelland","Schweizer/innen","Verantwortlich für die Ausführung der Arbeiten","Geschlecht - Total",7103,5088,6064,8826,10712
"2018","Espace Mittelland","Schweizer/innen","Verantwortlich für die Ausführung der Arbeiten","Frauen",6628,4656,5549,8048,9496
"2018","Espace Mittelland","Schweizer/innen","Verantwortlich für die Ausführung der Arbeiten","Männer",7350,5473,6316,9187,11130
"2018","Espace Mittelland","Schweizer/innen","Ohne Kaderfunktion","Geschlecht - Total",6318,4521,5259,7833,9659
"2018","Espace Mittelland","Schweizer/innen","Ohne Kaderfunktion","Frauen",5986,4284,4915,7355,9089
"2018","Espace Mittelland","Schweizer/innen","Ohne Kaderfunktion","Männer",6616,4805,5583,8227,10120
"2018","Espace Mittelland","Ausländer/innen","Berufliche Stellung - Total","Geschlecht - Total",5691,4051,4695,7104,9583
"2018","Espace Mittelland","Ausländer/innen","Berufliche Stellung - Total","Frauen",5104,3765,4319,6651,8714
"2018","Espace Mittelland","Ausländer/innen","Berufliche Stellung - Total","Männer",5928,4289,5015,7331,10000
"2018","Espace Mittelland","Ausländer/innen","Oberes und mittleres Kader","Geschlecht - Total",9801,5008,6988,13606,18379
"2018","Espace Mittelland","Ausländer/innen","Oberes und mittleres Kader","Frauen",8265,4507,5880,12326,17084
"2018","Espace Mittelland","Ausländer/innen","Oberes und mittleres Kader","Männer",10181,5421,7143,14000,18902
"2018","Espace Mittelland","Ausländer/innen","Unteres Kader","Geschlecht - Total",8067,4782,6190,10217,12941
"2018","Espace Mittelland","Ausländer/innen","Unteres Kader","Frauen",7585,4548,5593,9879,12318
"2018","Espace Mittelland","Ausländer/innen","Unteres Kader","Männer",8233,5014,6538,10348,13071
"2018","Espace Mittelland","Ausländer/innen","Verantwortlich für die Ausführung der Arbeiten","Geschlecht - Total",6305,4521,5333,7884,10103
"2018","Espace Mittelland","Ausländer/innen","Verantwortlich für die Ausführung der Arbeiten","Frauen",6103,4230,4853,7779,9727
"2018","Espace Mittelland","Ausländer/innen","Verantwortlich für die Ausführung der Arbeiten","Männer",6369,4719,5506,7884,10229
"2018","Espace Mittelland","Ausländer/innen","Ohne Kaderfunktion","Geschlecht - Total",5436,3972,4563,6525,8001
"2018","Espace Mittelland","Ausländer/innen","Ohne Kaderfunktion","Frauen",4900,3711,4233,6120,7646
"2018","Espace Mittelland","Ausländer/innen","Ohne Kaderfunktion","Männer",5689,4212,4875,6685,8198
"2018","Espace Mittelland","> Kurzaufenthalter/innen (Kat. L)","Berufliche Stellung - Total","Geschlecht - Total",5252,3467,4055,6261,7644
"2018","Espace Mittelland","> Kurzaufenthalter/innen (Kat. L)","Berufliche Stellung - Total","Frauen",4162,3387,3544,5667,7137
"2018","Espace Mittelland","> Kurzaufenthalter/innen (Kat. L)","Berufliche Stellung - Total","Männer",5491,3636,4390,6300,7753
"2018","Espace Mittelland","> Kurzaufenthalter/innen (Kat. L)","Oberes und mittleres Kader","Geschlecht - Total",,,,,
"2018","Espace Mittelland","> Kurzaufenthalter/innen (Kat. L)","Oberes und mittleres Kader","Frauen",,,,,
"2018","Espace Mittelland","> Kurzaufenthalter/innen (Kat. L)","Oberes und mittleres Kader","Männer",,,,,
"2018","Espace Mittelland","> Kurzaufenthalter/innen (Kat. L)","Unteres Kader","Geschlecht - Total",,,,,
"2018","Espace Mittelland","> Kurzaufenthalter/innen (Kat. L)","Unteres Kader","Frauen",,,,,
"2018","Espace Mittelland","> Kurzaufenthalter/innen (Kat. L)","Unteres Kader","Männer",,,,,
"2018","Espace Mittelland","> Kurzaufenthalter/innen (Kat. L)","Verantwortlich für die Ausführung der Arbeiten","Geschlecht - Total",,,,,
"2018","Espace Mittelland","> Kurzaufenthalter/innen (Kat. L)","Verantwortlich für die Ausführung der Arbeiten","Frauen",,,,,
"2018","Espace Mittelland","> Kurzaufenthalter/innen (Kat. L)","Verantwortlich für die Ausführung der Arbeiten","Männer",,,,,
"2018","Espace Mittelland","> Kurzaufenthalter/innen (Kat. L)","Ohne Kaderfunktion","Geschlecht - Total",5225,3441,4016,6159,7327
"2018","Espace Mittelland","> Kurzaufenthalter/innen (Kat. L)","Ohne Kaderfunktion","Frauen",4132,3387,3544,5531,7073
"2018","Espace Mittelland","> Kurzaufenthalter/innen (Kat. L)","Ohne Kaderfunktion","Männer",5453,3636,4347,6250,7378
"2018","Espace Mittelland","> Aufenthalter/innen (Kat. B)","Berufliche Stellung - Total","Geschlecht - Total",5308,3753,4323,6907,9396
"2018","Espace Mittelland","> Aufenthalter/innen (Kat. B)","Berufliche Stellung - Total","Frauen",4942,3543,4093,6671,8515
"2018","Espace Mittelland","> Aufenthalter/innen (Kat. B)","Berufliche Stellung - Total","Männer",5445,3942,4494,7118,9873
"2018","Espace Mittelland","> Aufenthalter/innen (Kat. B)","Oberes und mittleres Kader","Geschlecht - Total",10760,4700,6923,15468,23334
"2018","Espace Mittelland","> Aufenthalter/innen (Kat. B)","Oberes und mittleres Kader","Frauen",8378,3818,5259,14286,17364
"2018","Espace Mittelland","> Aufenthalter/innen (Kat. B)","Oberes und mittleres Kader","Männer",12016,5644,8973,16716,23762
"2018","Espace Mittelland","> Aufenthalter/innen (Kat. B)","Unteres Kader","Geschlecht - Total",8315,4857,5942,10382,13364
"2018","Espace Mittelland","> Aufenthalter/innen (Kat. B)","Unteres Kader","Frauen",7626,4436,5778,9913,12247
"2018","Espace Mittelland","> Aufenthalter/innen (Kat. B)","Unteres Kader","Männer",8711,5019,6132,10593,13810
"2018","Espace Mittelland","> Aufenthalter/innen (Kat. B)","Verantwortlich für die Ausführung der Arbeiten","Geschlecht - Total",6468,4163,5124,8040,10201
"2018","Espace Mittelland","> Aufenthalter/innen (Kat. B)","Verantwortlich für die Ausführung der Arbeiten","Frauen",6180,3926,4820,7331,9298
"2018","Espace Mittelland","> Aufenthalter/innen (Kat. B)","Verantwortlich für die Ausführung der Arbeiten","Männer",6707,4423,5400,8409,10677
"2018","Espace Mittelland","> Aufenthalter/innen (Kat. B)","Ohne Kaderfunktion","Geschlecht - Total",5062,3694,4237,6306,7820
"2018","Espace Mittelland","> Aufenthalter/innen (Kat. B)","Ohne Kaderfunktion","Frauen",4715,3509,4011,6239,7630
"2018","Espace Mittelland","> Aufenthalter/innen (Kat. B)","Ohne Kaderfunktion","Männer",5221,3855,4348,6333,7932
"2018","Espace Mittelland","> Niedergelassene (Kat. C)","Berufliche Stellung - Total","Geschlecht - Total",5799,4230,4857,7159,9840
"2018","Espace Mittelland","> Niedergelassene (Kat. C)","Berufliche Stellung - Total","Frauen",5159,3885,4422,6680,8957
"2018","Espace Mittelland","> Niedergelassene (Kat. C)","Berufliche Stellung - Total","Männer",6057,4540,5183,7399,10259
"2018","Espace Mittelland","> Niedergelassene (Kat. C)","Oberes und mittleres Kader","Geschlecht - Total",9533,4981,6822,13256,17744
"2018","Espace Mittelland","> Niedergelassene (Kat. C)","Oberes und mittleres Kader","Frauen",8095,4706,5961,11968,17533
"2018","Espace Mittelland","> Niedergelassene (Kat. C)","Oberes und mittleres Kader","Männer",10000,5171,7035,13591,17795
"2018","Espace Mittelland","> Niedergelassene (Kat. C)","Unteres Kader","Geschlecht - Total",8041,4743,6141,10366,13115
"2018","Espace Mittelland","> Niedergelassene (Kat. C)","Unteres Kader","Frauen",7575,4703,5479,9978,12629
"2018","Espace Mittelland","> Niedergelassene (Kat. C)","Unteres Kader","Männer",8211,4894,6588,10599,13378
"2018","Espace Mittelland","> Niedergelassene (Kat. C)","Verantwortlich für die Ausführung der Arbeiten","Geschlecht - Total",6293,4588,5345,7884,10280
"2018","Espace Mittelland","> Niedergelassene (Kat. C)","Verantwortlich für die Ausführung der Arbeiten","Frauen",6040,4378,4841,8050,9993
"2018","Espace Mittelland","> Niedergelassene (Kat. C)","Verantwortlich für die Ausführung der Arbeiten","Männer",6296,4981,5514,7820,10398
"2018","Espace Mittelland","> Niedergelassene (Kat. C)","Ohne Kaderfunktion","Geschlecht - Total",5554,4151,4726,6582,8136
"2018","Espace Mittelland","> Niedergelassene (Kat. C)","Ohne Kaderfunktion","Frauen",4977,3817,4333,6087,7760
"2018","Espace Mittelland","> Niedergelassene (Kat. C)","Ohne Kaderfunktion","Männer",5823,4493,5086,6746,8355
"2018","Espace Mittelland","> Grenzgänger/innen (Kat. G)","Berufliche Stellung - Total","Geschlecht - Total",5970,4257,4908,7305,9340
"2018","Espace Mittelland","> Grenzgänger/innen (Kat. G)","Berufliche Stellung - Total","Frauen",5184,3949,4417,6582,8224
"2018","Espace Mittelland","> Grenzgänger/innen (Kat. G)","Berufliche Stellung - Total","Männer",6223,4495,5239,7581,9721
"2018","Espace Mittelland","> Grenzgänger/innen (Kat. G)","Oberes und mittleres Kader","Geschlecht - Total",9804,6307,8000,13131,16850
"2018","Espace Mittelland","> Grenzgänger/innen (Kat. G)","Oberes und mittleres Kader","Frauen",9048,6335,7755,11612,14320
"2018","Espace Mittelland","> Grenzgänger/innen (Kat. G)","Oberes und mittleres Kader","Männer",10548,6302,8123,13433,16850
"2018","Espace Mittelland","> Grenzgänger/innen (Kat. G)","Unteres Kader","Geschlecht - Total",8083,5800,6869,9698,11196
"2018","Espace Mittelland","> Grenzgänger/innen (Kat. G)","Unteres Kader","Frauen",7603,4425,5913,9056,10588
"2018","Espace Mittelland","> Grenzgänger/innen (Kat. G)","Unteres Kader","Männer",8208,6060,6990,9799,11278
"2018","Espace Mittelland","> Grenzgänger/innen (Kat. G)","Verantwortlich für die Ausführung der Arbeiten","Geschlecht - Total",6430,4615,5525,7906,9412
"2018","Espace Mittelland","> Grenzgänger/innen (Kat. G)","Verantwortlich für die Ausführung der Arbeiten","Frauen",6204,4521,5298,7408,8424
"2018","Espace Mittelland","> Grenzgänger/innen (Kat. G)","Verantwortlich für die Ausführung der Arbeiten","Männer",6620,4727,5617,7947,9586
"2018","Espace Mittelland","> Grenzgänger/innen (Kat. G)","Ohne Kaderfunktion","Geschlecht - Total",5692,4179,4767,6786,8053
"2018","Espace Mittelland","> Grenzgänger/innen (Kat. G)","Ohne Kaderfunktion","Frauen",4983,3860,4335,6051,7318
"2018","Espace Mittelland","> Grenzgänger/innen (Kat. G)","Ohne Kaderfunktion","Männer",5971,4385,5069,6978,8346
"2018","Espace Mittelland","> Andere","Berufliche Stellung - Total","Geschlecht - Total",4289,3492,3844,5754,7091
"2018","Espace Mittelland","> Andere","Berufliche Stellung - Total","Frauen",4290,3422,3686,5250,7070
"2018","Espace Mittelland","> Andere","Berufliche Stellung - Total","Männer",4289,3544,3869,5859,7091
"2018","Espace Mittelland","> Andere","Oberes und mittleres Kader","Geschlecht - Total",,,,,
"2018","Espace Mittelland","> Andere","Oberes und mittleres Kader","Frauen",,,,,
"2018","Espace Mittelland","> Andere","Oberes und mittleres Kader","Männer",,,,,
"2018","Espace Mittelland","> Andere","Unteres Kader","Geschlecht - Total",,,,,
"2018","Espace Mittelland","> Andere","Unteres Kader","Frauen",,,,,
"2018","Espace Mittelland","> Andere","Unteres Kader","Männer",,,,,
"2018","Espace Mittelland","> Andere","Verantwortlich für die Ausführung der Arbeiten","Geschlecht - Total",,,,,
"2018","Espace Mittelland","> Andere","Verantwortlich für die Ausführung der Arbeiten","Frauen",,,,,
"2018","Espace Mittelland","> Andere","Verantwortlich für die Ausführung der Arbeiten","Männer",,,,,
"2018","Espace Mittelland","> Andere","Ohne Kaderfunktion","Geschlecht - Total",4289,3443,3792,5140,6603
"2018","Espace Mittelland","> Andere","Ohne Kaderfunktion","Frauen",4265,3422,3686,4881,6857
"2018","Espace Mittelland","> Andere","Ohne Kaderfunktion","Männer",4289,3520,3794,5173,6484
"2018","Nordwestschweiz","Schweizer/innen und Ausländer/innen - Total","Berufliche Stellung - Total","Geschlecht - Total",6714,4354,5252,8941,12016
"2018","Nordwestschweiz","Schweizer/innen und Ausländer/innen - Total","Berufliche Stellung - Total","Frauen",6251,4127,4840,8062,10621
"2018","Nordwestschweiz","Schweizer/innen und Ausländer/innen - Total","Berufliche Stellung - Total","Männer",7038,4591,5573,9528,12839
"2018","Nordwestschweiz","Schweizer/innen und Ausländer/innen - Total","Oberes und mittleres Kader","Geschlecht - Total",10643,5830,7940,15102,21034
"2018","Nordwestschweiz","Schweizer/innen und Ausländer/innen - Total","Oberes und mittleres Kader","Frauen",9412,5000,6719,14261,19692
"2018","Nordwestschweiz","Schweizer/innen und Ausländer/innen - Total","Oberes und mittleres Kader","Männer",10968,6360,8410,15386,21489
"2018","Nordwestschweiz","Schweizer/innen und Ausländer/innen - Total","Unteres Kader","Geschlecht - Total",8453,5406,6759,10913,13464
"2018","Nordwestschweiz","Schweizer/innen und Ausländer/innen - Total","Unteres Kader","Frauen",7612,4369,5813,9879,12811
"2018","Nordwestschweiz","Schweizer/innen und Ausländer/innen - Total","Unteres Kader","Männer",8932,5971,7218,11283,13726
"2018","Nordwestschweiz","Schweizer/innen und Ausländer/innen - Total","Verantwortlich für die Ausführung der Arbeiten","Geschlecht - Total",7480,5159,6171,9384,11585
"2018","Nordwestschweiz","Schweizer/innen und Ausländer/innen - Total","Verantwortlich für die Ausführung der Arbeiten","Frauen",7051,4654,5611,8601,10456
"2018","Nordwestschweiz","Schweizer/innen und Ausländer/innen - Total","Verantwortlich für die Ausführung der Arbeiten","Männer",7793,5608,6424,9827,12126
"2018","Nordwestschweiz","Schweizer/innen und Ausländer/innen - Total","Ohne Kaderfunktion","Geschlecht - Total",6118,4190,4915,7589,9647
"2018","Nordwestschweiz","Schweizer/innen und Ausländer/innen - Total","Ohne Kaderfunktion","Frauen",5880,4038,4679,7417,9334
"2018","Nordwestschweiz","Schweizer/innen und Ausländer/innen - Total","Ohne Kaderfunktion","Männer",6240,4345,5128,7733,9873
"2018","Nordwestschweiz","Schweizer/innen","Berufliche Stellung - Total","Geschlecht - Total",6951,4514,5476,9110,11804
"2018","Nordwestschweiz","Schweizer/innen","Berufliche Stellung - Total","Frauen",6294,4235,4960,7951,10126
"2018","Nordwestschweiz","Schweizer/innen","Berufliche Stellung - Total","Männer",7505,4848,5958,9960,12905
"2018","Nordwestschweiz","Schweizer/innen","Oberes und mittleres Kader","Geschlecht - Total",10078,5778,7765,13656,18824
"2018","Nordwestschweiz","Schweizer/innen","Oberes und mittleres Kader","Frauen",8596,4706,6394,11750,15625
"2018","Nordwestschweiz","Schweizer/innen","Oberes und mittleres Kader","Männer",10463,6382,8254,14289,19606
"2018","Nordwestschweiz","Schweizer/innen","Unteres Kader","Geschlecht - Total",8222,5254,6668,10495,12905
"2018","Nordwestschweiz","Schweizer/innen","Unteres Kader","Frauen",7222,4237,5481,8973,11327
"2018","Nordwestschweiz","Schweizer/innen","Unteres Kader","Männer",8845,6144,7186,11106,13378
"2018","Nordwestschweiz","Schweizer/innen","Verantwortlich für die Ausführung der Arbeiten","Geschlecht - Total",7527,5101,6220,9301,11172
"2018","Nordwestschweiz","Schweizer/innen","Verantwortlich für die Ausführung der Arbeiten","Frauen",6899,4597,5511,8339,10010
"2018","Nordwestschweiz","Schweizer/innen","Verantwortlich für die Ausführung der Arbeiten","Männer",8068,5838,6731,9825,11754
"2018","Nordwestschweiz","Schweizer/innen","Ohne Kaderfunktion","Geschlecht - Total",6343,4364,5114,7802,9858
"2018","Nordwestschweiz","Schweizer/innen","Ohne Kaderfunktion","Frauen",6047,4193,4833,7440,9286
"2018","Nordwestschweiz","Schweizer/innen","Ohne Kaderfunktion","Männer",6598,4589,5410,8155,10331
"2018","Nordwestschweiz","Ausländer/innen","Berufliche Stellung - Total","Geschlecht - Total",6341,4139,4985,8623,12519
"2018","Nordwestschweiz","Ausländer/innen","Berufliche Stellung - Total","Frauen",6124,3927,4611,8359,12039
"2018","Nordwestschweiz","Ausländer/innen","Berufliche Stellung - Total","Männer",6420,4310,5176,8768,12706
"2018","Nordwestschweiz","Ausländer/innen","Oberes und mittleres Kader","Geschlecht - Total",12758,6000,8724,18208,24864
"2018","Nordwestschweiz","Ausländer/innen","Oberes und mittleres Kader","Frauen",13219,5538,7526,18510,23525
"2018","Nordwestschweiz","Ausländer/innen","Oberes und mittleres Kader","Männer",12628,6282,9026,18068,25569
"2018","Nordwestschweiz","Ausländer/innen","Unteres Kader","Geschlecht - Total",8991,5620,7143,11767,14242
"2018","Nordwestschweiz","Ausländer/innen","Unteres Kader","Frauen",8750,5031,6786,12093,14237
"2018","Nordwestschweiz","Ausländer/innen","Unteres Kader","Männer",9068,5844,7238,11705,14248
"2018","Nordwestschweiz","Ausländer/innen","Verantwortlich für die Ausführung der Arbeiten","Geschlecht - Total",7356,5225,6062,9624,12238
"2018","Nordwestschweiz","Ausländer/innen","Verantwortlich für die Ausführung der Arbeiten","Frauen",7353,4685,5885,9336,11545
"2018","Nordwestschweiz","Ausländer/innen","Verantwortlich für die Ausführung der Arbeiten","Männer",7356,5379,6171,9837,12683
"2018","Nordwestschweiz","Ausländer/innen","Ohne Kaderfunktion","Geschlecht - Total",5798,3967,4694,7251,9290
"2018","Nordwestschweiz","Ausländer/innen","Ohne Kaderfunktion","Frauen",5507,3815,4405,7347,9439
"2018","Nordwestschweiz","Ausländer/innen","Ohne Kaderfunktion","Männer",5884,4119,4861,7210,9208
"2018","Nordwestschweiz","> Kurzaufenthalter/innen (Kat. L)","Berufliche Stellung - Total","Geschlecht - Total",2417,1532,1532,5146,6394
"2018","Nordwestschweiz","> Kurzaufenthalter/innen (Kat. L)","Berufliche Stellung - Total","Frauen",2958,1532,1679,4413,5900
"2018","Nordwestschweiz","> Kurzaufenthalter/innen (Kat. L)","Berufliche Stellung - Total","Männer",1928,1532,1532,5335,6514
"2018","Nordwestschweiz","> Kurzaufenthalter/innen (Kat. L)","Oberes und mittleres Kader","Geschlecht - Total",,,,,
"2018","Nordwestschweiz","> Kurzaufenthalter/innen (Kat. L)","Oberes und mittleres Kader","Frauen",,,,,
"2018","Nordwestschweiz","> Kurzaufenthalter/innen (Kat. L)","Oberes und mittleres Kader","Männer",,,,,
"2018","Nordwestschweiz","> Kurzaufenthalter/innen (Kat. L)","Unteres Kader","Geschlecht - Total",,,,,
"2018","Nordwestschweiz","> Kurzaufenthalter/innen (Kat. L)","Unteres Kader","Frauen",,,,,
"2018","Nordwestschweiz","> Kurzaufenthalter/innen (Kat. L)","Unteres Kader","Männer",,,,,
"2018","Nordwestschweiz","> Kurzaufenthalter/innen (Kat. L)","Verantwortlich für die Ausführung der Arbeiten","Geschlecht - Total",,,,,
"2018","Nordwestschweiz","> Kurzaufenthalter/innen (Kat. L)","Verantwortlich für die Ausführung der Arbeiten","Frauen",,,,,
"2018","Nordwestschweiz","> Kurzaufenthalter/innen (Kat. L)","Verantwortlich für die Ausführung der Arbeiten","Männer",,,,,
"2018","Nordwestschweiz","> Kurzaufenthalter/innen (Kat. L)","Ohne Kaderfunktion","Geschlecht - Total",2083,1532,1532,4732,6044
"2018","Nordwestschweiz","> Kurzaufenthalter/innen (Kat. L)","Ohne Kaderfunktion","Frauen",2958,1532,1679,4374,5883
"2018","Nordwestschweiz","> Kurzaufenthalter/innen (Kat. L)","Ohne Kaderfunktion","Männer",1763,1532,1532,5058,6140
"2018","Nordwestschweiz","> Aufenthalter/innen (Kat. B)","Berufliche Stellung - Total","Geschlecht - Total",5950,3918,4585,8397,13004
"2018","Nordwestschweiz","> Aufenthalter/innen (Kat. B)","Berufliche Stellung - Total","Frauen",6256,3850,4450,8536,13248
"2018","Nordwestschweiz","> Aufenthalter/innen (Kat. B)","Berufliche Stellung - Total","Männer",5862,3988,4643,8253,12897
"2018","Nordwestschweiz","> Aufenthalter/innen (Kat. B)","Oberes und mittleres Kader","Geschlecht - Total",14286,5572,9225,20248,26635
"2018","Nordwestschweiz","> Aufenthalter/innen (Kat. B)","Oberes und mittleres Kader","Frauen",15391,5000,8717,21034,24104
"2018","Nordwestschweiz","> Aufenthalter/innen (Kat. B)","Oberes und mittleres Kader","Männer",13314,5722,9412,19572,28471
"2018","Nordwestschweiz","> Aufenthalter/innen (Kat. B)","Unteres Kader","Geschlecht - Total",8465,5200,6494,11989,14307
"2018","Nordwestschweiz","> Aufenthalter/innen (Kat. B)","Unteres Kader","Frauen",8465,5022,6170,12057,14259
"2018","Nordwestschweiz","> Aufenthalter/innen (Kat. B)","Unteres Kader","Männer",8380,5620,6793,11988,14385
"2018","Nordwestschweiz","> Aufenthalter/innen (Kat. B)","Verantwortlich für die Ausführung der Arbeiten","Geschlecht - Total",6910,5075,5581,9146,12329
"2018","Nordwestschweiz","> Aufenthalter/innen (Kat. B)","Verantwortlich für die Ausführung der Arbeiten","Frauen",7067,4685,5780,8902,11640
"2018","Nordwestschweiz","> Aufenthalter/innen (Kat. B)","Verantwortlich für die Ausführung der Arbeiten","Männer",6767,5098,5462,9549,13305
"2018","Nordwestschweiz","> Aufenthalter/innen (Kat. B)","Ohne Kaderfunktion","Geschlecht - Total",5298,3745,4333,6955,8945
"2018","Nordwestschweiz","> Aufenthalter/innen (Kat. B)","Ohne Kaderfunktion","Frauen",5397,3716,4192,7250,9220
"2018","Nordwestschweiz","> Aufenthalter/innen (Kat. B)","Ohne Kaderfunktion","Männer",5298,3765,4406,6764,8729
"2018","Nordwestschweiz","> Niedergelassene (Kat. C)","Berufliche Stellung - Total","Geschlecht - Total",6165,4276,4981,8273,12247
"2018","Nordwestschweiz","> Niedergelassene (Kat. C)","Berufliche Stellung - Total","Frauen",5662,3931,4510,7980,11783
"2018","Nordwestschweiz","> Niedergelassene (Kat. C)","Berufliche Stellung - Total","Männer",6319,4579,5262,8449,12512
"2018","Nordwestschweiz","> Niedergelassene (Kat. C)","Oberes und mittleres Kader","Geschlecht - Total",11825,5761,7961,17412,24232
"2018","Nordwestschweiz","> Niedergelassene (Kat. C)","Oberes und mittleres Kader","Frauen",11320,5689,6957,17345,23167
"2018","Nordwestschweiz","> Niedergelassene (Kat. C)","Oberes und mittleres Kader","Männer",11944,6010,8888,17479,24538
"2018","Nordwestschweiz","> Niedergelassene (Kat. C)","Unteres Kader","Geschlecht - Total",8850,5479,6759,11666,14211
"2018","Nordwestschweiz","> Niedergelassene (Kat. C)","Unteres Kader","Frauen",8667,4999,6868,11601,14175
"2018","Nordwestschweiz","> Niedergelassene (Kat. C)","Unteres Kader","Männer",8953,5710,6759,11676,14224
"2018","Nordwestschweiz","> Niedergelassene (Kat. C)","Verantwortlich für die Ausführung der Arbeiten","Geschlecht - Total",7240,5220,6088,9176,12278
"2018","Nordwestschweiz","> Niedergelassene (Kat. C)","Verantwortlich für die Ausführung der Arbeiten","Frauen",7258,4583,5707,9020,11545
"2018","Nordwestschweiz","> Niedergelassene (Kat. C)","Verantwortlich für die Ausführung der Arbeiten","Männer",7198,5686,6171,9286,12800
"2018","Nordwestschweiz","> Niedergelassene (Kat. C)","Ohne Kaderfunktion","Geschlecht - Total",5711,4159,4750,6933,8940
"2018","Nordwestschweiz","> Niedergelassene (Kat. C)","Ohne Kaderfunktion","Frauen",5139,3849,4368,6879,9238
"2018","Nordwestschweiz","> Niedergelassene (Kat. C)","Ohne Kaderfunktion","Männer",5915,4420,5046,6950,8752
"2018","Nordwestschweiz","> Grenzgänger/innen (Kat. G)","Berufliche Stellung - Total","Geschlecht - Total",7050,4586,5569,9328,12883
"2018","Nordwestschweiz","> Grenzgänger/innen (Kat. G)","Berufliche Stellung - Total","Frauen",6848,4353,5288,8823,12010
"2018","Nordwestschweiz","> Grenzgänger/innen (Kat. G)","Berufliche Stellung - Total","Männer",7111,4703,5641,9524,13121
"2018","Nordwestschweiz","> Grenzgänger/innen (Kat. G)","Oberes und mittleres Kader","Geschlecht - Total",13209,7283,9457,18410,25180
"2018","Nordwestschweiz","> Grenzgänger/innen (Kat. G)","Oberes und mittleres Kader","Frauen",14000,5864,8617,18632,23463
"2018","Nordwestschweiz","> Grenzgänger/innen (Kat. G)","Oberes und mittleres Kader","Männer",13121,7505,9519,18315,25782
"2018","Nordwestschweiz","> Grenzgänger/innen (Kat. G)","Unteres Kader","Geschlecht - Total",9183,6246,7460,11748,14219
"2018","Nordwestschweiz","> Grenzgänger/innen (Kat. G)","Unteres Kader","Frauen",9344,5711,7279,12681,14185
"2018","Nordwestschweiz","> Grenzgänger/innen (Kat. G)","Unteres Kader","Männer",9146,6446,7468,11584,14219
"2018","Nordwestschweiz","> Grenzgänger/innen (Kat. G)","Verantwortlich für die Ausführung der Arbeiten","Geschlecht - Total",7771,5442,6262,10000,11974
"2018","Nordwestschweiz","> Grenzgänger/innen (Kat. G)","Verantwortlich für die Ausführung der Arbeiten","Frauen",7896,5082,6289,9733,11437
"2018","Nordwestschweiz","> Grenzgänger/innen (Kat. G)","Verantwortlich für die Ausführung der Arbeiten","Männer",7652,5551,6254,10155,12240
"2018","Nordwestschweiz","> Grenzgänger/innen (Kat. G)","Ohne Kaderfunktion","Geschlecht - Total",6393,4384,5219,7954,10020
"2018","Nordwestschweiz","> Grenzgänger/innen (Kat. G)","Ohne Kaderfunktion","Frauen",6417,4279,5065,7941,9933
"2018","Nordwestschweiz","> Grenzgänger/innen (Kat. G)","Ohne Kaderfunktion","Männer",6391,4469,5309,7963,10059
"2018","Nordwestschweiz","> Andere","Berufliche Stellung - Total","Geschlecht - Total",5753,3584,4263,6885,10480
"2018","Nordwestschweiz","> Andere","Berufliche Stellung - Total","Frauen",4786,3286,3970,7600,10921
"2018","Nordwestschweiz","> Andere","Berufliche Stellung - Total","Männer",5753,3672,4331,6582,9976
"2018","Nordwestschweiz","> Andere","Oberes und mittleres Kader","Geschlecht - Total",,,,,
"2018","Nordwestschweiz","> Andere","Oberes und mittleres Kader","Frauen",,,,,
"2018","Nordwestschweiz","> Andere","Oberes und mittleres Kader","Männer",,,,,
"2018","Nordwestschweiz","> Andere","Unteres Kader","Geschlecht - Total",,,,,
"2018","Nordwestschweiz","> Andere","Unteres Kader","Frauen",,,,,
"2018","Nordwestschweiz","> Andere","Unteres Kader","Männer",,,,,
"2018","Nordwestschweiz","> Andere","Verantwortlich für die Ausführung der Arbeiten","Geschlecht - Total",,,,,
"2018","Nordwestschweiz","> Andere","Verantwortlich für die Ausführung der Arbeiten","Frauen",,,,,
"2018","Nordwestschweiz","> Andere","Verantwortlich für die Ausführung der Arbeiten","Männer",,,,,
"2018","Nordwestschweiz","> Andere","Ohne Kaderfunktion","Geschlecht - Total",5105,3524,4018,6284,8828
"2018","Nordwestschweiz","> Andere","Ohne Kaderfunktion","Frauen",4735,3222,3741,6990,8837
"2018","Nordwestschweiz","> Andere","Ohne Kaderfunktion","Männer",5258,3544,4021,6025,8796
"2018","Zürich","Schweizer/innen und Ausländer/innen - Total","Berufliche Stellung - Total","Geschlecht - Total",6965,4400,5293,9456,12782
"2018","Zürich","Schweizer/innen und Ausländer/innen - Total","Berufliche Stellung - Total","Frauen",6293,4152,4810,8170,10559
"2018","Zürich","Schweizer/innen und Ausländer/innen - Total","Berufliche Stellung - Total","Männer",7500,4718,5756,10448,14379
"2018","Zürich","Schweizer/innen und Ausländer/innen - Total","Oberes und mittleres Kader","Geschlecht - Total",11133,6650,8489,15276,22390
"2018","Zürich","Schweizer/innen und Ausländer/innen - Total","Oberes und mittleres Kader","Frauen",9587,5972,7667,12005,16329
"2018","Zürich","Schweizer/innen und Ausländer/innen - Total","Oberes und mittleres Kader","Männer",12138,7068,9162,16834,24805
"2018","Zürich","Schweizer/innen und Ausländer/innen - Total","Unteres Kader","Geschlecht - Total",9479,5854,7428,11508,14000
"2018","Zürich","Schweizer/innen und Ausländer/innen - Total","Unteres Kader","Frauen",8521,5051,6690,10343,12302
"2018","Zürich","Schweizer/innen und Ausländer/innen - Total","Unteres Kader","Männer",10041,6349,7889,12110,14762
"2018","Zürich","Schweizer/innen und Ausländer/innen - Total","Verantwortlich für die Ausführung der Arbeiten","Geschlecht - Total",7717,5116,6201,9541,11558
"2018","Zürich","Schweizer/innen und Ausländer/innen - Total","Verantwortlich für die Ausführung der Arbeiten","Frauen",7062,4644,5612,8615,10403
"2018","Zürich","Schweizer/innen und Ausländer/innen - Total","Verantwortlich für die Ausführung der Arbeiten","Männer",8145,5502,6670,10041,12116
"2018","Zürich","Schweizer/innen und Ausländer/innen - Total","Ohne Kaderfunktion","Geschlecht - Total",6086,4212,4864,7606,9534
"2018","Zürich","Schweizer/innen und Ausländer/innen - Total","Ohne Kaderfunktion","Frauen",5602,4025,4579,7146,8635
"2018","Zürich","Schweizer/innen und Ausländer/innen - Total","Ohne Kaderfunktion","Männer",6402,4456,5221,8024,10256
"2018","Zürich","Schweizer/innen","Berufliche Stellung - Total","Geschlecht - Total",7285,4602,5588,9734,12940
"2018","Zürich","Schweizer/innen","Berufliche Stellung - Total","Frauen",6519,4346,5018,8279,10533
"2018","Zürich","Schweizer/innen","Berufliche Stellung - Total","Männer",8002,4991,6158,10890,14725
"2018","Zürich","Schweizer/innen","Oberes und mittleres Kader","Geschlecht - Total",10936,6782,8510,14600,20625
"2018","Zürich","Schweizer/innen","Oberes und mittleres Kader","Frauen",9509,6190,7695,11555,14829
"2018","Zürich","Schweizer/innen","Oberes und mittleres Kader","Männer",11931,7198,9164,16190,22706
"2018","Zürich","Schweizer/innen","Unteres Kader","Geschlecht - Total",9341,5854,7396,11335,13683
"2018","Zürich","Schweizer/innen","Unteres Kader","Frauen",8308,5007,6670,10073,11868
"2018","Zürich","Schweizer/innen","Unteres Kader","Männer",9949,6413,7905,11984,14512
"2018","Zürich","Schweizer/innen","Verantwortlich für die Ausführung der Arbeiten","Geschlecht - Total",7746,5186,6326,9550,11583
"2018","Zürich","Schweizer/innen","Verantwortlich für die Ausführung der Arbeiten","Frauen",7080,4720,5715,8554,10296
"2018","Zürich","Schweizer/innen","Verantwortlich für die Ausführung der Arbeiten","Männer",8222,5637,6789,10130,12163
"2018","Zürich","Schweizer/innen","Ohne Kaderfunktion","Geschlecht - Total",6330,4386,5073,7819,9702
"2018","Zürich","Schweizer/innen","Ohne Kaderfunktion","Frauen",5851,4229,4762,7261,8700
"2018","Zürich","Schweizer/innen","Ohne Kaderfunktion","Männer",6745,4663,5505,8396,10570
"2018","Zürich","Ausländer/innen","Berufliche Stellung - Total","Geschlecht - Total",6221,4090,4813,8593,12338
"2018","Zürich","Ausländer/innen","Berufliche Stellung - Total","Frauen",5506,3839,4368,7800,10635
"2018","Zürich","Ausländer/innen","Berufliche Stellung - Total","Männer",6530,4364,5190,9215,13426
"2018","Zürich","Ausländer/innen","Oberes und mittleres Kader","Geschlecht - Total",12337,6190,8343,18760,28858
"2018","Zürich","Ausländer/innen","Oberes und mittleres Kader","Frauen",10635,5438,7417,15425,22899
"2018","Zürich","Ausländer/innen","Oberes und mittleres Kader","Männer",13095,6616,9075,20474,30294
"2018","Zürich","Ausländer/innen","Unteres Kader","Geschlecht - Total",9921,5873,7535,12077,14948
"2018","Zürich","Ausländer/innen","Unteres Kader","Frauen",9239,5143,6958,11157,13817
"2018","Zürich","Ausländer/innen","Unteres Kader","Männer",10333,6150,7759,12435,15542
"2018","Zürich","Ausländer/innen","Verantwortlich für die Ausführung der Arbeiten","Geschlecht - Total",7627,4893,5849,9524,11500
"2018","Zürich","Ausländer/innen","Verantwortlich für die Ausführung der Arbeiten","Frauen",6945,4450,5445,8762,10747
"2018","Zürich","Ausländer/innen","Verantwortlich für die Ausführung der Arbeiten","Männer",7975,5210,6356,9901,11943
"2018","Zürich","Ausländer/innen","Ohne Kaderfunktion","Geschlecht - Total",5608,3958,4560,7113,9129
"2018","Zürich","Ausländer/innen","Ohne Kaderfunktion","Frauen",4968,3745,4217,6787,8442
"2018","Zürich","Ausländer/innen","Ohne Kaderfunktion","Männer",5914,4213,4877,7288,9591
"2018","Zürich","> Kurzaufenthalter/innen (Kat. L)","Berufliche Stellung - Total","Geschlecht - Total",5693,3880,4706,7377,13011
"2018","Zürich","> Kurzaufenthalter/innen (Kat. L)","Berufliche Stellung - Total","Frauen",6684,3540,4216,9941,106667
"2018","Zürich","> Kurzaufenthalter/innen (Kat. L)","Berufliche Stellung - Total","Männer",5626,3958,4830,6699,11498
"2018","Zürich","> Kurzaufenthalter/innen (Kat. L)","Oberes und mittleres Kader","Geschlecht - Total",21143,11250,13154,106667,106667
"2018","Zürich","> Kurzaufenthalter/innen (Kat. L)","Oberes und mittleres Kader","Frauen",,,,,
"2018","Zürich","> Kurzaufenthalter/innen (Kat. L)","Oberes und mittleres Kader","Männer",,,,,
"2018","Zürich","> Kurzaufenthalter/innen (Kat. L)","Unteres Kader","Geschlecht - Total",10656,7492,7978,13997,17828
"2018","Zürich","> Kurzaufenthalter/innen (Kat. L)","Unteres Kader","Frauen",,,,,
"2018","Zürich","> Kurzaufenthalter/innen (Kat. L)","Unteres Kader","Männer",,,,,
"2018","Zürich","> Kurzaufenthalter/innen (Kat. L)","Verantwortlich für die Ausführung der Arbeiten","Geschlecht - Total",8456,4610,7530,9278,11042
"2018","Zürich","> Kurzaufenthalter/innen (Kat. L)","Verantwortlich für die Ausführung der Arbeiten","Frauen",,,,,
"2018","Zürich","> Kurzaufenthalter/innen (Kat. L)","Verantwortlich für die Ausführung der Arbeiten","Männer",8456,4610,7411,9278,12620
"2018","Zürich","> Kurzaufenthalter/innen (Kat. L)","Ohne Kaderfunktion","Geschlecht - Total",5482,3773,4474,6376,8316
"2018","Zürich","> Kurzaufenthalter/innen (Kat. L)","Ohne Kaderfunktion","Frauen",4795,3408,3890,7084,8514
"2018","Zürich","> Kurzaufenthalter/innen (Kat. L)","Ohne Kaderfunktion","Männer",5509,3895,4745,6262,7981
"2018","Zürich","> Aufenthalter/innen (Kat. B)","Berufliche Stellung - Total","Geschlecht - Total",6110,3936,4567,8571,12315
"2018","Zürich","> Aufenthalter/innen (Kat. B)","Berufliche Stellung - Total","Frauen",5674,3762,4280,7821,10424
"2018","Zürich","> Aufenthalter/innen (Kat. B)","Berufliche Stellung - Total","Männer",6347,4077,4788,9237,13770
"2018","Zürich","> Aufenthalter/innen (Kat. B)","Oberes und mittleres Kader","Geschlecht - Total",13396,6056,8126,21267,30838
"2018","Zürich","> Aufenthalter/innen (Kat. B)","Oberes und mittleres Kader","Frauen",10714,5506,7374,17324,24103
"2018","Zürich","> Aufenthalter/innen (Kat. B)","Oberes und mittleres Kader","Männer",14481,6253,9089,23160,32537
"2018","Zürich","> Aufenthalter/innen (Kat. B)","Unteres Kader","Geschlecht - Total",9921,5159,7531,12031,15605
"2018","Zürich","> Aufenthalter/innen (Kat. B)","Unteres Kader","Frauen",9365,4906,7317,11218,13889
"2018","Zürich","> Aufenthalter/innen (Kat. B)","Unteres Kader","Männer",10317,5469,7535,12548,16852
"2018","Zürich","> Aufenthalter/innen (Kat. B)","Verantwortlich für die Ausführung der Arbeiten","Geschlecht - Total",7968,4643,5788,9641,11408
"2018","Zürich","> Aufenthalter/innen (Kat. B)","Verantwortlich für die Ausführung der Arbeiten","Frauen",7173,4705,5788,8815,10480
"2018","Zürich","> Aufenthalter/innen (Kat. B)","Verantwortlich für die Ausführung der Arbeiten","Männer",8404,4604,6341,10139,12607
"2018","Zürich","> Aufenthalter/innen (Kat. B)","Ohne Kaderfunktion","Geschlecht - Total",5399,3833,4332,7238,9227
"2018","Zürich","> Aufenthalter/innen (Kat. B)","Ohne Kaderfunktion","Frauen",4995,3671,4097,7028,8457
"2018","Zürich","> Aufenthalter/innen (Kat. B)","Ohne Kaderfunktion","Männer",5580,3985,4530,7434,9795
"2018","Zürich","> Niedergelassene (Kat. C)","Berufliche Stellung - Total","Geschlecht - Total",6277,4210,4930,8665,12527
"2018","Zürich","> Niedergelassene (Kat. C)","Berufliche Stellung - Total","Frauen",5443,3896,4414,7876,10761
"2018","Zürich","> Niedergelassene (Kat. C)","Berufliche Stellung - Total","Männer",6609,4613,5409,9394,13660
"2018","Zürich","> Niedergelassene (Kat. C)","Oberes und mittleres Kader","Geschlecht - Total",12125,6190,8380,17857,28378
"2018","Zürich","> Niedergelassene (Kat. C)","Oberes und mittleres Kader","Frauen",10431,5320,7417,14484,20981
"2018","Zürich","> Niedergelassene (Kat. C)","Oberes und mittleres Kader","Männer",12721,6667,9075,19513,30250
"2018","Zürich","> Niedergelassene (Kat. C)","Unteres Kader","Geschlecht - Total",9921,6001,7549,12140,14778
"2018","Zürich","> Niedergelassene (Kat. C)","Unteres Kader","Frauen",9298,5467,7018,11196,13889
"2018","Zürich","> Niedergelassene (Kat. C)","Unteres Kader","Männer",10402,6270,7904,12417,15211
"2018","Zürich","> Niedergelassene (Kat. C)","Verantwortlich für die Ausführung der Arbeiten","Geschlecht - Total",7433,4888,5859,9522,11667
"2018","Zürich","> Niedergelassene (Kat. C)","Verantwortlich für die Ausführung der Arbeiten","Frauen",6764,4304,5200,8833,11080
"2018","Zürich","> Niedergelassene (Kat. C)","Verantwortlich für die Ausführung der Arbeiten","Männer",7656,5322,6349,9850,11971
"2018","Zürich","> Niedergelassene (Kat. C)","Ohne Kaderfunktion","Geschlecht - Total",5669,4059,4671,7042,9031
"2018","Zürich","> Niedergelassene (Kat. C)","Ohne Kaderfunktion","Frauen",4960,3805,4279,6687,8508
"2018","Zürich","> Niedergelassene (Kat. C)","Ohne Kaderfunktion","Männer",6007,4439,5086,7194,9492
"2018","Zürich","> Grenzgänger/innen (Kat. G)","Berufliche Stellung - Total","Geschlecht - Total",6400,4341,5063,8518,11336
"2018","Zürich","> Grenzgänger/innen (Kat. G)","Berufliche Stellung - Total","Frauen",5404,3964,4495,7093,9524
"2018","Zürich","> Grenzgänger/innen (Kat. G)","Berufliche Stellung - Total","Männer",6840,4631,5506,9064,12046
"2018","Zürich","> Grenzgänger/innen (Kat. G)","Oberes und mittleres Kader","Geschlecht - Total",11111,6917,8613,15398,22339
"2018","Zürich","> Grenzgänger/innen (Kat. G)","Oberes und mittleres Kader","Frauen",9995,5404,6400,12056,16350
"2018","Zürich","> Grenzgänger/innen (Kat. G)","Oberes und mittleres Kader","Männer",11707,7509,9019,16910,24804
"2018","Zürich","> Grenzgänger/innen (Kat. G)","Unteres Kader","Geschlecht - Total",9738,6100,7385,11691,14180
"2018","Zürich","> Grenzgänger/innen (Kat. G)","Unteres Kader","Frauen",7861,5520,6423,10235,12303
"2018","Zürich","> Grenzgänger/innen (Kat. G)","Unteres Kader","Männer",10313,6555,7796,12132,14603
"2018","Zürich","> Grenzgänger/innen (Kat. G)","Verantwortlich für die Ausführung der Arbeiten","Geschlecht - Total",7662,5324,6322,9155,11043
"2018","Zürich","> Grenzgänger/innen (Kat. G)","Verantwortlich für die Ausführung der Arbeiten","Frauen",6668,4850,5655,7991,9524
"2018","Zürich","> Grenzgänger/innen (Kat. G)","Verantwortlich für die Ausführung der Arbeiten","Männer",8019,5570,6553,9524,11315
"2018","Zürich","> Grenzgänger/innen (Kat. G)","Ohne Kaderfunktion","Geschlecht - Total",5901,4225,4818,7300,9281
"2018","Zürich","> Grenzgänger/innen (Kat. G)","Ohne Kaderfunktion","Frauen",4974,3850,4339,6321,7811
"2018","Zürich","> Grenzgänger/innen (Kat. G)","Ohne Kaderfunktion","Männer",6208,4481,5149,7661,9761
"2018","Zürich","> Andere","Berufliche Stellung - Total","Geschlecht - Total",4775,3609,3902,7139,10681
"2018","Zürich","> Andere","Berufliche Stellung - Total","Frauen",4759,3566,3963,7268,8358
"2018","Zürich","> Andere","Berufliche Stellung - Total","Männer",4781,3628,3879,7077,11484
"2018","Zürich","> Andere","Oberes und mittleres Kader","Geschlecht - Total",,,,,
"2018","Zürich","> Andere","Oberes und mittleres Kader","Frauen",,,,,
"2018","Zürich","> Andere","Oberes und mittleres Kader","Männer",,,,,
"2018","Zürich","> Andere","Unteres Kader","Geschlecht - Total",,,,,
"2018","Zürich","> Andere","Unteres Kader","Frauen",,,,,
"2018","Zürich","> Andere","Unteres Kader","Männer",,,,,
"2018","Zürich","> Andere","Verantwortlich für die Ausführung der Arbeiten","Geschlecht - Total",,,,,
"2018","Zürich","> Andere","Verantwortlich für die Ausführung der Arbeiten","Frauen",,,,,
"2018","Zürich","> Andere","Verantwortlich für die Ausführung der Arbeiten","Männer",,,,,
"2018","Zürich","> Andere","Ohne Kaderfunktion","Geschlecht - Total",4549,3569,3879,6076,8062
"2018","Zürich","> Andere","Ohne Kaderfunktion","Frauen",4540,3550,3902,6639,7957
"2018","Zürich","> Andere","Ohne Kaderfunktion","Männer",4549,3593,3879,6013,8099
"2018","Ostschweiz","Schweizer/innen und Ausländer/innen - Total","Berufliche Stellung - Total","Geschlecht - Total",6118,4225,4974,7805,10327
"2018","Ostschweiz","Schweizer/innen und Ausländer/innen - Total","Berufliche Stellung - Total","Frauen",5549,3930,4524,7140,9023
"2018","Ostschweiz","Schweizer/innen und Ausländer/innen - Total","Berufliche Stellung - Total","Männer",6397,4517,5304,8239,11080
"2018","Ostschweiz","Schweizer/innen und Ausländer/innen - Total","Oberes und mittleres Kader","Geschlecht - Total",8852,5023,6603,12024,16105
"2018","Ostschweiz","Schweizer/innen und Ausländer/innen - Total","Oberes und mittleres Kader","Frauen",7338,4331,5477,9819,12818
"2018","Ostschweiz","Schweizer/innen und Ausländer/innen - Total","Oberes und mittleres Kader","Männer",9479,5395,7101,12625,16826
"2018","Ostschweiz","Schweizer/innen und Ausländer/innen - Total","Unteres Kader","Geschlecht - Total",7535,4933,6123,9429,11636
"2018","Ostschweiz","Schweizer/innen und Ausländer/innen - Total","Unteres Kader","Frauen",6871,4397,5216,8622,10231
"2018","Ostschweiz","Schweizer/innen und Ausländer/innen - Total","Unteres Kader","Männer",7851,5534,6487,9890,12215
"2018","Ostschweiz","Schweizer/innen und Ausländer/innen - Total","Verantwortlich für die Ausführung der Arbeiten","Geschlecht - Total",6539,4588,5364,7931,9671
"2018","Ostschweiz","Schweizer/innen und Ausländer/innen - Total","Verantwortlich für die Ausführung der Arbeiten","Frauen",5991,4265,4927,7234,8663
"2018","Ostschweiz","Schweizer/innen und Ausländer/innen - Total","Verantwortlich für die Ausführung der Arbeiten","Männer",6737,4901,5772,8331,10139
"2018","Ostschweiz","Schweizer/innen und Ausländer/innen - Total","Ohne Kaderfunktion","Geschlecht - Total",5704,4100,4755,6936,8613
"2018","Ostschweiz","Schweizer/innen und Ausländer/innen - Total","Ohne Kaderfunktion","Frauen",5277,3855,4410,6703,8318
"2018","Ostschweiz","Schweizer/innen und Ausländer/innen - Total","Ohne Kaderfunktion","Männer",5901,4358,5065,7088,8776
"2018","Ostschweiz","Schweizer/innen","Berufliche Stellung - Total","Geschlecht - Total",6446,4388,5173,8207,10807
"2018","Ostschweiz","Schweizer/innen","Berufliche Stellung - Total","Frauen",5790,4125,4713,7310,9160
"2018","Ostschweiz","Schweizer/innen","Berufliche Stellung - Total","Männer",6849,4741,5608,8880,11682
"2018","Ostschweiz","Schweizer/innen","Oberes und mittleres Kader","Geschlecht - Total",8966,5196,6852,11993,15873
"2018","Ostschweiz","Schweizer/innen","Oberes und mittleres Kader","Frauen",7321,4286,5416,9454,12373
"2018","Ostschweiz","Schweizer/innen","Oberes und mittleres Kader","Männer",9599,5851,7356,12674,16508
"2018","Ostschweiz","Schweizer/innen","Unteres Kader","Geschlecht - Total",7556,5084,6238,9330,11361
"2018","Ostschweiz","Schweizer/innen","Unteres Kader","Frauen",6915,4479,5302,8582,10107
"2018","Ostschweiz","Schweizer/innen","Unteres Kader","Männer",7884,5701,6585,9785,11984
"2018","Ostschweiz","Schweizer/innen","Verantwortlich für die Ausführung der Arbeiten","Geschlecht - Total",6603,4694,5482,7965,9550
"2018","Ostschweiz","Schweizer/innen","Verantwortlich für die Ausführung der Arbeiten","Frauen",6100,4294,4952,7234,8567
"2018","Ostschweiz","Schweizer/innen","Verantwortlich für die Ausführung der Arbeiten","Männer",6869,5088,5934,8469,10070
"2018","Ostschweiz","Schweizer/innen","Ohne Kaderfunktion","Geschlecht - Total",5953,4278,4925,7260,9051
"2018","Ostschweiz","Schweizer/innen","Ohne Kaderfunktion","Frauen",5547,4059,4611,6895,8600
"2018","Ostschweiz","Schweizer/innen","Ohne Kaderfunktion","Männer",6228,4550,5254,7528,9429
"2018","Ostschweiz","Ausländer/innen","Berufliche Stellung - Total","Geschlecht - Total",5564,3942,4620,6852,9066
"2018","Ostschweiz","Ausländer/innen","Berufliche Stellung - Total","Frauen",4917,3566,4125,6549,8517
"2018","Ostschweiz","Ausländer/innen","Berufliche Stellung - Total","Männer",5744,4227,4976,6974,9379
"2018","Ostschweiz","Ausländer/innen","Oberes und mittleres Kader","Geschlecht - Total",8397,4758,5885,12279,17575
"2018","Ostschweiz","Ausländer/innen","Oberes und mittleres Kader","Frauen",7525,4400,5706,11194,15036
"2018","Ostschweiz","Ausländer/innen","Oberes und mittleres Kader","Männer",8780,4815,5885,12581,18004
"2018","Ostschweiz","Ausländer/innen","Unteres Kader","Geschlecht - Total",7398,4674,5585,9814,12750
"2018","Ostschweiz","Ausländer/innen","Unteres Kader","Frauen",6648,4132,4926,8825,11466
"2018","Ostschweiz","Ausländer/innen","Unteres Kader","Männer",7848,4961,6062,10317,13203
"2018","Ostschweiz","Ausländer/innen","Verantwortlich für die Ausführung der Arbeiten","Geschlecht - Total",6235,4375,5251,7816,9976
"2018","Ostschweiz","Ausländer/innen","Verantwortlich für die Ausführung der Arbeiten","Frauen",5711,4022,4680,7135,9375
"2018","Ostschweiz","Ausländer/innen","Verantwortlich für die Ausführung der Arbeiten","Männer",6450,4746,5438,8072,10266
"2018","Ostschweiz","Ausländer/innen","Ohne Kaderfunktion","Geschlecht - Total",5365,3863,4485,6344,7709
"2018","Ostschweiz","Ausländer/innen","Ohne Kaderfunktion","Frauen",4687,3515,4026,5971,7636
"2018","Ostschweiz","Ausländer/innen","Ohne Kaderfunktion","Männer",5562,4152,4839,6438,7741
"2018","Ostschweiz","> Kurzaufenthalter/innen (Kat. L)","Berufliche Stellung - Total","Geschlecht - Total",5231,3765,4305,5853,6569
"2018","Ostschweiz","> Kurzaufenthalter/innen (Kat. L)","Berufliche Stellung - Total","Frauen",4024,3328,3557,4711,6669
"2018","Ostschweiz","> Kurzaufenthalter/innen (Kat. L)","Berufliche Stellung - Total","Männer",5429,3956,4495,5879,6569
"2018","Ostschweiz","> Kurzaufenthalter/innen (Kat. L)","Oberes und mittleres Kader","Geschlecht - Total",5497,4780,4957,7163,15723
"2018","Ostschweiz","> Kurzaufenthalter/innen (Kat. L)","Oberes und mittleres Kader","Frauen",,,,,
"2018","Ostschweiz","> Kurzaufenthalter/innen (Kat. L)","Oberes und mittleres Kader","Männer",,,,,
"2018","Ostschweiz","> Kurzaufenthalter/innen (Kat. L)","Unteres Kader","Geschlecht - Total",,,,,
"2018","Ostschweiz","> Kurzaufenthalter/innen (Kat. L)","Unteres Kader","Frauen",,,,,
"2018","Ostschweiz","> Kurzaufenthalter/innen (Kat. L)","Unteres Kader","Männer",,,,,
"2018","Ostschweiz","> Kurzaufenthalter/innen (Kat. L)","Verantwortlich für die Ausführung der Arbeiten","Geschlecht - Total",,,,,
"2018","Ostschweiz","> Kurzaufenthalter/innen (Kat. L)","Verantwortlich für die Ausführung der Arbeiten","Frauen",,,,,
"2018","Ostschweiz","> Kurzaufenthalter/innen (Kat. L)","Verantwortlich für die Ausführung der Arbeiten","Männer",,,,,
"2018","Ostschweiz","> Kurzaufenthalter/innen (Kat. L)","Ohne Kaderfunktion","Geschlecht - Total",5258,3704,4282,5853,6489
"2018","Ostschweiz","> Kurzaufenthalter/innen (Kat. L)","Ohne Kaderfunktion","Frauen",3900,3172,3478,4378,6119
"2018","Ostschweiz","> Kurzaufenthalter/innen (Kat. L)","Ohne Kaderfunktion","Männer",5441,3917,4495,5892,6503
"2018","Ostschweiz","> Aufenthalter/innen (Kat. B)","Berufliche Stellung - Total","Geschlecht - Total",5200,3723,4295,6392,8244
"2018","Ostschweiz","> Aufenthalter/innen (Kat. B)","Berufliche Stellung - Total","Frauen",4613,3422,3935,6283,8022
"2018","Ostschweiz","> Aufenthalter/innen (Kat. B)","Berufliche Stellung - Total","Männer",5363,3967,4575,6394,8375
"2018","Ostschweiz","> Aufenthalter/innen (Kat. B)","Oberes und mittleres Kader","Geschlecht - Total",7703,4783,6007,12161,19428
"2018","Ostschweiz","> Aufenthalter/innen (Kat. B)","Oberes und mittleres Kader","Frauen",6777,4138,5361,8760,12510
"2018","Ostschweiz","> Aufenthalter/innen (Kat. B)","Oberes und mittleres Kader","Männer",9291,5200,6325,13689,23844
"2018","Ostschweiz","> Aufenthalter/innen (Kat. B)","Unteres Kader","Geschlecht - Total",6222,4533,5086,8987,12195
"2018","Ostschweiz","> Aufenthalter/innen (Kat. B)","Unteres Kader","Frauen",5752,4132,4771,8880,11828
"2018","Ostschweiz","> Aufenthalter/innen (Kat. B)","Unteres Kader","Männer",6267,4967,5087,9125,12295
"2018","Ostschweiz","> Aufenthalter/innen (Kat. B)","Verantwortlich für die Ausführung der Arbeiten","Geschlecht - Total",5605,4185,4727,7012,9512
"2018","Ostschweiz","> Aufenthalter/innen (Kat. B)","Verantwortlich für die Ausführung der Arbeiten","Frauen",5362,3989,4480,6879,8947
"2018","Ostschweiz","> Aufenthalter/innen (Kat. B)","Verantwortlich für die Ausführung der Arbeiten","Männer",5737,4285,5013,7040,9680
"2018","Ostschweiz","> Aufenthalter/innen (Kat. B)","Ohne Kaderfunktion","Geschlecht - Total",5020,3611,4186,5997,7303
"2018","Ostschweiz","> Aufenthalter/innen (Kat. B)","Ohne Kaderfunktion","Frauen",4393,3379,3814,5685,7433
"2018","Ostschweiz","> Aufenthalter/innen (Kat. B)","Ohne Kaderfunktion","Männer",5238,3901,4476,6047,7223
"2018","Ostschweiz","> Niedergelassene (Kat. C)","Berufliche Stellung - Total","Geschlecht - Total",5675,4098,4786,6973,9329
"2018","Ostschweiz","> Niedergelassene (Kat. C)","Berufliche Stellung - Total","Frauen",4944,3721,4230,6483,8643
"2018","Ostschweiz","> Niedergelassene (Kat. C)","Berufliche Stellung - Total","Männer",5925,4544,5177,7201,9650
"2018","Ostschweiz","> Niedergelassene (Kat. C)","Oberes und mittleres Kader","Geschlecht - Total",9196,5114,6455,12610,17909
"2018","Ostschweiz","> Niedergelassene (Kat. C)","Oberes und mittleres Kader","Frauen",8073,4851,5882,11902,15468
"2018","Ostschweiz","> Niedergelassene (Kat. C)","Oberes und mittleres Kader","Männer",9587,5334,6603,13004,18453
"2018","Ostschweiz","> Niedergelassene (Kat. C)","Unteres Kader","Geschlecht - Total",7848,4706,6188,10335,13146
"2018","Ostschweiz","> Niedergelassene (Kat. C)","Unteres Kader","Frauen",6931,4020,5095,8825,11816
"2018","Ostschweiz","> Niedergelassene (Kat. C)","Unteres Kader","Männer",8386,5445,6591,10932,13669
"2018","Ostschweiz","> Niedergelassene (Kat. C)","Verantwortlich für die Ausführung der Arbeiten","Geschlecht - Total",6363,4614,5404,7819,9793
"2018","Ostschweiz","> Niedergelassene (Kat. C)","Verantwortlich für die Ausführung der Arbeiten","Frauen",5740,4139,4816,7171,8866
"2018","Ostschweiz","> Niedergelassene (Kat. C)","Verantwortlich für die Ausführung der Arbeiten","Männer",6600,4944,5782,8072,10125
"2018","Ostschweiz","> Niedergelassene (Kat. C)","Ohne Kaderfunktion","Geschlecht - Total",5442,4031,4643,6374,7762
"2018","Ostschweiz","> Niedergelassene (Kat. C)","Ohne Kaderfunktion","Frauen",4755,3644,4133,5850,7658
"2018","Ostschweiz","> Niedergelassene (Kat. C)","Ohne Kaderfunktion","Männer",5675,4474,5048,6553,7794
"2018","Ostschweiz","> Grenzgänger/innen (Kat. G)","Berufliche Stellung - Total","Geschlecht - Total",6107,4131,5025,7713,10111
"2018","Ostschweiz","> Grenzgänger/innen (Kat. G)","Berufliche Stellung - Total","Frauen",5848,3772,4550,7290,9097
"2018","Ostschweiz","> Grenzgänger/innen (Kat. G)","Berufliche Stellung - Total","Männer",6190,4306,5172,7892,10310
"2018","Ostschweiz","> Grenzgänger/innen (Kat. G)","Oberes und mittleres Kader","Geschlecht - Total",7171,4695,5172,11522,15687
"2018","Ostschweiz","> Grenzgänger/innen (Kat. G)","Oberes und mittleres Kader","Frauen",7805,3921,5616,11901,16486
"2018","Ostschweiz","> Grenzgänger/innen (Kat. G)","Oberes und mittleres Kader","Männer",6732,4695,5079,11304,15528
"2018","Ostschweiz","> Grenzgänger/innen (Kat. G)","Unteres Kader","Geschlecht - Total",7947,5118,6475,9958,12879
"2018","Ostschweiz","> Grenzgänger/innen (Kat. G)","Unteres Kader","Frauen",6713,4889,5473,8331,10455
"2018","Ostschweiz","> Grenzgänger/innen (Kat. G)","Unteres Kader","Männer",8479,5572,6829,10384,13375
"2018","Ostschweiz","> Grenzgänger/innen (Kat. G)","Verantwortlich für die Ausführung der Arbeiten","Geschlecht - Total",7015,5008,5847,9441,10993
"2018","Ostschweiz","> Grenzgänger/innen (Kat. G)","Verantwortlich für die Ausführung der Arbeiten","Frauen",6607,3908,4775,8204,9441
"2018","Ostschweiz","> Grenzgänger/innen (Kat. G)","Verantwortlich für die Ausführung der Arbeiten","Männer",7364,5222,5948,9878,11429
"2018","Ostschweiz","> Grenzgänger/innen (Kat. G)","Ohne Kaderfunktion","Geschlecht - Total",5910,3992,4825,7072,8500
"2018","Ostschweiz","> Grenzgänger/innen (Kat. G)","Ohne Kaderfunktion","Frauen",5482,3678,4433,6884,8089
"2018","Ostschweiz","> Grenzgänger/innen (Kat. G)","Ohne Kaderfunktion","Männer",6007,4132,4996,7127,8692
"2018","Ostschweiz","> Andere","Berufliche Stellung - Total","Geschlecht - Total",4328,3406,3786,5825,6716
"2018","Ostschweiz","> Andere","Berufliche Stellung - Total","Frauen",4126,3422,3801,5710,7554
"2018","Ostschweiz","> Andere","Berufliche Stellung - Total","Männer",4468,3330,3686,5825,6334
"2018","Ostschweiz","> Andere","Oberes und mittleres Kader","Geschlecht - Total",,,,,
"2018","Ostschweiz","> Andere","Oberes und mittleres Kader","Frauen",,,,,
"2018","Ostschweiz","> Andere","Oberes und mittleres Kader","Männer",,,,,
"2018","Ostschweiz","> Andere","Unteres Kader","Geschlecht - Total",,,,,
"2018","Ostschweiz","> Andere","Unteres Kader","Frauen",,,,,
"2018","Ostschweiz","> Andere","Unteres Kader","Männer",,,,,
"2018","Ostschweiz","> Andere","Verantwortlich für die Ausführung der Arbeiten","Geschlecht - Total",,,,,
"2018","Ostschweiz","> Andere","Verantwortlich für die Ausführung der Arbeiten","Frauen",,,,,
"2018","Ostschweiz","> Andere","Verantwortlich für die Ausführung der Arbeiten","Männer",,,,,
"2018","Ostschweiz","> Andere","Ohne Kaderfunktion","Geschlecht - Total",4261,3330,3694,5825,6334
"2018","Ostschweiz","> Andere","Ohne Kaderfunktion","Frauen",4060,3475,3801,4896,7060
"2018","Ostschweiz","> Andere","Ohne Kaderfunktion","Männer",4433,3308,3667,5825,6334
"2018","Zentralschweiz","Schweizer/innen und Ausländer/innen - Total","Berufliche Stellung - Total","Geschlecht - Total",6438,4334,5164,8399,11348
"2018","Zentralschweiz","Schweizer/innen und Ausländer/innen - Total","Berufliche Stellung - Total","Frauen",5905,4059,4697,7555,9679
"2018","Zentralschweiz","Schweizer/innen und Ausländer/innen - Total","Berufliche Stellung - Total","Männer",6781,4654,5500,9016,12382
"2018","Zentralschweiz","Schweizer/innen und Ausländer/innen - Total","Oberes und mittleres Kader","Geschlecht - Total",9666,5489,7169,13335,19710
"2018","Zentralschweiz","Schweizer/innen und Ausländer/innen - Total","Oberes und mittleres Kader","Frauen",8190,4459,5846,11285,15931
"2018","Zentralschweiz","Schweizer/innen und Ausländer/innen - Total","Oberes und mittleres Kader","Männer",10123,6071,7664,13950,20513
"2018","Zentralschweiz","Schweizer/innen und Ausländer/innen - Total","Unteres Kader","Geschlecht - Total",7904,5131,6392,9920,12460
"2018","Zentralschweiz","Schweizer/innen und Ausländer/innen - Total","Unteres Kader","Frauen",7112,4581,5587,8964,11203
"2018","Zentralschweiz","Schweizer/innen und Ausländer/innen - Total","Unteres Kader","Männer",8290,5672,6808,10397,13039
"2018","Zentralschweiz","Schweizer/innen und Ausländer/innen - Total","Verantwortlich für die Ausführung der Arbeiten","Geschlecht - Total",6823,4767,5605,8671,10882
"2018","Zentralschweiz","Schweizer/innen und Ausländer/innen - Total","Verantwortlich für die Ausführung der Arbeiten","Frauen",6203,4333,4964,7809,10192
"2018","Zentralschweiz","Schweizer/innen und Ausländer/innen - Total","Verantwortlich für die Ausführung der Arbeiten","Männer",7059,5082,5935,8984,11221
"2018","Zentralschweiz","Schweizer/innen und Ausländer/innen - Total","Ohne Kaderfunktion","Geschlecht - Total",5933,4207,4910,7334,9232
"2018","Zentralschweiz","Schweizer/innen und Ausländer/innen - Total","Ohne Kaderfunktion","Frauen",5652,3987,4596,7079,8771
"2018","Zentralschweiz","Schweizer/innen und Ausländer/innen - Total","Ohne Kaderfunktion","Männer",6112,4436,5200,7505,9600
"2018","Zentralschweiz","Schweizer/innen","Berufliche Stellung - Total","Geschlecht - Total",6643,4499,5346,8535,11158
"2018","Zentralschweiz","Schweizer/innen","Berufliche Stellung - Total","Frauen",6049,4216,4850,7583,9512
"2018","Zentralschweiz","Schweizer/innen","Berufliche Stellung - Total","Männer",7076,4861,5724,9223,12183
"2018","Zentralschweiz","Schweizer/innen","Oberes und mittleres Kader","Geschlecht - Total",9387,5470,7137,12410,17004
"2018","Zentralschweiz","Schweizer/innen","Oberes und mittleres Kader","Frauen",7843,4412,5727,10519,13606
"2018","Zentralschweiz","Schweizer/innen","Oberes und mittleres Kader","Männer",9854,6139,7577,13000,17982
"2018","Zentralschweiz","Schweizer/innen","Unteres Kader","Geschlecht - Total",7789,5180,6383,9509,11440
"2018","Zentralschweiz","Schweizer/innen","Unteres Kader","Frauen",7000,4581,5497,8570,10267
"2018","Zentralschweiz","Schweizer/innen","Unteres Kader","Männer",8201,5762,6808,10024,12059
"2018","Zentralschweiz","Schweizer/innen","Verantwortlich für die Ausführung der Arbeiten","Geschlecht - Total",6863,4746,5644,8549,10447
"2018","Zentralschweiz","Schweizer/innen","Verantwortlich für die Ausführung der Arbeiten","Frauen",6235,4333,4952,7667,9577
"2018","Zentralschweiz","Schweizer/innen","Verantwortlich für die Ausführung der Arbeiten","Männer",7129,5200,6041,8969,10847
"2018","Zentralschweiz","Schweizer/innen","Ohne Kaderfunktion","Geschlecht - Total",6133,4363,5062,7495,9320
"2018","Zentralschweiz","Schweizer/innen","Ohne Kaderfunktion","Frauen",5831,4171,4754,7170,8801
"2018","Zentralschweiz","Schweizer/innen","Ohne Kaderfunktion","Männer",6353,4643,5390,7761,9808
"2018","Zentralschweiz","Ausländer/innen","Berufliche Stellung - Total","Geschlecht - Total",5799,3943,4708,7788,12460
"2018","Zentralschweiz","Ausländer/innen","Berufliche Stellung - Total","Frauen",5243,3736,4267,7407,10920
"2018","Zentralschweiz","Ausländer/innen","Berufliche Stellung - Total","Männer",5965,4191,5074,8016,13333
"2018","Zentralschweiz","Ausländer/innen","Oberes und mittleres Kader","Geschlecht - Total",12843,5571,7945,20396,30000
"2018","Zentralschweiz","Ausländer/innen","Oberes und mittleres Kader","Frauen",11469,4980,7109,17600,25331
"2018","Zentralschweiz","Ausländer/innen","Oberes und mittleres Kader","Männer",13690,5914,8205,21006,31508
"2018","Zentralschweiz","Ausländer/innen","Unteres Kader","Geschlecht - Total",8700,4901,6455,12592,16262
"2018","Zentralschweiz","Ausländer/innen","Unteres Kader","Frauen",8203,4635,6197,11656,15310
"2018","Zentralschweiz","Ausländer/innen","Unteres Kader","Männer",8983,5215,6845,12968,16843
"2018","Zentralschweiz","Ausländer/innen","Verantwortlich für die Ausführung der Arbeiten","Geschlecht - Total",6694,4829,5412,9350,12800
"2018","Zentralschweiz","Ausländer/innen","Verantwortlich für die Ausführung der Arbeiten","Frauen",6045,4292,5104,9079,12103
"2018","Zentralschweiz","Ausländer/innen","Verantwortlich für die Ausführung der Arbeiten","Männer",6773,5074,5674,9452,13100
"2018","Zentralschweiz","Ausländer/innen","Ohne Kaderfunktion","Geschlecht - Total",5465,3839,4516,6721,8890
"2018","Zentralschweiz","Ausländer/innen","Ohne Kaderfunktion","Frauen",4895,3671,4138,6549,8611
"2018","Zentralschweiz","Ausländer/innen","Ohne Kaderfunktion","Männer",5641,4046,4850,6802,9068
"2018","Zentralschweiz","> Kurzaufenthalter/innen (Kat. L)","Berufliche Stellung - Total","Geschlecht - Total",5222,3500,4117,5750,6855
"2018","Zentralschweiz","> Kurzaufenthalter/innen (Kat. L)","Berufliche Stellung - Total","Frauen",4091,3164,3725,5213,7219
"2018","Zentralschweiz","> Kurzaufenthalter/innen (Kat. L)","Berufliche Stellung - Total","Männer",5434,3543,4332,5819,6838
"2018","Zentralschweiz","> Kurzaufenthalter/innen (Kat. L)","Oberes und mittleres Kader","Geschlecht - Total",,,,,
"2018","Zentralschweiz","> Kurzaufenthalter/innen (Kat. L)","Oberes und mittleres Kader","Frauen",,,,,
"2018","Zentralschweiz","> Kurzaufenthalter/innen (Kat. L)","Oberes und mittleres Kader","Männer",,,,,
"2018","Zentralschweiz","> Kurzaufenthalter/innen (Kat. L)","Unteres Kader","Geschlecht - Total",,,,,
"2018","Zentralschweiz","> Kurzaufenthalter/innen (Kat. L)","Unteres Kader","Frauen",,,,,
"2018","Zentralschweiz","> Kurzaufenthalter/innen (Kat. L)","Unteres Kader","Männer",,,,,
"2018","Zentralschweiz","> Kurzaufenthalter/innen (Kat. L)","Verantwortlich für die Ausführung der Arbeiten","Geschlecht - Total",,,,,
"2018","Zentralschweiz","> Kurzaufenthalter/innen (Kat. L)","Verantwortlich für die Ausführung der Arbeiten","Frauen",,,,,
"2018","Zentralschweiz","> Kurzaufenthalter/innen (Kat. L)","Verantwortlich für die Ausführung der Arbeiten","Männer",,,,,
"2018","Zentralschweiz","> Kurzaufenthalter/innen (Kat. L)","Ohne Kaderfunktion","Geschlecht - Total",5213,3500,4072,5625,6647
"2018","Zentralschweiz","> Kurzaufenthalter/innen (Kat. L)","Ohne Kaderfunktion","Frauen",3972,3159,3645,4643,6024
"2018","Zentralschweiz","> Kurzaufenthalter/innen (Kat. L)","Ohne Kaderfunktion","Männer",5434,3501,4364,5792,6679
"2018","Zentralschweiz","> Aufenthalter/innen (Kat. B)","Berufliche Stellung - Total","Geschlecht - Total",5647,3799,4497,7936,13167
"2018","Zentralschweiz","> Aufenthalter/innen (Kat. B)","Berufliche Stellung - Total","Frauen",5404,3617,4127,7658,11699
"2018","Zentralschweiz","> Aufenthalter/innen (Kat. B)","Berufliche Stellung - Total","Männer",5723,3967,4746,8101,14167
"2018","Zentralschweiz","> Aufenthalter/innen (Kat. B)","Oberes und mittleres Kader","Geschlecht - Total",15687,6350,9743,22664,34196
"2018","Zentralschweiz","> Aufenthalter/innen (Kat. B)","Oberes und mittleres Kader","Frauen",14365,5635,9224,21465,28170
"2018","Zentralschweiz","> Aufenthalter/innen (Kat. B)","Oberes und mittleres Kader","Männer",16019,6933,9756,23681,34888
"2018","Zentralschweiz","> Aufenthalter/innen (Kat. B)","Unteres Kader","Geschlecht - Total",9857,4600,6250,13872,17339
"2018","Zentralschweiz","> Aufenthalter/innen (Kat. B)","Unteres Kader","Frauen",8494,4735,6392,12411,15791
"2018","Zentralschweiz","> Aufenthalter/innen (Kat. B)","Unteres Kader","Männer",10490,4600,6190,14732,18654
"2018","Zentralschweiz","> Aufenthalter/innen (Kat. B)","Verantwortlich für die Ausführung der Arbeiten","Geschlecht - Total",6623,4730,5076,10394,13624
"2018","Zentralschweiz","> Aufenthalter/innen (Kat. B)","Verantwortlich für die Ausführung der Arbeiten","Frauen",6224,4292,5104,9850,12999
"2018","Zentralschweiz","> Aufenthalter/innen (Kat. B)","Verantwortlich für die Ausführung der Arbeiten","Männer",6761,4762,5076,10479,13862
"2018","Zentralschweiz","> Aufenthalter/innen (Kat. B)","Ohne Kaderfunktion","Geschlecht - Total",5404,3693,4323,6652,8995
"2018","Zentralschweiz","> Aufenthalter/innen (Kat. B)","Ohne Kaderfunktion","Frauen",4851,3551,3979,6885,8819
"2018","Zentralschweiz","> Aufenthalter/innen (Kat. B)","Ohne Kaderfunktion","Männer",5434,3849,4548,6525,9106
"2018","Zentralschweiz","> Niedergelassene (Kat. C)","Berufliche Stellung - Total","Geschlecht - Total",5965,4191,4894,7908,12270
"2018","Zentralschweiz","> Niedergelassene (Kat. C)","Berufliche Stellung - Total","Frauen",5256,3858,4375,7301,10501
"2018","Zentralschweiz","> Niedergelassene (Kat. C)","Berufliche Stellung - Total","Männer",6243,4579,5314,8254,13417
"2018","Zentralschweiz","> Niedergelassene (Kat. C)","Oberes und mittleres Kader","Geschlecht - Total",11733,5488,7429,18972,28783
"2018","Zentralschweiz","> Niedergelassene (Kat. C)","Oberes und mittleres Kader","Frauen",10075,4813,6941,16058,22591
"2018","Zentralschweiz","> Niedergelassene (Kat. C)","Oberes und mittleres Kader","Männer",12313,5614,7660,20037,30000
"2018","Zentralschweiz","> Niedergelassene (Kat. C)","Unteres Kader","Geschlecht - Total",8333,5287,6574,11644,14897
"2018","Zentralschweiz","> Niedergelassene (Kat. C)","Unteres Kader","Frauen",8057,4564,6088,11361,14907
"2018","Zentralschweiz","> Niedergelassene (Kat. C)","Unteres Kader","Männer",8542,5698,7018,11817,14821
"2018","Zentralschweiz","> Niedergelassene (Kat. C)","Verantwortlich für die Ausführung der Arbeiten","Geschlecht - Total",6707,4895,5726,8883,12333
"2018","Zentralschweiz","> Niedergelassene (Kat. C)","Verantwortlich für die Ausführung der Arbeiten","Frauen",5953,4364,5014,8659,11304
"2018","Zentralschweiz","> Niedergelassene (Kat. C)","Verantwortlich für die Ausführung der Arbeiten","Männer",6836,5347,5935,8944,12549
"2018","Zentralschweiz","> Niedergelassene (Kat. C)","Ohne Kaderfunktion","Geschlecht - Total",5613,4094,4706,6830,8972
"2018","Zentralschweiz","> Niedergelassene (Kat. C)","Ohne Kaderfunktion","Frauen",4950,3805,4276,6417,8567
"2018","Zentralschweiz","> Niedergelassene (Kat. C)","Ohne Kaderfunktion","Männer",5855,4457,5123,6965,9250
"2018","Zentralschweiz","> Grenzgänger/innen (Kat. G)","Berufliche Stellung - Total","Geschlecht - Total",6808,4444,5414,9485,15538
"2018","Zentralschweiz","> Grenzgänger/innen (Kat. G)","Berufliche Stellung - Total","Frauen",5902,3721,4744,8456,10920
"2018","Zentralschweiz","> Grenzgänger/innen (Kat. G)","Berufliche Stellung - Total","Männer",6993,4742,5511,9590,17046
"2018","Zentralschweiz","> Grenzgänger/innen (Kat. G)","Oberes und mittleres Kader","Geschlecht - Total",13821,3726,7843,22477,28517
"2018","Zentralschweiz","> Grenzgänger/innen (Kat. G)","Oberes und mittleres Kader","Frauen",4088,3558,3560,9401,13901
"2018","Zentralschweiz","> Grenzgänger/innen (Kat. G)","Oberes und mittleres Kader","Männer",15090,6512,10034,27693,31482
"2018","Zentralschweiz","> Grenzgänger/innen (Kat. G)","Unteres Kader","Geschlecht - Total",9918,5826,7777,12914,18995
"2018","Zentralschweiz","> Grenzgänger/innen (Kat. G)","Unteres Kader","Frauen",,,,,
"2018","Zentralschweiz","> Grenzgänger/innen (Kat. G)","Unteres Kader","Männer",10267,5826,7794,13750,18032
"2018","Zentralschweiz","> Grenzgänger/innen (Kat. G)","Verantwortlich für die Ausführung der Arbeiten","Geschlecht - Total",,,,,
"2018","Zentralschweiz","> Grenzgänger/innen (Kat. G)","Verantwortlich für die Ausführung der Arbeiten","Frauen",,,,,
"2018","Zentralschweiz","> Grenzgänger/innen (Kat. G)","Verantwortlich für die Ausführung der Arbeiten","Männer",,,,,
"2018","Zentralschweiz","> Grenzgänger/innen (Kat. G)","Ohne Kaderfunktion","Geschlecht - Total",6350,4407,5269,7927,10000
"2018","Zentralschweiz","> Grenzgänger/innen (Kat. G)","Ohne Kaderfunktion","Frauen",5849,4043,4905,7873,9814
"2018","Zentralschweiz","> Grenzgänger/innen (Kat. G)","Ohne Kaderfunktion","Männer",6474,4429,5433,7927,10159
"2018","Zentralschweiz","> Andere","Berufliche Stellung - Total","Geschlecht - Total",3930,3391,3544,4582,6373
"2018","Zentralschweiz","> Andere","Berufliche Stellung - Total","Frauen",4127,3175,3544,4590,5933
"2018","Zentralschweiz","> Andere","Berufliche Stellung - Total","Männer",3858,3420,3544,4582,6896
"2018","Zentralschweiz","> Andere","Oberes und mittleres Kader","Geschlecht - Total",,,,,
"2018","Zentralschweiz","> Andere","Oberes und mittleres Kader","Frauen",,,,,
"2018","Zentralschweiz","> Andere","Oberes und mittleres Kader","Männer",,,,,
"2018","Zentralschweiz","> Andere","Unteres Kader","Geschlecht - Total",,,,,
"2018","Zentralschweiz","> Andere","Unteres Kader","Frauen",,,,,
"2018","Zentralschweiz","> Andere","Unteres Kader","Männer",,,,,
"2018","Zentralschweiz","> Andere","Verantwortlich für die Ausführung der Arbeiten","Geschlecht - Total",,,,,
"2018","Zentralschweiz","> Andere","Verantwortlich für die Ausführung der Arbeiten","Frauen",..,..,..,..,..
"2018","Zentralschweiz","> Andere","Verantwortlich für die Ausführung der Arbeiten","Männer",,,,,
"2018","Zentralschweiz","> Andere","Ohne Kaderfunktion","Geschlecht - Total",3871,3371,3541,4551,5518
"2018","Zentralschweiz","> Andere","Ohne Kaderfunktion","Frauen",4127,3175,3542,4551,5282
"2018","Zentralschweiz","> Andere","Ohne Kaderfunktion","Männer",3817,3376,3541,4558,5741
"2018","Ticino","Schweizer/innen und Ausländer/innen - Total","Berufliche Stellung - Total","Geschlecht - Total",5363,3459,4178,6964,9441
"2018","Ticino","Schweizer/innen und Ausländer/innen - Total","Berufliche Stellung - Total","Frauen",4836,3249,3782,6389,8190
"2018","Ticino","Schweizer/innen und Ausländer/innen - Total","Berufliche Stellung - Total","Männer",5617,3696,4483,7353,10402
"2018","Ticino","Schweizer/innen und Ausländer/innen - Total","Oberes und mittleres Kader","Geschlecht - Total",8254,4598,6000,11963,17591
"2018","Ticino","Schweizer/innen und Ausländer/innen - Total","Oberes und mittleres Kader","Frauen",6717,3772,4800,9208,14167
"2018","Ticino","Schweizer/innen und Ausländer/innen - Total","Oberes und mittleres Kader","Männer",8905,5137,6667,12807,18833
"2018","Ticino","Schweizer/innen und Ausländer/innen - Total","Unteres Kader","Geschlecht - Total",6338,4231,5147,8254,10268
"2018","Ticino","Schweizer/innen und Ausländer/innen - Total","Unteres Kader","Frauen",5883,3981,4583,7827,9842
"2018","Ticino","Schweizer/innen und Ausländer/innen - Total","Unteres Kader","Männer",6389,4635,5400,8573,10751
"2018","Ticino","Schweizer/innen und Ausländer/innen - Total","Verantwortlich für die Ausführung der Arbeiten","Geschlecht - Total",5813,3842,4627,7172,8916
"2018","Ticino","Schweizer/innen und Ausländer/innen - Total","Verantwortlich für die Ausführung der Arbeiten","Frauen",5443,3704,4421,6851,8255
"2018","Ticino","Schweizer/innen und Ausländer/innen - Total","Verantwortlich für die Ausführung der Arbeiten","Männer",6016,3955,4830,7361,9340
"2018","Ticino","Schweizer/innen und Ausländer/innen - Total","Ohne Kaderfunktion","Geschlecht - Total",4852,3332,3880,6025,7441
"2018","Ticino","Schweizer/innen und Ausländer/innen - Total","Ohne Kaderfunktion","Frauen",4473,3146,3596,5744,7323
"2018","Ticino","Schweizer/innen und Ausländer/innen - Total","Ohne Kaderfunktion","Männer",5094,3508,4144,6180,7528
"2018","Ticino","Schweizer/innen","Berufliche Stellung - Total","Geschlecht - Total",6172,4092,4921,8067,10809
"2018","Ticino","Schweizer/innen","Berufliche Stellung - Total","Frauen",5598,3790,4540,7056,8560
"2018","Ticino","Schweizer/innen","Berufliche Stellung - Total","Männer",6660,4390,5341,8928,12251
"2018","Ticino","Schweizer/innen","Oberes und mittleres Kader","Geschlecht - Total",8657,4701,6215,12380,17460
"2018","Ticino","Schweizer/innen","Oberes und mittleres Kader","Frauen",6770,3754,4762,8888,13174
"2018","Ticino","Schweizer/innen","Oberes und mittleres Kader","Männer",9848,5417,7152,13447,19287
"2018","Ticino","Schweizer/innen","Unteres Kader","Geschlecht - Total",7059,4505,5457,8889,10461
"2018","Ticino","Schweizer/innen","Unteres Kader","Frauen",6479,4128,4802,8027,9930
"2018","Ticino","Schweizer/innen","Unteres Kader","Männer",7647,5200,5886,9127,11249
"2018","Ticino","Schweizer/innen","Verantwortlich für die Ausführung der Arbeiten","Geschlecht - Total",6326,4333,5159,7481,9270
"2018","Ticino","Schweizer/innen","Verantwortlich für die Ausführung der Arbeiten","Frauen",5834,4102,4811,6927,8234
"2018","Ticino","Schweizer/innen","Verantwortlich für die Ausführung der Arbeiten","Männer",6548,4653,5600,7908,9803
"2018","Ticino","Schweizer/innen","Ohne Kaderfunktion","Geschlecht - Total",5586,3885,4605,6828,8293
"2018","Ticino","Schweizer/innen","Ohne Kaderfunktion","Frauen",5365,3750,4370,6594,8003
"2018","Ticino","Schweizer/innen","Ohne Kaderfunktion","Männer",5784,4117,4843,7067,8660
"2018","Ticino","Ausländer/innen","Berufliche Stellung - Total","Geschlecht - Total",4809,3288,3810,6138,8038
"2018","Ticino","Ausländer/innen","Berufliche Stellung - Total","Frauen",4139,3044,3464,5438,7479
"2018","Ticino","Ausländer/innen","Berufliche Stellung - Total","Männer",5156,3500,4156,6379,8477
"2018","Ticino","Ausländer/innen","Oberes und mittleres Kader","Geschlecht - Total",7588,4361,5768,11351,17876
"2018","Ticino","Ausländer/innen","Oberes und mittleres Kader","Frauen",6612,3777,4824,10000,14878
"2018","Ticino","Ausländer/innen","Oberes und mittleres Kader","Männer",7908,4830,6104,11825,18305
"2018","Ticino","Ausländer/innen","Unteres Kader","Geschlecht - Total",5644,4124,4982,7525,10000
"2018","Ticino","Ausländer/innen","Unteres Kader","Frauen",5417,3655,4308,7197,9558
"2018","Ticino","Ausländer/innen","Unteres Kader","Männer",5691,4405,5093,7581,10082
"2018","Ticino","Ausländer/innen","Verantwortlich für die Ausführung der Arbeiten","Geschlecht - Total",5323,3629,4333,6787,8569
"2018","Ticino","Ausländer/innen","Verantwortlich für die Ausführung der Arbeiten","Frauen",4949,3450,4127,6600,8320
"2018","Ticino","Ausländer/innen","Verantwortlich für die Ausführung der Arbeiten","Männer",5464,3755,4463,6828,8583
"2018","Ticino","Ausländer/innen","Ohne Kaderfunktion","Geschlecht - Total",4425,3200,3611,5521,6663
"2018","Ticino","Ausländer/innen","Ohne Kaderfunktion","Frauen",3878,2994,3374,4919,6276
"2018","Ticino","Ausländer/innen","Ohne Kaderfunktion","Männer",4739,3421,3921,5741,6808
"2018","Ticino","> Kurzaufenthalter/innen (Kat. L)","Berufliche Stellung - Total","Geschlecht - Total",5607,3366,4118,6824,9109
"2018","Ticino","> Kurzaufenthalter/innen (Kat. L)","Berufliche Stellung - Total","Frauen",5661,3200,3687,7791,9581
"2018","Ticino","> Kurzaufenthalter/innen (Kat. L)","Berufliche Stellung - Total","Männer",5595,3422,4195,6274,8448
"2018","Ticino","> Kurzaufenthalter/innen (Kat. L)","Oberes und mittleres Kader","Geschlecht - Total",,,,,
"2018","Ticino","> Kurzaufenthalter/innen (Kat. L)","Oberes und mittleres Kader","Frauen",,,,,
"2018","Ticino","> Kurzaufenthalter/innen (Kat. L)","Oberes und mittleres Kader","Männer",,,,,
"2018","Ticino","> Kurzaufenthalter/innen (Kat. L)","Unteres Kader","Geschlecht - Total",,,,,
"2018","Ticino","> Kurzaufenthalter/innen (Kat. L)","Unteres Kader","Frauen",,,,,
"2018","Ticino","> Kurzaufenthalter/innen (Kat. L)","Unteres Kader","Männer",,,,,
"2018","Ticino","> Kurzaufenthalter/innen (Kat. L)","Verantwortlich für die Ausführung der Arbeiten","Geschlecht - Total",,,,,
"2018","Ticino","> Kurzaufenthalter/innen (Kat. L)","Verantwortlich für die Ausführung der Arbeiten","Frauen",,,,,
"2018","Ticino","> Kurzaufenthalter/innen (Kat. L)","Verantwortlich für die Ausführung der Arbeiten","Männer",,,,,
"2018","Ticino","> Kurzaufenthalter/innen (Kat. L)","Ohne Kaderfunktion","Geschlecht - Total",5151,3356,3730,5868,6838
"2018","Ticino","> Kurzaufenthalter/innen (Kat. L)","Ohne Kaderfunktion","Frauen",,,,,
"2018","Ticino","> Kurzaufenthalter/innen (Kat. L)","Ohne Kaderfunktion","Männer",5476,3442,3975,5967,6923
"2018","Ticino","> Aufenthalter/innen (Kat. B)","Berufliche Stellung - Total","Geschlecht - Total",5196,3522,4031,6750,9802
"2018","Ticino","> Aufenthalter/innen (Kat. B)","Berufliche Stellung - Total","Frauen",4651,3422,3829,6293,8514
"2018","Ticino","> Aufenthalter/innen (Kat. B)","Berufliche Stellung - Total","Männer",5504,3636,4177,7016,10906
"2018","Ticino","> Aufenthalter/innen (Kat. B)","Oberes und mittleres Kader","Geschlecht - Total",8736,4602,5768,12988,20690
"2018","Ticino","> Aufenthalter/innen (Kat. B)","Oberes und mittleres Kader","Frauen",7729,4261,5299,11660,22557
"2018","Ticino","> Aufenthalter/innen (Kat. B)","Oberes und mittleres Kader","Männer",8905,4971,5778,13217,20690
"2018","Ticino","> Aufenthalter/innen (Kat. B)","Unteres Kader","Geschlecht - Total",5579,3972,5093,7889,10733
"2018","Ticino","> Aufenthalter/innen (Kat. B)","Unteres Kader","Frauen",5523,3333,3719,7283,9055
"2018","Ticino","> Aufenthalter/innen (Kat. B)","Unteres Kader","Männer",5579,4361,5093,8029,10989
"2018","Ticino","> Aufenthalter/innen (Kat. B)","Verantwortlich für die Ausführung der Arbeiten","Geschlecht - Total",5679,3765,4333,7559,10130
"2018","Ticino","> Aufenthalter/innen (Kat. B)","Verantwortlich für die Ausführung der Arbeiten","Frauen",5417,3861,4382,7268,10525
"2018","Ticino","> Aufenthalter/innen (Kat. B)","Verantwortlich für die Ausführung der Arbeiten","Männer",5893,3584,4221,7647,9674
"2018","Ticino","> Aufenthalter/innen (Kat. B)","Ohne Kaderfunktion","Geschlecht - Total",4578,3459,3884,5892,7086
"2018","Ticino","> Aufenthalter/innen (Kat. B)","Ohne Kaderfunktion","Frauen",4338,3398,3714,5473,6809
"2018","Ticino","> Aufenthalter/innen (Kat. B)","Ohne Kaderfunktion","Männer",4902,3543,3918,6058,7326
"2018","Ticino","> Niedergelassene (Kat. C)","Berufliche Stellung - Total","Geschlecht - Total",5515,3714,4384,7061,9361
"2018","Ticino","> Niedergelassene (Kat. C)","Berufliche Stellung - Total","Frauen",4701,3500,3907,5913,7960
"2018","Ticino","> Niedergelassene (Kat. C)","Berufliche Stellung - Total","Männer",5895,4055,4865,7550,10582
"2018","Ticino","> Niedergelassene (Kat. C)","Oberes und mittleres Kader","Geschlecht - Total",7673,4860,6351,11250,18247
"2018","Ticino","> Niedergelassene (Kat. C)","Oberes und mittleres Kader","Frauen",6435,3611,4267,10344,16666
"2018","Ticino","> Niedergelassene (Kat. C)","Oberes und mittleres Kader","Männer",7908,5473,6870,11657,18565
"2018","Ticino","> Niedergelassene (Kat. C)","Unteres Kader","Geschlecht - Total",5888,4286,5333,7654,10470
"2018","Ticino","> Niedergelassene (Kat. C)","Unteres Kader","Frauen",5758,4017,4306,7547,9857
"2018","Ticino","> Niedergelassene (Kat. C)","Unteres Kader","Männer",5921,4798,5333,7668,10714
"2018","Ticino","> Niedergelassene (Kat. C)","Verantwortlich für die Ausführung der Arbeiten","Geschlecht - Total",5789,3934,4611,7492,9524
"2018","Ticino","> Niedergelassene (Kat. C)","Verantwortlich für die Ausführung der Arbeiten","Frauen",5457,3734,4330,7186,8875
"2018","Ticino","> Niedergelassene (Kat. C)","Verantwortlich für die Ausführung der Arbeiten","Männer",5975,4245,4841,7583,9670
"2018","Ticino","> Niedergelassene (Kat. C)","Ohne Kaderfunktion","Geschlecht - Total",5007,3560,4120,6000,7310
"2018","Ticino","> Niedergelassene (Kat. C)","Ohne Kaderfunktion","Frauen",4455,3448,3794,5407,6656
"2018","Ticino","> Niedergelassene (Kat. C)","Ohne Kaderfunktion","Männer",5364,3834,4499,6263,7583
"2018","Ticino","> Grenzgänger/innen (Kat. G)","Berufliche Stellung - Total","Geschlecht - Total",4514,3151,3608,5688,7232
"2018","Ticino","> Grenzgänger/innen (Kat. G)","Berufliche Stellung - Total","Frauen",3813,2946,3289,5016,6934
"2018","Ticino","> Grenzgänger/innen (Kat. G)","Berufliche Stellung - Total","Männer",4855,3400,3979,5926,7436
"2018","Ticino","> Grenzgänger/innen (Kat. G)","Oberes und mittleres Kader","Geschlecht - Total",6973,4234,5289,10095,14577
"2018","Ticino","> Grenzgänger/innen (Kat. G)","Oberes und mittleres Kader","Frauen",6067,3810,4745,8882,14558
"2018","Ticino","> Grenzgänger/innen (Kat. G)","Oberes und mittleres Kader","Männer",7442,4346,5417,10667,16628
"2018","Ticino","> Grenzgänger/innen (Kat. G)","Unteres Kader","Geschlecht - Total",5688,4115,4780,7365,9761
"2018","Ticino","> Grenzgänger/innen (Kat. G)","Unteres Kader","Frauen",5271,3738,4334,7136,9558
"2018","Ticino","> Grenzgänger/innen (Kat. G)","Unteres Kader","Männer",5691,4299,4993,7502,9787
"2018","Ticino","> Grenzgänger/innen (Kat. G)","Verantwortlich für die Ausführung der Arbeiten","Geschlecht - Total",5107,3532,4227,6335,7866
"2018","Ticino","> Grenzgänger/innen (Kat. G)","Verantwortlich für die Ausführung der Arbeiten","Frauen",4648,3383,3921,6037,7877
"2018","Ticino","> Grenzgänger/innen (Kat. G)","Verantwortlich für die Ausführung der Arbeiten","Männer",5279,3666,4333,6386,7863
"2018","Ticino","> Grenzgänger/innen (Kat. G)","Ohne Kaderfunktion","Geschlecht - Total",4263,3060,3497,5270,6365
"2018","Ticino","> Grenzgänger/innen (Kat. G)","Ohne Kaderfunktion","Frauen",3636,2881,3216,4514,5904
"2018","Ticino","> Grenzgänger/innen (Kat. G)","Ohne Kaderfunktion","Männer",4583,3320,3810,5513,6500
"2018","Ticino","> Andere","Berufliche Stellung - Total","Geschlecht - Total",4433,3293,3586,5766,6630
"2018","Ticino","> Andere","Berufliche Stellung - Total","Frauen",3774,3035,3421,4634,6493
"2018","Ticino","> Andere","Berufliche Stellung - Total","Männer",4602,3421,3875,6133,6715
"2018","Ticino","> Andere","Oberes und mittleres Kader","Geschlecht - Total",,,,,
"2018","Ticino","> Andere","Oberes und mittleres Kader","Frauen",,,,,
"2018","Ticino","> Andere","Oberes und mittleres Kader","Männer",,,,,
"2018","Ticino","> Andere","Unteres Kader","Geschlecht - Total",,,,,
"2018","Ticino","> Andere","Unteres Kader","Frauen",,,,,
"2018","Ticino","> Andere","Unteres Kader","Männer",,,,,
"2018","Ticino","> Andere","Verantwortlich für die Ausführung der Arbeiten","Geschlecht - Total",,,,,
"2018","Ticino","> Andere","Verantwortlich für die Ausführung der Arbeiten","Frauen",,,,,
"2018","Ticino","> Andere","Verantwortlich für die Ausführung der Arbeiten","Männer",,,,,
"2018","Ticino","> Andere","Ohne Kaderfunktion","Geschlecht - Total",4194,3204,3541,5349,6221
"2018","Ticino","> Andere","Ohne Kaderfunktion","Frauen",3694,3015,3397,4194,5350
"2018","Ticino","> Andere","Ohne Kaderfunktion","Männer",4468,3409,3714,5689,6228
"2016","Schweiz","Schweizer/innen und Ausländer/innen - Total","Berufliche Stellung - Total","Geschlecht - Total",6502,4313,5157,8556,11406
"2016","Schweiz","Schweizer/innen und Ausländer/innen - Total","Berufliche Stellung - Total","Frauen",6011,4035,4714,7729,9856
"2016","Schweiz","Schweizer/innen und Ausländer/innen - Total","Berufliche Stellung - Total","Männer",6830,4600,5481,9178,12300
"2016","Schweiz","Schweizer/innen und Ausländer/innen - Total","Oberes und mittleres Kader","Geschlecht - Total",10310,6033,7764,13821,19044
"2016","Schweiz","Schweizer/innen und Ausländer/innen - Total","Oberes und mittleres Kader","Frauen",8861,5210,6748,11627,15635
"2016","Schweiz","Schweizer/innen und Ausländer/innen - Total","Oberes und mittleres Kader","Männer",10878,6424,8219,14548,20148
"2016","Schweiz","Schweizer/innen und Ausländer/innen - Total","Unteres Kader","Geschlecht - Total",8328,5252,6549,10567,12950
"2016","Schweiz","Schweizer/innen und Ausländer/innen - Total","Unteres Kader","Frauen",7580,4718,5893,9598,11921
"2016","Schweiz","Schweizer/innen und Ausländer/innen - Total","Unteres Kader","Männer",8760,5624,6889,10980,13389
"2016","Schweiz","Schweizer/innen und Ausländer/innen - Total","Verantwortlich für die Ausführung der Arbeiten","Geschlecht - Total",6977,4739,5714,8744,10902
"2016","Schweiz","Schweizer/innen und Ausländer/innen - Total","Verantwortlich für die Ausführung der Arbeiten","Frauen",6481,4328,5138,8092,10000
"2016","Schweiz","Schweizer/innen und Ausländer/innen - Total","Verantwortlich für die Ausführung der Arbeiten","Männer",7238,5114,6018,9081,11299
"2016","Schweiz","Schweizer/innen und Ausländer/innen - Total","Ohne Kaderfunktion","Geschlecht - Total",5935,4141,4843,7352,9176
"2016","Schweiz","Schweizer/innen und Ausländer/innen - Total","Ohne Kaderfunktion","Frauen",5607,3920,4537,7072,8678
"2016","Schweiz","Schweizer/innen und Ausländer/innen - Total","Ohne Kaderfunktion","Männer",6121,4375,5116,7559,9564
"2016","Schweiz","Schweizer/innen","Berufliche Stellung - Total","Geschlecht - Total",6808,4528,5421,8859,11552
"2016","Schweiz","Schweizer/innen","Berufliche Stellung - Total","Frauen",6202,4248,4933,7836,9847
"2016","Schweiz","Schweizer/innen","Berufliche Stellung - Total","Männer",7290,4892,5841,9640,12573
"2016","Schweiz","Schweizer/innen","Oberes und mittleres Kader","Geschlecht - Total",10136,6105,7751,13235,17659
"2016","Schweiz","Schweizer/innen","Oberes und mittleres Kader","Frauen",8665,5220,6695,11128,14168
"2016","Schweiz","Schweizer/innen","Oberes und mittleres Kader","Männer",10729,6500,8222,13982,18746
"2016","Schweiz","Schweizer/innen","Unteres Kader","Geschlecht - Total",8300,5364,6627,10394,12586
"2016","Schweiz","Schweizer/innen","Unteres Kader","Frauen",7469,4745,5898,9279,11347
"2016","Schweiz","Schweizer/innen","Unteres Kader","Männer",8782,5840,7046,10847,13065
"2016","Schweiz","Schweizer/innen","Verantwortlich für die Ausführung der Arbeiten","Geschlecht - Total",7060,4855,5848,8754,10746
"2016","Schweiz","Schweizer/innen","Verantwortlich für die Ausführung der Arbeiten","Frauen",6496,4426,5200,7969,9700
"2016","Schweiz","Schweizer/innen","Verantwortlich für die Ausführung der Arbeiten","Männer",7409,5325,6204,9188,11205
"2016","Schweiz","Schweizer/innen","Ohne Kaderfunktion","Geschlecht - Total",6190,4352,5079,7625,9449
"2016","Schweiz","Schweizer/innen","Ohne Kaderfunktion","Frauen",5848,4164,4752,7220,8806
"2016","Schweiz","Schweizer/innen","Ohne Kaderfunktion","Männer",6472,4638,5402,7998,9979
"2016","Schweiz","Ausländer/innen","Berufliche Stellung - Total","Geschlecht - Total",5893,3974,4718,7748,10970
"2016","Schweiz","Ausländer/innen","Berufliche Stellung - Total","Frauen",5377,3658,4281,7408,9886
"2016","Schweiz","Ausländer/innen","Berufliche Stellung - Total","Männer",6081,4236,4999,7972,11552
"2016","Schweiz","Ausländer/innen","Oberes und mittleres Kader","Geschlecht - Total",11213,5786,7812,16311,23695
"2016","Schweiz","Ausländer/innen","Oberes und mittleres Kader","Frauen",9896,5179,7000,14264,19495
"2016","Schweiz","Ausländer/innen","Oberes und mittleres Kader","Männer",11810,6105,8183,17143,25247
"2016","Schweiz","Ausländer/innen","Unteres Kader","Geschlecht - Total",8415,4964,6292,11116,13917
"2016","Schweiz","Ausländer/innen","Unteres Kader","Frauen",7907,4625,5881,10575,13208
"2016","Schweiz","Ausländer/innen","Unteres Kader","Männer",8685,5255,6489,11381,14250
"2016","Schweiz","Ausländer/innen","Verantwortlich für die Ausführung der Arbeiten","Geschlecht - Total",6756,4516,5449,8717,11299
"2016","Schweiz","Ausländer/innen","Verantwortlich für die Ausführung der Arbeiten","Frauen",6447,4140,4944,8532,10725
"2016","Schweiz","Ausländer/innen","Verantwortlich für die Ausführung der Arbeiten","Männer",6872,4770,5659,8795,11578
"2016","Schweiz","Ausländer/innen","Ohne Kaderfunktion","Geschlecht - Total",5481,3837,4497,6757,8528
"2016","Schweiz","Ausländer/innen","Ohne Kaderfunktion","Frauen",4980,3569,4133,6609,8333
"2016","Schweiz","Ausländer/innen","Ohne Kaderfunktion","Männer",5666,4092,4778,6826,8660
"2016","Schweiz","> Kurzaufenthalter/innen (Kat. L)","Berufliche Stellung - Total","Geschlecht - Total",5191,3500,4091,6447,8126
"2016","Schweiz","> Kurzaufenthalter/innen (Kat. L)","Berufliche Stellung - Total","Frauen",4366,3287,3714,6300,7962
"2016","Schweiz","> Kurzaufenthalter/innen (Kat. L)","Berufliche Stellung - Total","Männer",5400,3685,4370,6485,8190
"2016","Schweiz","> Kurzaufenthalter/innen (Kat. L)","Oberes und mittleres Kader","Geschlecht - Total",8662,4652,6461,15840,18407
"2016","Schweiz","> Kurzaufenthalter/innen (Kat. L)","Oberes und mittleres Kader","Frauen",6548,4474,5674,8444,14964
"2016","Schweiz","> Kurzaufenthalter/innen (Kat. L)","Oberes und mittleres Kader","Männer",10806,4652,6688,16299,20028
"2016","Schweiz","> Kurzaufenthalter/innen (Kat. L)","Unteres Kader","Geschlecht - Total",6302,3882,4594,9840,12468
"2016","Schweiz","> Kurzaufenthalter/innen (Kat. L)","Unteres Kader","Frauen",5925,3810,4179,8122,11827
"2016","Schweiz","> Kurzaufenthalter/innen (Kat. L)","Unteres Kader","Männer",6426,3977,4835,10344,12700
"2016","Schweiz","> Kurzaufenthalter/innen (Kat. L)","Verantwortlich für die Ausführung der Arbeiten","Geschlecht - Total",5519,3568,4234,7500,9844
"2016","Schweiz","> Kurzaufenthalter/innen (Kat. L)","Verantwortlich für die Ausführung der Arbeiten","Frauen",5767,3772,4178,7500,9506
"2016","Schweiz","> Kurzaufenthalter/innen (Kat. L)","Verantwortlich für die Ausführung der Arbeiten","Männer",5290,3442,4418,7697,10101
"2016","Schweiz","> Kurzaufenthalter/innen (Kat. L)","Ohne Kaderfunktion","Geschlecht - Total",5054,3485,4039,6190,7308
"2016","Schweiz","> Kurzaufenthalter/innen (Kat. L)","Ohne Kaderfunktion","Frauen",4217,3227,3617,5904,7343
"2016","Schweiz","> Kurzaufenthalter/innen (Kat. L)","Ohne Kaderfunktion","Männer",5320,3674,4286,6259,7303
"2016","Schweiz","> Aufenthalter/innen (Kat. B)","Berufliche Stellung - Total","Geschlecht - Total",5641,3810,4436,7750,11342
"2016","Schweiz","> Aufenthalter/innen (Kat. B)","Berufliche Stellung - Total","Frauen",5464,3569,4155,7496,10089
"2016","Schweiz","> Aufenthalter/innen (Kat. B)","Berufliche Stellung - Total","Männer",5698,3971,4628,7974,12096
"2016","Schweiz","> Aufenthalter/innen (Kat. B)","Oberes und mittleres Kader","Geschlecht - Total",12247,5882,8000,18678,28443
"2016","Schweiz","> Aufenthalter/innen (Kat. B)","Oberes und mittleres Kader","Frauen",10225,5477,7275,15199,22093
"2016","Schweiz","> Aufenthalter/innen (Kat. B)","Oberes und mittleres Kader","Männer",13274,6036,8646,20296,30533
"2016","Schweiz","> Aufenthalter/innen (Kat. B)","Unteres Kader","Geschlecht - Total",8727,4762,6263,11585,14711
"2016","Schweiz","> Aufenthalter/innen (Kat. B)","Unteres Kader","Frauen",7960,4615,5882,10711,13374
"2016","Schweiz","> Aufenthalter/innen (Kat. B)","Unteres Kader","Männer",9191,4946,6503,11953,15417
"2016","Schweiz","> Aufenthalter/innen (Kat. B)","Verantwortlich für die Ausführung der Arbeiten","Geschlecht - Total",7000,4424,5378,9474,13213
"2016","Schweiz","> Aufenthalter/innen (Kat. B)","Verantwortlich für die Ausführung der Arbeiten","Frauen",6711,4119,4950,9028,11054
"2016","Schweiz","> Aufenthalter/innen (Kat. B)","Verantwortlich für die Ausführung der Arbeiten","Männer",7172,4706,5607,9945,15010
"2016","Schweiz","> Aufenthalter/innen (Kat. B)","Ohne Kaderfunktion","Geschlecht - Total",5161,3685,4237,6622,8524
"2016","Schweiz","> Aufenthalter/innen (Kat. B)","Ohne Kaderfunktion","Frauen",4891,3514,4007,6692,8328
"2016","Schweiz","> Aufenthalter/innen (Kat. B)","Ohne Kaderfunktion","Männer",5266,3860,4420,6561,8681
"2016","Schweiz","> Niedergelassene (Kat. C)","Berufliche Stellung - Total","Geschlecht - Total",5951,4142,4846,7745,11130
"2016","Schweiz","> Niedergelassene (Kat. C)","Berufliche Stellung - Total","Frauen",5233,3765,4332,7257,9940
"2016","Schweiz","> Niedergelassene (Kat. C)","Berufliche Stellung - Total","Männer",6212,4527,5244,8051,11796
"2016","Schweiz","> Niedergelassene (Kat. C)","Oberes und mittleres Kader","Geschlecht - Total",11107,5771,7835,16030,23038
"2016","Schweiz","> Niedergelassene (Kat. C)","Oberes und mittleres Kader","Frauen",10045,5150,7000,14036,19093
"2016","Schweiz","> Niedergelassene (Kat. C)","Oberes und mittleres Kader","Männer",11532,6100,8155,16730,24869
"2016","Schweiz","> Niedergelassene (Kat. C)","Unteres Kader","Geschlecht - Total",8559,5151,6423,11250,14002
"2016","Schweiz","> Niedergelassene (Kat. C)","Unteres Kader","Frauen",8025,4660,6012,10699,13281
"2016","Schweiz","> Niedergelassene (Kat. C)","Unteres Kader","Männer",8822,5424,6608,11481,14280
"2016","Schweiz","> Niedergelassene (Kat. C)","Verantwortlich für die Ausführung der Arbeiten","Geschlecht - Total",6756,4636,5533,8564,11147
"2016","Schweiz","> Niedergelassene (Kat. C)","Verantwortlich für die Ausführung der Arbeiten","Frauen",6322,4185,4951,8352,10815
"2016","Schweiz","> Niedergelassene (Kat. C)","Verantwortlich für die Ausführung der Arbeiten","Männer",6916,4988,5863,8647,11308
"2016","Schweiz","> Niedergelassene (Kat. C)","Ohne Kaderfunktion","Geschlecht - Total",5550,4015,4640,6701,8397
"2016","Schweiz","> Niedergelassene (Kat. C)","Ohne Kaderfunktion","Frauen",4908,3677,4200,6344,8161
"2016","Schweiz","> Niedergelassene (Kat. C)","Ohne Kaderfunktion","Männer",5819,4383,5022,6845,8563
"2016","Schweiz","> Grenzgänger/innen (Kat. G)","Berufliche Stellung - Total","Geschlecht - Total",6086,3986,4862,7891,10511
"2016","Schweiz","> Grenzgänger/innen (Kat. G)","Berufliche Stellung - Total","Frauen",5759,3583,4410,7617,9690
"2016","Schweiz","> Grenzgänger/innen (Kat. G)","Berufliche Stellung - Total","Männer",6190,4233,5061,8041,10933
"2016","Schweiz","> Grenzgänger/innen (Kat. G)","Oberes und mittleres Kader","Geschlecht - Total",10750,5830,7685,15364,20165
"2016","Schweiz","> Grenzgänger/innen (Kat. G)","Oberes und mittleres Kader","Frauen",9000,5055,6892,13519,18051
"2016","Schweiz","> Grenzgänger/innen (Kat. G)","Oberes und mittleres Kader","Männer",11243,6241,8123,15720,20705
"2016","Schweiz","> Grenzgänger/innen (Kat. G)","Unteres Kader","Geschlecht - Total",8037,5105,6150,10519,13191
"2016","Schweiz","> Grenzgänger/innen (Kat. G)","Unteres Kader","Frauen",7700,4683,5768,10123,12493
"2016","Schweiz","> Grenzgänger/innen (Kat. G)","Unteres Kader","Männer",8172,5300,6289,10649,13479
"2016","Schweiz","> Grenzgänger/innen (Kat. G)","Verantwortlich für die Ausführung der Arbeiten","Geschlecht - Total",6663,4448,5402,8407,10481
"2016","Schweiz","> Grenzgänger/innen (Kat. G)","Verantwortlich für die Ausführung der Arbeiten","Frauen",6413,4024,4976,8290,10200
"2016","Schweiz","> Grenzgänger/innen (Kat. G)","Verantwortlich für die Ausführung der Arbeiten","Männer",6730,4681,5533,8454,10606
"2016","Schweiz","> Grenzgänger/innen (Kat. G)","Ohne Kaderfunktion","Geschlecht - Total",5694,3829,4634,7077,8858
"2016","Schweiz","> Grenzgänger/innen (Kat. G)","Ohne Kaderfunktion","Frauen",5390,3496,4240,7067,8759
"2016","Schweiz","> Grenzgänger/innen (Kat. G)","Ohne Kaderfunktion","Männer",5796,4065,4832,7079,8905
"2016","Schweiz","> Andere","Berufliche Stellung - Total","Geschlecht - Total",4762,3455,3835,6659,9410
"2016","Schweiz","> Andere","Berufliche Stellung - Total","Frauen",4949,3337,3921,6845,9583
"2016","Schweiz","> Andere","Berufliche Stellung - Total","Männer",4670,3485,3816,6507,9409
"2016","Schweiz","> Andere","Oberes und mittleres Kader","Geschlecht - Total",11668,5541,6980,18420,34504
"2016","Schweiz","> Andere","Oberes und mittleres Kader","Frauen",9071,4632,5800,14584,28140
"2016","Schweiz","> Andere","Oberes und mittleres Kader","Männer",12787,5541,7940,22741,38031
"2016","Schweiz","> Andere","Unteres Kader","Geschlecht - Total",7293,4385,5474,10677,13877
"2016","Schweiz","> Andere","Unteres Kader","Frauen",,,,,
"2016","Schweiz","> Andere","Unteres Kader","Männer",7037,4220,5474,9693,13621
"2016","Schweiz","> Andere","Verantwortlich für die Ausführung der Arbeiten","Geschlecht - Total",7165,3487,4951,9220,12170
"2016","Schweiz","> Andere","Verantwortlich für die Ausführung der Arbeiten","Frauen",,,,,
"2016","Schweiz","> Andere","Verantwortlich für die Ausführung der Arbeiten","Männer",7397,4190,5630,9409,12917
"2016","Schweiz","> Andere","Ohne Kaderfunktion","Geschlecht - Total",4377,3429,3740,5715,7490
"2016","Schweiz","> Andere","Ohne Kaderfunktion","Frauen",4560,3301,3835,6171,7758
"2016","Schweiz","> Andere","Ohne Kaderfunktion","Männer",4323,3455,3698,5509,7231
"2016","Région lémanique","Schweizer/innen und Ausländer/innen - Total","Berufliche Stellung - Total","Geschlecht - Total",6591,4205,5143,8754,11765
"2016","Région lémanique","Schweizer/innen und Ausländer/innen - Total","Berufliche Stellung - Total","Frauen",6329,3971,4836,8193,10441
"2016","Région lémanique","Schweizer/innen und Ausländer/innen - Total","Berufliche Stellung - Total","Männer",6770,4435,5346,9245,12725
"2016","Région lémanique","Schweizer/innen und Ausländer/innen - Total","Oberes und mittleres Kader","Geschlecht - Total",11048,5782,7829,15286,21815
"2016","Région lémanique","Schweizer/innen und Ausländer/innen - Total","Oberes und mittleres Kader","Frauen",9617,5000,6908,13360,17870
"2016","Région lémanique","Schweizer/innen und Ausländer/innen - Total","Oberes und mittleres Kader","Männer",11603,6129,8252,16005,22942
"2016","Région lémanique","Schweizer/innen und Ausländer/innen - Total","Unteres Kader","Geschlecht - Total",8831,5384,6798,11265,14227
"2016","Région lémanique","Schweizer/innen und Ausländer/innen - Total","Unteres Kader","Frauen",8193,4979,6386,10599,13196
"2016","Région lémanique","Schweizer/innen und Ausländer/innen - Total","Unteres Kader","Männer",9192,5769,7185,11644,14728
"2016","Région lémanique","Schweizer/innen und Ausländer/innen - Total","Verantwortlich für die Ausführung der Arbeiten","Geschlecht - Total",7285,4767,5811,9185,11585
"2016","Région lémanique","Schweizer/innen und Ausländer/innen - Total","Verantwortlich für die Ausführung der Arbeiten","Frauen",7000,4435,5490,8952,11252
"2016","Région lémanique","Schweizer/innen und Ausländer/innen - Total","Verantwortlich für die Ausführung der Arbeiten","Männer",7414,4997,5974,9304,11719
"2016","Région lémanique","Schweizer/innen und Ausländer/innen - Total","Ohne Kaderfunktion","Geschlecht - Total",6000,4022,4819,7526,9336
"2016","Région lémanique","Schweizer/innen und Ausländer/innen - Total","Ohne Kaderfunktion","Frauen",5939,3872,4612,7519,9148
"2016","Région lémanique","Schweizer/innen und Ausländer/innen - Total","Ohne Kaderfunktion","Männer",6047,4203,4970,7532,9549
"2016","Région lémanique","Schweizer/innen","Berufliche Stellung - Total","Geschlecht - Total",7059,4539,5536,9195,12074
"2016","Région lémanique","Schweizer/innen","Berufliche Stellung - Total","Frauen",6620,4256,5193,8417,10598
"2016","Région lémanique","Schweizer/innen","Berufliche Stellung - Total","Männer",7485,4853,5854,10000,13190
"2016","Région lémanique","Schweizer/innen","Oberes und mittleres Kader","Geschlecht - Total",10840,5854,7798,14550,20099
"2016","Région lémanique","Schweizer/innen","Oberes und mittleres Kader","Frauen",9289,4865,6717,12803,16809
"2016","Région lémanique","Schweizer/innen","Oberes und mittleres Kader","Männer",11377,6266,8252,15108,21093
"2016","Région lémanique","Schweizer/innen","Unteres Kader","Geschlecht - Total",8892,5558,6979,11106,13580
"2016","Région lémanique","Schweizer/innen","Unteres Kader","Frauen",8196,5000,6423,10410,12875
"2016","Région lémanique","Schweizer/innen","Unteres Kader","Männer",9232,6065,7483,11412,13955
"2016","Région lémanique","Schweizer/innen","Verantwortlich für die Ausführung der Arbeiten","Geschlecht - Total",7465,4963,6003,9278,11600
"2016","Région lémanique","Schweizer/innen","Verantwortlich für die Ausführung der Arbeiten","Frauen",7001,4583,5598,8782,11198
"2016","Région lémanique","Schweizer/innen","Verantwortlich für die Ausführung der Arbeiten","Männer",7789,5326,6325,9488,11788
"2016","Région lémanique","Schweizer/innen","Ohne Kaderfunktion","Geschlecht - Total",6459,4346,5191,8036,9827
"2016","Région lémanique","Schweizer/innen","Ohne Kaderfunktion","Frauen",6321,4176,5015,7848,9394
"2016","Région lémanique","Schweizer/innen","Ohne Kaderfunktion","Männer",6607,4595,5381,8241,10334
"2016","Région lémanique","Ausländer/innen","Berufliche Stellung - Total","Geschlecht - Total",6039,3947,4745,7997,11180
"2016","Région lémanique","Ausländer/innen","Berufliche Stellung - Total","Frauen",5800,3725,4373,7783,10150
"2016","Région lémanique","Ausländer/innen","Berufliche Stellung - Total","Männer",6148,4151,4952,8168,11900
"2016","Région lémanique","Ausländer/innen","Oberes und mittleres Kader","Geschlecht - Total",11640,5649,7927,16878,24929
"2016","Région lémanique","Ausländer/innen","Oberes und mittleres Kader","Frauen",10162,5150,7379,14482,19956
"2016","Région lémanique","Ausländer/innen","Oberes und mittleres Kader","Männer",12248,5983,8248,18018,26854
"2016","Région lémanique","Ausländer/innen","Unteres Kader","Geschlecht - Total",8755,5236,6631,11550,15053
"2016","Région lémanique","Ausländer/innen","Unteres Kader","Frauen",8169,4914,6356,10780,13594
"2016","Région lémanique","Ausländer/innen","Unteres Kader","Männer",9029,5480,6802,12049,15822
"2016","Région lémanique","Ausländer/innen","Verantwortlich für die Ausführung der Arbeiten","Geschlecht - Total",7000,4596,5556,9053,11549
"2016","Région lémanique","Ausländer/innen","Verantwortlich für die Ausführung der Arbeiten","Frauen",7000,4222,5277,9228,11343
"2016","Région lémanique","Ausländer/innen","Verantwortlich für die Ausführung der Arbeiten","Männer",6997,4762,5635,8950,11663
"2016","Région lémanique","Ausländer/innen","Ohne Kaderfunktion","Geschlecht - Total",5532,3835,4462,6860,8623
"2016","Région lémanique","Ausländer/innen","Ohne Kaderfunktion","Frauen",5288,3625,4179,6939,8705
"2016","Région lémanique","Ausländer/innen","Ohne Kaderfunktion","Männer",5635,3984,4674,6824,8564
"2016","Région lémanique","> Kurzaufenthalter/innen (Kat. L)","Berufliche Stellung - Total","Geschlecht - Total",4738,3403,3944,6094,7462
"2016","Région lémanique","> Kurzaufenthalter/innen (Kat. L)","Berufliche Stellung - Total","Frauen",4246,3029,3610,5900,7634
"2016","Région lémanique","> Kurzaufenthalter/innen (Kat. L)","Berufliche Stellung - Total","Männer",5079,3593,4154,6120,7375
"2016","Région lémanique","> Kurzaufenthalter/innen (Kat. L)","Oberes und mittleres Kader","Geschlecht - Total",,,,,
"2016","Région lémanique","> Kurzaufenthalter/innen (Kat. L)","Oberes und mittleres Kader","Frauen",,,,,
"2016","Région lémanique","> Kurzaufenthalter/innen (Kat. L)","Oberes und mittleres Kader","Männer",,,,,
"2016","Région lémanique","> Kurzaufenthalter/innen (Kat. L)","Unteres Kader","Geschlecht - Total",6676,3882,4656,10274,10416
"2016","Région lémanique","> Kurzaufenthalter/innen (Kat. L)","Unteres Kader","Frauen",,,,,
"2016","Région lémanique","> Kurzaufenthalter/innen (Kat. L)","Unteres Kader","Männer",,,,,
"2016","Région lémanique","> Kurzaufenthalter/innen (Kat. L)","Verantwortlich für die Ausführung der Arbeiten","Geschlecht - Total",4845,1109,4044,6866,7667
"2016","Région lémanique","> Kurzaufenthalter/innen (Kat. L)","Verantwortlich für die Ausführung der Arbeiten","Frauen",,,,,
"2016","Région lémanique","> Kurzaufenthalter/innen (Kat. L)","Verantwortlich für die Ausführung der Arbeiten","Männer",,,,,
"2016","Région lémanique","> Kurzaufenthalter/innen (Kat. L)","Ohne Kaderfunktion","Geschlecht - Total",4617,3399,3903,5947,6920
"2016","Région lémanique","> Kurzaufenthalter/innen (Kat. L)","Ohne Kaderfunktion","Frauen",4012,2850,3537,5506,7083
"2016","Région lémanique","> Kurzaufenthalter/innen (Kat. L)","Ohne Kaderfunktion","Männer",5048,3686,4134,5985,6872
"2016","Région lémanique","> Aufenthalter/innen (Kat. B)","Berufliche Stellung - Total","Geschlecht - Total",5538,3721,4260,7669,11418
"2016","Région lémanique","> Aufenthalter/innen (Kat. B)","Berufliche Stellung - Total","Frauen",5432,3539,4046,7467,10201
"2016","Région lémanique","> Aufenthalter/innen (Kat. B)","Berufliche Stellung - Total","Männer",5599,3851,4430,7873,12580
"2016","Région lémanique","> Aufenthalter/innen (Kat. B)","Oberes und mittleres Kader","Geschlecht - Total",13022,5777,8166,20300,31070
"2016","Région lémanique","> Aufenthalter/innen (Kat. B)","Oberes und mittleres Kader","Frauen",10345,5714,7643,15340,23582
"2016","Région lémanique","> Aufenthalter/innen (Kat. B)","Oberes und mittleres Kader","Männer",14299,5923,8769,21894,36006
"2016","Région lémanique","> Aufenthalter/innen (Kat. B)","Unteres Kader","Geschlecht - Total",8446,4878,6260,11686,16048
"2016","Région lémanique","> Aufenthalter/innen (Kat. B)","Unteres Kader","Frauen",7690,4462,5774,10694,13295
"2016","Région lémanique","> Aufenthalter/innen (Kat. B)","Unteres Kader","Männer",9000,5152,6664,12639,16934
"2016","Région lémanique","> Aufenthalter/innen (Kat. B)","Verantwortlich für die Ausführung der Arbeiten","Geschlecht - Total",6873,4302,5305,9374,11772
"2016","Région lémanique","> Aufenthalter/innen (Kat. B)","Verantwortlich für die Ausführung der Arbeiten","Frauen",6776,4029,5000,9308,11220
"2016","Région lémanique","> Aufenthalter/innen (Kat. B)","Verantwortlich für die Ausführung der Arbeiten","Männer",6932,4631,5459,9493,12073
"2016","Région lémanique","> Aufenthalter/innen (Kat. B)","Ohne Kaderfunktion","Geschlecht - Total",4976,3613,4053,6370,8284
"2016","Région lémanique","> Aufenthalter/innen (Kat. B)","Ohne Kaderfunktion","Frauen",4804,3494,3888,6534,8208
"2016","Région lémanique","> Aufenthalter/innen (Kat. B)","Ohne Kaderfunktion","Männer",5053,3755,4192,6303,8333
"2016","Région lémanique","> Niedergelassene (Kat. C)","Berufliche Stellung - Total","Geschlecht - Total",6067,4047,4856,7971,11839
"2016","Région lémanique","> Niedergelassene (Kat. C)","Berufliche Stellung - Total","Frauen",5550,3725,4375,7596,10539
"2016","Région lémanique","> Niedergelassene (Kat. C)","Berufliche Stellung - Total","Männer",6263,4391,5165,8252,12761
"2016","Région lémanique","> Niedergelassene (Kat. C)","Oberes und mittleres Kader","Geschlecht - Total",11587,5416,7591,17049,25236
"2016","Région lémanique","> Niedergelassene (Kat. C)","Oberes und mittleres Kader","Frauen",10610,4921,6662,14745,19600
"2016","Région lémanique","> Niedergelassene (Kat. C)","Oberes und mittleres Kader","Männer",12010,5780,7968,18195,28195
"2016","Région lémanique","> Niedergelassene (Kat. C)","Unteres Kader","Geschlecht - Total",9013,5272,6702,12304,16018
"2016","Région lémanique","> Niedergelassene (Kat. C)","Unteres Kader","Frauen",8461,5038,6600,11580,15157
"2016","Région lémanique","> Niedergelassene (Kat. C)","Unteres Kader","Männer",9422,5482,6885,12635,16650
"2016","Région lémanique","> Niedergelassene (Kat. C)","Verantwortlich für die Ausführung der Arbeiten","Geschlecht - Total",7039,4663,5689,9348,12144
"2016","Région lémanique","> Niedergelassene (Kat. C)","Verantwortlich für die Ausführung der Arbeiten","Frauen",7078,4240,5194,9849,11944
"2016","Région lémanique","> Niedergelassene (Kat. C)","Verantwortlich für die Ausführung der Arbeiten","Männer",7000,4894,5873,9105,12237
"2016","Région lémanique","> Niedergelassene (Kat. C)","Ohne Kaderfunktion","Geschlecht - Total",5579,3884,4592,6749,8342
"2016","Région lémanique","> Niedergelassene (Kat. C)","Ohne Kaderfunktion","Frauen",5107,3635,4189,6655,8356
"2016","Région lémanique","> Niedergelassene (Kat. C)","Ohne Kaderfunktion","Männer",5791,4220,4907,6820,8337
"2016","Région lémanique","> Grenzgänger/innen (Kat. G)","Berufliche Stellung - Total","Geschlecht - Total",6391,4250,5076,8300,10649
"2016","Région lémanique","> Grenzgänger/innen (Kat. G)","Berufliche Stellung - Total","Frauen",6371,4025,4889,8225,9952
"2016","Région lémanique","> Grenzgänger/innen (Kat. G)","Berufliche Stellung - Total","Männer",6400,4390,5163,8338,11117
"2016","Région lémanique","> Grenzgänger/innen (Kat. G)","Oberes und mittleres Kader","Geschlecht - Total",10846,6064,8246,15052,20231
"2016","Région lémanique","> Grenzgänger/innen (Kat. G)","Oberes und mittleres Kader","Frauen",9779,5649,7581,13292,17458
"2016","Région lémanique","> Grenzgänger/innen (Kat. G)","Oberes und mittleres Kader","Männer",11463,6500,8483,15636,20833
"2016","Région lémanique","> Grenzgänger/innen (Kat. G)","Unteres Kader","Geschlecht - Total",8718,5499,6802,10938,13608
"2016","Région lémanique","> Grenzgänger/innen (Kat. G)","Unteres Kader","Frauen",8403,5173,6656,10419,12275
"2016","Région lémanique","> Grenzgänger/innen (Kat. G)","Unteres Kader","Männer",8793,5714,6858,11301,14001
"2016","Région lémanique","> Grenzgänger/innen (Kat. G)","Verantwortlich für die Ausführung der Arbeiten","Geschlecht - Total",7058,4762,5601,8773,10776
"2016","Région lémanique","> Grenzgänger/innen (Kat. G)","Verantwortlich für die Ausführung der Arbeiten","Frauen",7091,4493,5602,8890,10496
"2016","Région lémanique","> Grenzgänger/innen (Kat. G)","Verantwortlich für die Ausführung der Arbeiten","Männer",7041,4800,5601,8733,10908
"2016","Région lémanique","> Grenzgänger/innen (Kat. G)","Ohne Kaderfunktion","Geschlecht - Total",5921,4108,4819,7338,9073
"2016","Région lémanique","> Grenzgänger/innen (Kat. G)","Ohne Kaderfunktion","Frauen",6001,3944,4651,7559,9200
"2016","Région lémanique","> Grenzgänger/innen (Kat. G)","Ohne Kaderfunktion","Männer",5871,4237,4899,7203,8958
"2016","Région lémanique","> Andere","Berufliche Stellung - Total","Geschlecht - Total",5452,3535,3990,7495,10677
"2016","Région lémanique","> Andere","Berufliche Stellung - Total","Frauen",6000,3677,4286,7912,10606
"2016","Région lémanique","> Andere","Berufliche Stellung - Total","Männer",5142,3514,3861,6980,10819
"2016","Région lémanique","> Andere","Oberes und mittleres Kader","Geschlecht - Total",11115,5800,6980,13850,24072
"2016","Région lémanique","> Andere","Oberes und mittleres Kader","Frauen",,,,,
"2016","Région lémanique","> Andere","Oberes und mittleres Kader","Männer",,,,,
"2016","Région lémanique","> Andere","Unteres Kader","Geschlecht - Total",9410,5802,7495,11783,15498
"2016","Région lémanique","> Andere","Unteres Kader","Frauen",,,,,
"2016","Région lémanique","> Andere","Unteres Kader","Männer",,,,,
"2016","Région lémanique","> Andere","Verantwortlich für die Ausführung der Arbeiten","Geschlecht - Total",8061,5119,6315,10452,13673
"2016","Région lémanique","> Andere","Verantwortlich für die Ausführung der Arbeiten","Frauen",,,,,
"2016","Région lémanique","> Andere","Verantwortlich für die Ausführung der Arbeiten","Männer",,,,,
"2016","Région lémanique","> Andere","Ohne Kaderfunktion","Geschlecht - Total",4775,3403,3850,6202,7784
"2016","Région lémanique","> Andere","Ohne Kaderfunktion","Frauen",5415,3535,4035,6791,8169
"2016","Région lémanique","> Andere","Ohne Kaderfunktion","Männer",4523,3403,3835,5647,7140
"2016","Espace Mittelland","Schweizer/innen und Ausländer/innen - Total","Berufliche Stellung - Total","Geschlecht - Total",6426,4419,5220,8330,10844
"2016","Espace Mittelland","Schweizer/innen und Ausländer/innen - Total","Berufliche Stellung - Total","Frauen",5907,4147,4766,7445,9424
"2016","Espace Mittelland","Schweizer/innen und Ausländer/innen - Total","Berufliche Stellung - Total","Männer",6785,4721,5559,8917,11592
"2016","Espace Mittelland","Schweizer/innen und Ausländer/innen - Total","Oberes und mittleres Kader","Geschlecht - Total",9620,5773,7317,12597,16046
"2016","Espace Mittelland","Schweizer/innen und Ausländer/innen - Total","Oberes und mittleres Kader","Frauen",8193,4969,6267,10315,13238
"2016","Espace Mittelland","Schweizer/innen und Ausländer/innen - Total","Oberes und mittleres Kader","Männer",10223,6190,7819,13178,16827
"2016","Espace Mittelland","Schweizer/innen und Ausländer/innen - Total","Unteres Kader","Geschlecht - Total",7621,5006,6074,9622,11600
"2016","Espace Mittelland","Schweizer/innen und Ausländer/innen - Total","Unteres Kader","Frauen",6951,4582,5494,8731,10766
"2016","Espace Mittelland","Schweizer/innen und Ausländer/innen - Total","Unteres Kader","Männer",7964,5301,6437,9946,11996
"2016","Espace Mittelland","Schweizer/innen und Ausländer/innen - Total","Verantwortlich für die Ausführung der Arbeiten","Geschlecht - Total",6899,4884,5830,8476,10466
"2016","Espace Mittelland","Schweizer/innen und Ausländer/innen - Total","Verantwortlich für die Ausführung der Arbeiten","Frauen",6359,4411,5168,7742,9246
"2016","Espace Mittelland","Schweizer/innen und Ausländer/innen - Total","Verantwortlich für die Ausführung der Arbeiten","Männer",7153,5312,6117,8871,10853
"2016","Espace Mittelland","Schweizer/innen und Ausländer/innen - Total","Ohne Kaderfunktion","Geschlecht - Total",5956,4280,4948,7328,9270
"2016","Espace Mittelland","Schweizer/innen und Ausländer/innen - Total","Ohne Kaderfunktion","Frauen",5546,4069,4598,6817,8380
"2016","Espace Mittelland","Schweizer/innen und Ausländer/innen - Total","Ohne Kaderfunktion","Männer",6196,4523,5250,7695,9784
"2016","Espace Mittelland","Schweizer/innen","Berufliche Stellung - Total","Geschlecht - Total",6692,4587,5444,8637,11075
"2016","Espace Mittelland","Schweizer/innen","Berufliche Stellung - Total","Frauen",6081,4303,4949,7610,9505
"2016","Espace Mittelland","Schweizer/innen","Berufliche Stellung - Total","Männer",7141,4950,5822,9299,11914
"2016","Espace Mittelland","Schweizer/innen","Oberes und mittleres Kader","Geschlecht - Total",9612,5860,7363,12511,15688
"2016","Espace Mittelland","Schweizer/innen","Oberes und mittleres Kader","Frauen",8201,5000,6332,10237,12999
"2016","Espace Mittelland","Schweizer/innen","Oberes und mittleres Kader","Männer",10194,6272,7862,13051,16416
"2016","Espace Mittelland","Schweizer/innen","Unteres Kader","Geschlecht - Total",7718,5184,6232,9667,11591
"2016","Espace Mittelland","Schweizer/innen","Unteres Kader","Frauen",6954,4615,5604,8665,10641
"2016","Espace Mittelland","Schweizer/innen","Unteres Kader","Männer",8126,5559,6603,10001,12078
"2016","Espace Mittelland","Schweizer/innen","Verantwortlich für die Ausführung der Arbeiten","Geschlecht - Total",6978,4950,5882,8579,10476
"2016","Espace Mittelland","Schweizer/innen","Verantwortlich für die Ausführung der Arbeiten","Frauen",6377,4440,5185,7733,9174
"2016","Espace Mittelland","Schweizer/innen","Verantwortlich für die Ausführung der Arbeiten","Männer",7290,5452,6206,8996,10943
"2016","Espace Mittelland","Schweizer/innen","Ohne Kaderfunktion","Geschlecht - Total",6149,4435,5139,7609,9518
"2016","Espace Mittelland","Schweizer/innen","Ohne Kaderfunktion","Frauen",5751,4223,4766,6980,8545
"2016","Espace Mittelland","Schweizer/innen","Ohne Kaderfunktion","Männer",6492,4713,5466,8110,10141
"2016","Espace Mittelland","Ausländer/innen","Berufliche Stellung - Total","Geschlecht - Total",5661,4065,4690,7103,9672
"2016","Espace Mittelland","Ausländer/innen","Berufliche Stellung - Total","Frauen",5080,3758,4280,6659,8772
"2016","Espace Mittelland","Ausländer/innen","Berufliche Stellung - Total","Männer",5891,4286,4978,7285,10137
"2016","Espace Mittelland","Ausländer/innen","Oberes und mittleres Kader","Geschlecht - Total",9742,5179,6918,13387,18544
"2016","Espace Mittelland","Ausländer/innen","Oberes und mittleres Kader","Frauen",8078,4874,6110,10952,14964
"2016","Espace Mittelland","Ausländer/innen","Oberes und mittleres Kader","Männer",10422,5665,7437,14127,19744
"2016","Espace Mittelland","Ausländer/innen","Unteres Kader","Geschlecht - Total",7120,4574,5380,9431,11656
"2016","Espace Mittelland","Ausländer/innen","Unteres Kader","Frauen",6929,4391,4994,9077,11277
"2016","Espace Mittelland","Ausländer/innen","Unteres Kader","Männer",7221,4647,5472,9531,11746
"2016","Espace Mittelland","Ausländer/innen","Verantwortlich für die Ausführung der Arbeiten","Geschlecht - Total",6551,4666,5569,8015,10284
"2016","Espace Mittelland","Ausländer/innen","Verantwortlich für die Ausführung der Arbeiten","Frauen",6195,4213,4984,7871,9641
"2016","Espace Mittelland","Ausländer/innen","Verantwortlich für die Ausführung der Arbeiten","Männer",6676,4927,5771,8111,10463
"2016","Espace Mittelland","Ausländer/innen","Ohne Kaderfunktion","Geschlecht - Total",5416,3941,4533,6491,8139
"2016","Espace Mittelland","Ausländer/innen","Ohne Kaderfunktion","Frauen",4847,3685,4177,6056,7698
"2016","Espace Mittelland","Ausländer/innen","Ohne Kaderfunktion","Männer",5637,4201,4849,6645,8339
"2016","Espace Mittelland","> Kurzaufenthalter/innen (Kat. L)","Berufliche Stellung - Total","Geschlecht - Total",5410,3491,4093,6673,7568
"2016","Espace Mittelland","> Kurzaufenthalter/innen (Kat. L)","Berufliche Stellung - Total","Frauen",4330,3261,3783,6496,7543
"2016","Espace Mittelland","> Kurzaufenthalter/innen (Kat. L)","Berufliche Stellung - Total","Männer",5539,3762,4273,6688,7568
"2016","Espace Mittelland","> Kurzaufenthalter/innen (Kat. L)","Oberes und mittleres Kader","Geschlecht - Total",,,,,
"2016","Espace Mittelland","> Kurzaufenthalter/innen (Kat. L)","Oberes und mittleres Kader","Frauen",,,,,
"2016","Espace Mittelland","> Kurzaufenthalter/innen (Kat. L)","Oberes und mittleres Kader","Männer",,,,,
"2016","Espace Mittelland","> Kurzaufenthalter/innen (Kat. L)","Unteres Kader","Geschlecht - Total",,,,,
"2016","Espace Mittelland","> Kurzaufenthalter/innen (Kat. L)","Unteres Kader","Frauen",,,,,
"2016","Espace Mittelland","> Kurzaufenthalter/innen (Kat. L)","Unteres Kader","Männer",,,,,
"2016","Espace Mittelland","> Kurzaufenthalter/innen (Kat. L)","Verantwortlich für die Ausführung der Arbeiten","Geschlecht - Total",,,,,
"2016","Espace Mittelland","> Kurzaufenthalter/innen (Kat. L)","Verantwortlich für die Ausführung der Arbeiten","Frauen",,,,,
"2016","Espace Mittelland","> Kurzaufenthalter/innen (Kat. L)","Verantwortlich für die Ausführung der Arbeiten","Männer",,,,,
"2016","Espace Mittelland","> Kurzaufenthalter/innen (Kat. L)","Ohne Kaderfunktion","Geschlecht - Total",5191,3459,3958,6274,7122
"2016","Espace Mittelland","> Kurzaufenthalter/innen (Kat. L)","Ohne Kaderfunktion","Frauen",4127,2906,3661,6120,7291
"2016","Espace Mittelland","> Kurzaufenthalter/innen (Kat. L)","Ohne Kaderfunktion","Männer",5413,3685,4230,6302,7122
"2016","Espace Mittelland","> Aufenthalter/innen (Kat. B)","Berufliche Stellung - Total","Geschlecht - Total",5250,3750,4330,6898,9494
"2016","Espace Mittelland","> Aufenthalter/innen (Kat. B)","Berufliche Stellung - Total","Frauen",4998,3552,4117,6884,8924
"2016","Espace Mittelland","> Aufenthalter/innen (Kat. B)","Berufliche Stellung - Total","Männer",5353,3937,4513,6912,9801
"2016","Espace Mittelland","> Aufenthalter/innen (Kat. B)","Oberes und mittleres Kader","Geschlecht - Total",10057,5158,7230,14488,23495
"2016","Espace Mittelland","> Aufenthalter/innen (Kat. B)","Oberes und mittleres Kader","Frauen",8835,5134,6118,12126,18090
"2016","Espace Mittelland","> Aufenthalter/innen (Kat. B)","Oberes und mittleres Kader","Männer",10820,5158,7925,15395,26947
"2016","Espace Mittelland","> Aufenthalter/innen (Kat. B)","Unteres Kader","Geschlecht - Total",6972,4313,4991,9839,12404
"2016","Espace Mittelland","> Aufenthalter/innen (Kat. B)","Unteres Kader","Frauen",7113,4382,5236,9550,12386
"2016","Espace Mittelland","> Aufenthalter/innen (Kat. B)","Unteres Kader","Männer",6823,4298,4906,9881,12503
"2016","Espace Mittelland","> Aufenthalter/innen (Kat. B)","Verantwortlich für die Ausführung der Arbeiten","Geschlecht - Total",6314,4281,5261,7960,10450
"2016","Espace Mittelland","> Aufenthalter/innen (Kat. B)","Verantwortlich für die Ausführung der Arbeiten","Frauen",6188,4185,5209,7564,10014
"2016","Espace Mittelland","> Aufenthalter/innen (Kat. B)","Verantwortlich für die Ausführung der Arbeiten","Männer",6316,4467,5292,8158,10573
"2016","Espace Mittelland","> Aufenthalter/innen (Kat. B)","Ohne Kaderfunktion","Geschlecht - Total",5000,3648,4215,6151,8021
"2016","Espace Mittelland","> Aufenthalter/innen (Kat. B)","Ohne Kaderfunktion","Frauen",4641,3514,3983,6166,7934
"2016","Espace Mittelland","> Aufenthalter/innen (Kat. B)","Ohne Kaderfunktion","Männer",5122,3791,4375,6135,8089
"2016","Espace Mittelland","> Niedergelassene (Kat. C)","Berufliche Stellung - Total","Geschlecht - Total",5772,4224,4830,7150,9919
"2016","Espace Mittelland","> Niedergelassene (Kat. C)","Berufliche Stellung - Total","Frauen",5088,3820,4349,6622,8911
"2016","Espace Mittelland","> Niedergelassene (Kat. C)","Berufliche Stellung - Total","Männer",6055,4547,5214,7382,10421
"2016","Espace Mittelland","> Niedergelassene (Kat. C)","Oberes und mittleres Kader","Geschlecht - Total",9667,5097,6800,13238,17961
"2016","Espace Mittelland","> Niedergelassene (Kat. C)","Oberes und mittleres Kader","Frauen",7862,4762,5771,11000,14618
"2016","Espace Mittelland","> Niedergelassene (Kat. C)","Oberes und mittleres Kader","Männer",10407,5478,7396,13884,18835
"2016","Espace Mittelland","> Niedergelassene (Kat. C)","Unteres Kader","Geschlecht - Total",6982,4683,5380,9380,11470
"2016","Espace Mittelland","> Niedergelassene (Kat. C)","Unteres Kader","Frauen",6745,4398,4930,8838,11084
"2016","Espace Mittelland","> Niedergelassene (Kat. C)","Unteres Kader","Männer",7142,4866,5621,9640,11726
"2016","Espace Mittelland","> Niedergelassene (Kat. C)","Verantwortlich für die Ausführung der Arbeiten","Geschlecht - Total",6669,4793,5725,8118,10355
"2016","Espace Mittelland","> Niedergelassene (Kat. C)","Verantwortlich für die Ausführung der Arbeiten","Frauen",6403,4351,4924,8148,9793
"2016","Espace Mittelland","> Niedergelassene (Kat. C)","Verantwortlich für die Ausführung der Arbeiten","Männer",6766,5210,5925,8112,10508
"2016","Espace Mittelland","> Niedergelassene (Kat. C)","Ohne Kaderfunktion","Geschlecht - Total",5536,4125,4690,6546,8206
"2016","Espace Mittelland","> Niedergelassene (Kat. C)","Ohne Kaderfunktion","Frauen",4883,3765,4267,6016,7703
"2016","Espace Mittelland","> Niedergelassene (Kat. C)","Ohne Kaderfunktion","Männer",5800,4435,5072,6734,8456
"2016","Espace Mittelland","> Grenzgänger/innen (Kat. G)","Berufliche Stellung - Total","Geschlecht - Total",5862,4174,4883,7229,9364
"2016","Espace Mittelland","> Grenzgänger/innen (Kat. G)","Berufliche Stellung - Total","Frauen",5199,3919,4430,6453,8073
"2016","Espace Mittelland","> Grenzgänger/innen (Kat. G)","Berufliche Stellung - Total","Männer",6125,4421,5146,7502,9852
"2016","Espace Mittelland","> Grenzgänger/innen (Kat. G)","Oberes und mittleres Kader","Geschlecht - Total",9793,6239,7376,12835,16949
"2016","Espace Mittelland","> Grenzgänger/innen (Kat. G)","Oberes und mittleres Kader","Frauen",8003,5978,6822,9411,12696
"2016","Espace Mittelland","> Grenzgänger/innen (Kat. G)","Oberes und mittleres Kader","Männer",10592,6288,7973,13794,17920
"2016","Espace Mittelland","> Grenzgänger/innen (Kat. G)","Unteres Kader","Geschlecht - Total",7704,5137,6554,9100,11027
"2016","Espace Mittelland","> Grenzgänger/innen (Kat. G)","Unteres Kader","Frauen",7624,4492,5444,8573,10231
"2016","Espace Mittelland","> Grenzgänger/innen (Kat. G)","Unteres Kader","Männer",7752,5451,6653,9238,11220
"2016","Espace Mittelland","> Grenzgänger/innen (Kat. G)","Verantwortlich für die Ausführung der Arbeiten","Geschlecht - Total",6418,4839,5569,7681,9642
"2016","Espace Mittelland","> Grenzgänger/innen (Kat. G)","Verantwortlich für die Ausführung der Arbeiten","Frauen",5827,4044,4798,6794,8251
"2016","Espace Mittelland","> Grenzgänger/innen (Kat. G)","Verantwortlich für die Ausführung der Arbeiten","Männer",6634,4955,5714,7923,9988
"2016","Espace Mittelland","> Grenzgänger/innen (Kat. G)","Ohne Kaderfunktion","Geschlecht - Total",5599,4079,4742,6722,8200
"2016","Espace Mittelland","> Grenzgänger/innen (Kat. G)","Ohne Kaderfunktion","Frauen",5026,3848,4352,6044,7332
"2016","Espace Mittelland","> Grenzgänger/innen (Kat. G)","Ohne Kaderfunktion","Männer",5849,4282,4975,7003,8557
"2016","Espace Mittelland","> Andere","Berufliche Stellung - Total","Geschlecht - Total",4534,3439,3703,6240,8424
"2016","Espace Mittelland","> Andere","Berufliche Stellung - Total","Frauen",4596,3386,3947,6585,8684
"2016","Espace Mittelland","> Andere","Berufliche Stellung - Total","Männer",4343,3439,3639,6092,8178
"2016","Espace Mittelland","> Andere","Oberes und mittleres Kader","Geschlecht - Total",,,,,
"2016","Espace Mittelland","> Andere","Oberes und mittleres Kader","Frauen",,,,,
"2016","Espace Mittelland","> Andere","Oberes und mittleres Kader","Männer",,,,,
"2016","Espace Mittelland","> Andere","Unteres Kader","Geschlecht - Total",,,,,
"2016","Espace Mittelland","> Andere","Unteres Kader","Frauen",,,,,
"2016","Espace Mittelland","> Andere","Unteres Kader","Männer",,,,,
"2016","Espace Mittelland","> Andere","Verantwortlich für die Ausführung der Arbeiten","Geschlecht - Total",,,,,
"2016","Espace Mittelland","> Andere","Verantwortlich für die Ausführung der Arbeiten","Frauen",,,,,
"2016","Espace Mittelland","> Andere","Verantwortlich für die Ausführung der Arbeiten","Männer",,,,,
"2016","Espace Mittelland","> Andere","Ohne Kaderfunktion","Geschlecht - Total",4387,3439,3670,5630,7314
"2016","Espace Mittelland","> Andere","Ohne Kaderfunktion","Frauen",4534,3386,3804,5872,7100
"2016","Espace Mittelland","> Andere","Ohne Kaderfunktion","Männer",4310,3460,3639,5551,7386
"2016","Nordwestschweiz","Schweizer/innen und Ausländer/innen - Total","Berufliche Stellung - Total","Geschlecht - Total",6700,4456,5329,8833,11830
"2016","Nordwestschweiz","Schweizer/innen und Ausländer/innen - Total","Berufliche Stellung - Total","Frauen",6220,4179,4865,7910,10420
"2016","Nordwestschweiz","Schweizer/innen und Ausländer/innen - Total","Berufliche Stellung - Total","Männer",7034,4747,5629,9426,12600
"2016","Nordwestschweiz","Schweizer/innen und Ausländer/innen - Total","Oberes und mittleres Kader","Geschlecht - Total",10745,6264,8043,14898,20184
"2016","Nordwestschweiz","Schweizer/innen und Ausländer/innen - Total","Oberes und mittleres Kader","Frauen",9384,5270,6789,13280,17967
"2016","Nordwestschweiz","Schweizer/innen und Ausländer/innen - Total","Oberes und mittleres Kader","Männer",11172,6885,8471,15371,20863
"2016","Nordwestschweiz","Schweizer/innen und Ausländer/innen - Total","Unteres Kader","Geschlecht - Total",8723,5470,6739,11028,13482
"2016","Nordwestschweiz","Schweizer/innen und Ausländer/innen - Total","Unteres Kader","Frauen",7656,4893,6050,10062,12881
"2016","Nordwestschweiz","Schweizer/innen und Ausländer/innen - Total","Unteres Kader","Männer",9148,5861,7137,11332,13763
"2016","Nordwestschweiz","Schweizer/innen und Ausländer/innen - Total","Verantwortlich für die Ausführung der Arbeiten","Geschlecht - Total",7484,5078,6147,9412,11648
"2016","Nordwestschweiz","Schweizer/innen und Ausländer/innen - Total","Verantwortlich für die Ausführung der Arbeiten","Frauen",7084,4622,5671,8667,10624
"2016","Nordwestschweiz","Schweizer/innen und Ausländer/innen - Total","Verantwortlich für die Ausführung der Arbeiten","Männer",7716,5391,6349,9810,12035
"2016","Nordwestschweiz","Schweizer/innen und Ausländer/innen - Total","Ohne Kaderfunktion","Geschlecht - Total",6129,4318,5000,7575,9533
"2016","Nordwestschweiz","Schweizer/innen und Ausländer/innen - Total","Ohne Kaderfunktion","Frauen",5862,4101,4690,7317,9080
"2016","Nordwestschweiz","Schweizer/innen und Ausländer/innen - Total","Ohne Kaderfunktion","Männer",6286,4543,5261,7768,9819
"2016","Nordwestschweiz","Schweizer/innen","Berufliche Stellung - Total","Geschlecht - Total",6892,4570,5499,8920,11591
"2016","Nordwestschweiz","Schweizer/innen","Berufliche Stellung - Total","Frauen",6275,4280,4981,7780,9940
"2016","Nordwestschweiz","Schweizer/innen","Berufliche Stellung - Total","Männer",7438,4951,5973,9722,12546
"2016","Nordwestschweiz","Schweizer/innen","Oberes und mittleres Kader","Geschlecht - Total",10136,6157,7830,13330,17992
"2016","Nordwestschweiz","Schweizer/innen","Oberes und mittleres Kader","Frauen",8571,5157,6447,11262,14705
"2016","Nordwestschweiz","Schweizer/innen","Oberes und mittleres Kader","Männer",10635,6754,8315,14027,18792
"2016","Nordwestschweiz","Schweizer/innen","Unteres Kader","Geschlecht - Total",8457,5470,6681,10519,12691
"2016","Nordwestschweiz","Schweizer/innen","Unteres Kader","Frauen",7301,4886,5913,9159,11382
"2016","Nordwestschweiz","Schweizer/innen","Unteres Kader","Männer",9075,5919,7221,11014,13147
"2016","Nordwestschweiz","Schweizer/innen","Verantwortlich für die Ausführung der Arbeiten","Geschlecht - Total",7473,5098,6147,9168,11218
"2016","Nordwestschweiz","Schweizer/innen","Verantwortlich für die Ausführung der Arbeiten","Frauen",6930,4622,5600,8251,9840
"2016","Nordwestschweiz","Schweizer/innen","Verantwortlich für die Ausführung der Arbeiten","Männer",7828,5461,6423,9664,11825
"2016","Nordwestschweiz","Schweizer/innen","Ohne Kaderfunktion","Geschlecht - Total",6332,4404,5158,7736,9624
"2016","Nordwestschweiz","Schweizer/innen","Ohne Kaderfunktion","Frauen",5979,4222,4809,7308,8976
"2016","Nordwestschweiz","Schweizer/innen","Ohne Kaderfunktion","Männer",6618,4707,5511,8110,10146
"2016","Nordwestschweiz","Ausländer/innen","Berufliche Stellung - Total","Geschlecht - Total",6372,4332,5095,8647,12366
"2016","Nordwestschweiz","Ausländer/innen","Berufliche Stellung - Total","Frauen",6125,4013,4667,8283,11668
"2016","Nordwestschweiz","Ausländer/innen","Berufliche Stellung - Total","Männer",6467,4556,5330,8864,12722
"2016","Nordwestschweiz","Ausländer/innen","Oberes und mittleres Kader","Geschlecht - Total",13149,6740,8806,17932,24362
"2016","Nordwestschweiz","Ausländer/innen","Oberes und mittleres Kader","Frauen",12656,6062,7838,17046,21650
"2016","Nordwestschweiz","Ausländer/innen","Oberes und mittleres Kader","Männer",13295,7105,8974,18374,25570
"2016","Nordwestschweiz","Ausländer/innen","Unteres Kader","Geschlecht - Total",9223,5488,6852,12084,14707
"2016","Nordwestschweiz","Ausländer/innen","Unteres Kader","Frauen",8935,4935,6350,12245,14625
"2016","Nordwestschweiz","Ausländer/innen","Unteres Kader","Männer",9300,5776,6988,12015,14742
"2016","Nordwestschweiz","Ausländer/innen","Verantwortlich für die Ausführung der Arbeiten","Geschlecht - Total",7510,5033,6154,9955,12132
"2016","Nordwestschweiz","Ausländer/innen","Verantwortlich für die Ausführung der Arbeiten","Frauen",7442,4657,5819,9768,11837
"2016","Nordwestschweiz","Ausländer/innen","Verantwortlich für die Ausführung der Arbeiten","Männer",7541,5166,6228,10090,12309
"2016","Nordwestschweiz","Ausländer/innen","Ohne Kaderfunktion","Geschlecht - Total",5836,4182,4838,7315,9387
"2016","Nordwestschweiz","Ausländer/innen","Ohne Kaderfunktion","Frauen",5561,3913,4486,7347,9300
"2016","Nordwestschweiz","Ausländer/innen","Ohne Kaderfunktion","Männer",5931,4407,5048,7296,9423
"2016","Nordwestschweiz","> Kurzaufenthalter/innen (Kat. L)","Berufliche Stellung - Total","Geschlecht - Total",5613,3868,4698,6622,8162
"2016","Nordwestschweiz","> Kurzaufenthalter/innen (Kat. L)","Berufliche Stellung - Total","Frauen",4954,3554,4374,6120,8247
"2016","Nordwestschweiz","> Kurzaufenthalter/innen (Kat. L)","Berufliche Stellung - Total","Männer",5805,4041,4791,6650,8074
"2016","Nordwestschweiz","> Kurzaufenthalter/innen (Kat. L)","Oberes und mittleres Kader","Geschlecht - Total",,,,,
"2016","Nordwestschweiz","> Kurzaufenthalter/innen (Kat. L)","Oberes und mittleres Kader","Frauen",,,,,
"2016","Nordwestschweiz","> Kurzaufenthalter/innen (Kat. L)","Oberes und mittleres Kader","Männer",,,,,
"2016","Nordwestschweiz","> Kurzaufenthalter/innen (Kat. L)","Unteres Kader","Geschlecht - Total",,,,,
"2016","Nordwestschweiz","> Kurzaufenthalter/innen (Kat. L)","Unteres Kader","Frauen",,,,,
"2016","Nordwestschweiz","> Kurzaufenthalter/innen (Kat. L)","Unteres Kader","Männer",,,,,
"2016","Nordwestschweiz","> Kurzaufenthalter/innen (Kat. L)","Verantwortlich für die Ausführung der Arbeiten","Geschlecht - Total",,,,,
"2016","Nordwestschweiz","> Kurzaufenthalter/innen (Kat. L)","Verantwortlich für die Ausführung der Arbeiten","Frauen",,,,,
"2016","Nordwestschweiz","> Kurzaufenthalter/innen (Kat. L)","Verantwortlich für die Ausführung der Arbeiten","Männer",,,,,
"2016","Nordwestschweiz","> Kurzaufenthalter/innen (Kat. L)","Ohne Kaderfunktion","Geschlecht - Total",5527,3810,4540,6424,7400
"2016","Nordwestschweiz","> Kurzaufenthalter/innen (Kat. L)","Ohne Kaderfunktion","Frauen",4950,3533,4192,5714,7439
"2016","Nordwestschweiz","> Kurzaufenthalter/innen (Kat. L)","Ohne Kaderfunktion","Männer",5679,3953,4786,6506,7399
"2016","Nordwestschweiz","> Aufenthalter/innen (Kat. B)","Berufliche Stellung - Total","Geschlecht - Total",6130,4000,4721,8760,13226
"2016","Nordwestschweiz","> Aufenthalter/innen (Kat. B)","Berufliche Stellung - Total","Frauen",6258,3799,4564,8590,12692
"2016","Nordwestschweiz","> Aufenthalter/innen (Kat. B)","Berufliche Stellung - Total","Männer",6025,4129,4797,8913,13581
"2016","Nordwestschweiz","> Aufenthalter/innen (Kat. B)","Oberes und mittleres Kader","Geschlecht - Total",15137,6867,9743,19860,28181
"2016","Nordwestschweiz","> Aufenthalter/innen (Kat. B)","Oberes und mittleres Kader","Frauen",14155,6625,8868,17989,22093
"2016","Nordwestschweiz","> Aufenthalter/innen (Kat. B)","Oberes und mittleres Kader","Männer",15597,7381,10417,21224,29657
"2016","Nordwestschweiz","> Aufenthalter/innen (Kat. B)","Unteres Kader","Geschlecht - Total",9733,5364,7104,13068,15941
"2016","Nordwestschweiz","> Aufenthalter/innen (Kat. B)","Unteres Kader","Frauen",9188,4891,6160,12897,15358
"2016","Nordwestschweiz","> Aufenthalter/innen (Kat. B)","Unteres Kader","Männer",10075,5912,7671,13251,16045
"2016","Nordwestschweiz","> Aufenthalter/innen (Kat. B)","Verantwortlich für die Ausführung der Arbeiten","Geschlecht - Total",8210,4736,6357,11064,12850
"2016","Nordwestschweiz","> Aufenthalter/innen (Kat. B)","Verantwortlich für die Ausführung der Arbeiten","Frauen",7777,4386,6454,10453,12093
"2016","Nordwestschweiz","> Aufenthalter/innen (Kat. B)","Verantwortlich für die Ausführung der Arbeiten","Männer",8530,4736,6286,11738,13588
"2016","Nordwestschweiz","> Aufenthalter/innen (Kat. B)","Ohne Kaderfunktion","Geschlecht - Total",5466,3852,4512,7083,9048
"2016","Nordwestschweiz","> Aufenthalter/innen (Kat. B)","Ohne Kaderfunktion","Frauen",5625,3627,4345,7302,9200
"2016","Nordwestschweiz","> Aufenthalter/innen (Kat. B)","Ohne Kaderfunktion","Männer",5416,3970,4589,6911,8929
"2016","Nordwestschweiz","> Niedergelassene (Kat. C)","Berufliche Stellung - Total","Geschlecht - Total",6158,4311,4998,8267,11957
"2016","Nordwestschweiz","> Niedergelassene (Kat. C)","Berufliche Stellung - Total","Frauen",5544,3944,4476,7739,11083
"2016","Nordwestschweiz","> Niedergelassene (Kat. C)","Berufliche Stellung - Total","Männer",6408,4655,5361,8562,12488
"2016","Nordwestschweiz","> Niedergelassene (Kat. C)","Oberes und mittleres Kader","Geschlecht - Total",12038,6400,8258,17096,23538
"2016","Nordwestschweiz","> Niedergelassene (Kat. C)","Oberes und mittleres Kader","Frauen",11216,6062,7111,16362,21115
"2016","Nordwestschweiz","> Niedergelassene (Kat. C)","Oberes und mittleres Kader","Männer",12368,6815,8376,17433,24742
"2016","Nordwestschweiz","> Niedergelassene (Kat. C)","Unteres Kader","Geschlecht - Total",9277,5507,6896,11618,14185
"2016","Nordwestschweiz","> Niedergelassene (Kat. C)","Unteres Kader","Frauen",8730,4533,6372,11536,14000
"2016","Nordwestschweiz","> Niedergelassene (Kat. C)","Unteres Kader","Männer",9588,6006,7220,11662,14329
"2016","Nordwestschweiz","> Niedergelassene (Kat. C)","Verantwortlich für die Ausführung der Arbeiten","Geschlecht - Total",7073,4900,5975,8999,11714
"2016","Nordwestschweiz","> Niedergelassene (Kat. C)","Verantwortlich für die Ausführung der Arbeiten","Frauen",6887,4180,5204,8748,11301
"2016","Nordwestschweiz","> Niedergelassene (Kat. C)","Verantwortlich für die Ausführung der Arbeiten","Männer",7156,5158,6302,9200,11778
"2016","Nordwestschweiz","> Niedergelassene (Kat. C)","Ohne Kaderfunktion","Geschlecht - Total",5658,4170,4759,6949,8910
"2016","Nordwestschweiz","> Niedergelassene (Kat. C)","Ohne Kaderfunktion","Frauen",5116,3837,4350,6785,8768
"2016","Nordwestschweiz","> Niedergelassene (Kat. C)","Ohne Kaderfunktion","Männer",5867,4501,5095,7046,8997
"2016","Nordwestschweiz","> Grenzgänger/innen (Kat. G)","Berufliche Stellung - Total","Geschlecht - Total",6763,4658,5494,9045,12421
"2016","Nordwestschweiz","> Grenzgänger/innen (Kat. G)","Berufliche Stellung - Total","Frauen",6783,4380,5198,8789,11929
"2016","Nordwestschweiz","> Grenzgänger/innen (Kat. G)","Berufliche Stellung - Total","Männer",6759,4803,5582,9169,12659
"2016","Nordwestschweiz","> Grenzgänger/innen (Kat. G)","Oberes und mittleres Kader","Geschlecht - Total",13623,7068,9246,17631,22857
"2016","Nordwestschweiz","> Grenzgänger/innen (Kat. G)","Oberes und mittleres Kader","Frauen",13402,5489,8467,17099,21529
"2016","Nordwestschweiz","> Grenzgänger/innen (Kat. G)","Oberes und mittleres Kader","Männer",13708,7501,9588,17872,23080
"2016","Nordwestschweiz","> Grenzgänger/innen (Kat. G)","Unteres Kader","Geschlecht - Total",8952,5469,6780,11929,14403
"2016","Nordwestschweiz","> Grenzgänger/innen (Kat. G)","Unteres Kader","Frauen",8994,5364,6665,12289,14410
"2016","Nordwestschweiz","> Grenzgänger/innen (Kat. G)","Unteres Kader","Männer",8905,5469,6852,11703,14400
"2016","Nordwestschweiz","> Grenzgänger/innen (Kat. G)","Verantwortlich für die Ausführung der Arbeiten","Geschlecht - Total",7829,5260,6140,10125,12220
"2016","Nordwestschweiz","> Grenzgänger/innen (Kat. G)","Verantwortlich für die Ausführung der Arbeiten","Frauen",8276,5147,6167,10114,12197
"2016","Nordwestschweiz","> Grenzgänger/innen (Kat. G)","Verantwortlich für die Ausführung der Arbeiten","Männer",7716,5337,6120,10130,12249
"2016","Nordwestschweiz","> Grenzgänger/innen (Kat. G)","Ohne Kaderfunktion","Geschlecht - Total",6305,4516,5251,7851,9998
"2016","Nordwestschweiz","> Grenzgänger/innen (Kat. G)","Ohne Kaderfunktion","Frauen",6405,4288,4984,7949,9991
"2016","Nordwestschweiz","> Grenzgänger/innen (Kat. G)","Ohne Kaderfunktion","Männer",6275,4645,5337,7805,10007
"2016","Nordwestschweiz","> Andere","Berufliche Stellung - Total","Geschlecht - Total",5254,3429,4083,7397,12194
"2016","Nordwestschweiz","> Andere","Berufliche Stellung - Total","Frauen",5080,3330,4315,7615,14141
"2016","Nordwestschweiz","> Andere","Berufliche Stellung - Total","Männer",5301,3429,3890,7305,11668
"2016","Nordwestschweiz","> Andere","Oberes und mittleres Kader","Geschlecht - Total",,,,,
"2016","Nordwestschweiz","> Andere","Oberes und mittleres Kader","Frauen",,,,,
"2016","Nordwestschweiz","> Andere","Oberes und mittleres Kader","Männer",,,,,
"2016","Nordwestschweiz","> Andere","Unteres Kader","Geschlecht - Total",,,,,
"2016","Nordwestschweiz","> Andere","Unteres Kader","Frauen",,,,,
"2016","Nordwestschweiz","> Andere","Unteres Kader","Männer",,,,,
"2016","Nordwestschweiz","> Andere","Verantwortlich für die Ausführung der Arbeiten","Geschlecht - Total",,,,,
"2016","Nordwestschweiz","> Andere","Verantwortlich für die Ausführung der Arbeiten","Frauen",,,,,
"2016","Nordwestschweiz","> Andere","Verantwortlich für die Ausführung der Arbeiten","Männer",,,,,
"2016","Nordwestschweiz","> Andere","Ohne Kaderfunktion","Geschlecht - Total",4877,2903,3698,5919,7701
"2016","Nordwestschweiz","> Andere","Ohne Kaderfunktion","Frauen",4967,3330,4187,6466,8218
"2016","Nordwestschweiz","> Andere","Ohne Kaderfunktion","Männer",4384,2667,3570,5803,7681
"2016","Zürich","Schweizer/innen und Ausländer/innen - Total","Berufliche Stellung - Total","Geschlecht - Total",6869,4392,5289,9192,12358
"2016","Zürich","Schweizer/innen und Ausländer/innen - Total","Berufliche Stellung - Total","Frauen",6191,4160,4788,7964,10237
"2016","Zürich","Schweizer/innen und Ausländer/innen - Total","Berufliche Stellung - Total","Männer",7406,4740,5754,10208,13767
"2016","Zürich","Schweizer/innen und Ausländer/innen - Total","Oberes und mittleres Kader","Geschlecht - Total",11339,7048,8860,15020,21366
"2016","Zürich","Schweizer/innen und Ausländer/innen - Total","Oberes und mittleres Kader","Frauen",9863,6370,7958,12031,15677
"2016","Zürich","Schweizer/innen und Ausländer/innen - Total","Oberes und mittleres Kader","Männer",12131,7529,9517,16229,23241
"2016","Zürich","Schweizer/innen und Ausländer/innen - Total","Unteres Kader","Geschlecht - Total",9310,5816,7366,11362,13637
"2016","Zürich","Schweizer/innen und Ausländer/innen - Total","Unteres Kader","Frauen",8316,5220,6656,10098,12168
"2016","Zürich","Schweizer/innen und Ausländer/innen - Total","Unteres Kader","Männer",9959,6388,7885,11902,14272
"2016","Zürich","Schweizer/innen und Ausländer/innen - Total","Verantwortlich für die Ausführung der Arbeiten","Geschlecht - Total",7521,4907,6004,9456,11805
"2016","Zürich","Schweizer/innen und Ausländer/innen - Total","Verantwortlich für die Ausführung der Arbeiten","Frauen",6703,4432,5284,8420,10219
"2016","Zürich","Schweizer/innen und Ausländer/innen - Total","Verantwortlich für die Ausführung der Arbeiten","Männer",8060,5480,6562,10070,12699
"2016","Zürich","Schweizer/innen und Ausländer/innen - Total","Ohne Kaderfunktion","Geschlecht - Total",6065,4224,4871,7480,9190
"2016","Zürich","Schweizer/innen und Ausländer/innen - Total","Ohne Kaderfunktion","Frauen",5621,4030,4577,7063,8400
"2016","Zürich","Schweizer/innen und Ausländer/innen - Total","Ohne Kaderfunktion","Männer",6392,4452,5238,7859,9851
"2016","Zürich","Schweizer/innen","Berufliche Stellung - Total","Geschlecht - Total",7142,4590,5549,9470,12461
"2016","Zürich","Schweizer/innen","Berufliche Stellung - Total","Frauen",6395,4333,4995,8059,10245
"2016","Zürich","Schweizer/innen","Berufliche Stellung - Total","Männer",7861,5010,6118,10590,13962
"2016","Zürich","Schweizer/innen","Oberes und mittleres Kader","Geschlecht - Total",11153,7050,8817,14363,19893
"2016","Zürich","Schweizer/innen","Oberes und mittleres Kader","Frauen",9704,6459,7948,11637,14549
"2016","Zürich","Schweizer/innen","Oberes und mittleres Kader","Männer",11914,7539,9492,15606,21736
"2016","Zürich","Schweizer/innen","Unteres Kader","Geschlecht - Total",9245,5931,7404,11238,13482
"2016","Zürich","Schweizer/innen","Unteres Kader","Frauen",8219,5238,6636,9876,11888
"2016","Zürich","Schweizer/innen","Unteres Kader","Männer",9947,6546,7989,11832,14123
"2016","Zürich","Schweizer/innen","Verantwortlich für die Ausführung der Arbeiten","Geschlecht - Total",7550,4974,6110,9375,11344
"2016","Zürich","Schweizer/innen","Verantwortlich für die Ausführung der Arbeiten","Frauen",6667,4556,5352,8199,10023
"2016","Zürich","Schweizer/innen","Verantwortlich für die Ausführung der Arbeiten","Männer",8173,5628,6735,10025,12013
"2016","Zürich","Schweizer/innen","Ohne Kaderfunktion","Geschlecht - Total",6282,4375,5072,7650,9313
"2016","Zürich","Schweizer/innen","Ohne Kaderfunktion","Frauen",5848,4234,4759,7151,8453
"2016","Zürich","Schweizer/innen","Ohne Kaderfunktion","Männer",6680,4659,5478,8166,10066
"2016","Zürich","Ausländer/innen","Berufliche Stellung - Total","Geschlecht - Total",6206,4087,4804,8406,11996
"2016","Zürich","Ausländer/innen","Berufliche Stellung - Total","Frauen",5485,3750,4347,7657,10206
"2016","Zürich","Ausländer/innen","Berufliche Stellung - Total","Männer",6535,4379,5223,9036,13102
"2016","Zürich","Ausländer/innen","Oberes und mittleres Kader","Geschlecht - Total",12573,7040,9172,18333,27421
"2016","Zürich","Ausländer/innen","Oberes und mittleres Kader","Frauen",10842,6086,8142,14521,20157
"2016","Zürich","Ausländer/innen","Oberes und mittleres Kader","Männer",13572,7500,9625,19989,29550
"2016","Zürich","Ausländer/innen","Unteres Kader","Geschlecht - Total",9569,5608,7284,11723,14274
"2016","Zürich","Ausländer/innen","Unteres Kader","Frauen",8695,5134,6732,10867,13083
"2016","Zürich","Ausländer/innen","Unteres Kader","Männer",10000,5835,7520,12101,14761
"2016","Zürich","Ausländer/innen","Verantwortlich für die Ausführung der Arbeiten","Geschlecht - Total",7428,4745,5805,9581,14017
"2016","Zürich","Ausländer/innen","Verantwortlich für die Ausführung der Arbeiten","Frauen",6868,4226,5116,9057,11044
"2016","Zürich","Ausländer/innen","Verantwortlich für die Ausführung der Arbeiten","Männer",7721,5255,6258,10160,16004
"2016","Zürich","Ausländer/innen","Ohne Kaderfunktion","Geschlecht - Total",5628,3935,4554,7074,8852
"2016","Zürich","Ausländer/innen","Ohne Kaderfunktion","Frauen",4970,3643,4212,6686,8275
"2016","Zürich","Ausländer/innen","Ohne Kaderfunktion","Männer",5915,4218,4894,7242,9334
"2016","Zürich","> Kurzaufenthalter/innen (Kat. L)","Berufliche Stellung - Total","Geschlecht - Total",5779,3553,4684,7703,11960
"2016","Zürich","> Kurzaufenthalter/innen (Kat. L)","Berufliche Stellung - Total","Frauen",5854,3473,3810,7225,9523
"2016","Zürich","> Kurzaufenthalter/innen (Kat. L)","Berufliche Stellung - Total","Männer",5777,3982,5020,7885,12737
"2016","Zürich","> Kurzaufenthalter/innen (Kat. L)","Oberes und mittleres Kader","Geschlecht - Total",13170,7074,7513,14984,20665
"2016","Zürich","> Kurzaufenthalter/innen (Kat. L)","Oberes und mittleres Kader","Frauen",,,,,
"2016","Zürich","> Kurzaufenthalter/innen (Kat. L)","Oberes und mittleres Kader","Männer",,,,,
"2016","Zürich","> Kurzaufenthalter/innen (Kat. L)","Unteres Kader","Geschlecht - Total",9493,3474,5736,11706,13326
"2016","Zürich","> Kurzaufenthalter/innen (Kat. L)","Unteres Kader","Frauen",,,,,
"2016","Zürich","> Kurzaufenthalter/innen (Kat. L)","Unteres Kader","Männer",9493,3474,5736,11182,13462
"2016","Zürich","> Kurzaufenthalter/innen (Kat. L)","Verantwortlich für die Ausführung der Arbeiten","Geschlecht - Total",8778,6555,7836,12391,13558
"2016","Zürich","> Kurzaufenthalter/innen (Kat. L)","Verantwortlich für die Ausführung der Arbeiten","Frauen",,,,,
"2016","Zürich","> Kurzaufenthalter/innen (Kat. L)","Verantwortlich für die Ausführung der Arbeiten","Männer",,,,,
"2016","Zürich","> Kurzaufenthalter/innen (Kat. L)","Ohne Kaderfunktion","Geschlecht - Total",5576,3513,4584,6861,8979
"2016","Zürich","> Kurzaufenthalter/innen (Kat. L)","Ohne Kaderfunktion","Frauen",4800,3333,3739,6861,8247
"2016","Zürich","> Kurzaufenthalter/innen (Kat. L)","Ohne Kaderfunktion","Männer",5635,3836,4884,7002,10874
"2016","Zürich","> Aufenthalter/innen (Kat. B)","Berufliche Stellung - Total","Geschlecht - Total",6129,3920,4597,8413,12126
"2016","Zürich","> Aufenthalter/innen (Kat. B)","Berufliche Stellung - Total","Frauen",5771,3647,4288,7724,10193
"2016","Zürich","> Aufenthalter/innen (Kat. B)","Berufliche Stellung - Total","Männer",6388,4093,4831,9114,13716
"2016","Zürich","> Aufenthalter/innen (Kat. B)","Oberes und mittleres Kader","Geschlecht - Total",13510,6648,9464,20624,30498
"2016","Zürich","> Aufenthalter/innen (Kat. B)","Oberes und mittleres Kader","Frauen",11140,6107,8146,15097,21184
"2016","Zürich","> Aufenthalter/innen (Kat. B)","Oberes und mittleres Kader","Männer",15079,7290,10106,23029,34153
"2016","Zürich","> Aufenthalter/innen (Kat. B)","Unteres Kader","Geschlecht - Total",9569,5493,7222,11661,14126
"2016","Zürich","> Aufenthalter/innen (Kat. B)","Unteres Kader","Frauen",8876,5694,7059,10851,13004
"2016","Zürich","> Aufenthalter/innen (Kat. B)","Unteres Kader","Männer",9929,5456,7337,11984,14889
"2016","Zürich","> Aufenthalter/innen (Kat. B)","Verantwortlich für die Ausführung der Arbeiten","Geschlecht - Total",8333,4642,5956,11000,19385
"2016","Zürich","> Aufenthalter/innen (Kat. B)","Verantwortlich für die Ausführung der Arbeiten","Frauen",7352,4236,5108,9166,11532
"2016","Zürich","> Aufenthalter/innen (Kat. B)","Verantwortlich für die Ausführung der Arbeiten","Männer",8912,5199,6713,15280,20266
"2016","Zürich","> Aufenthalter/innen (Kat. B)","Ohne Kaderfunktion","Geschlecht - Total",5488,3782,4374,7143,8955
"2016","Zürich","> Aufenthalter/innen (Kat. B)","Ohne Kaderfunktion","Frauen",5096,3564,4133,6983,8335
"2016","Zürich","> Aufenthalter/innen (Kat. B)","Ohne Kaderfunktion","Männer",5649,4000,4578,7300,9431
"2016","Zürich","> Niedergelassene (Kat. C)","Berufliche Stellung - Total","Geschlecht - Total",6233,4190,4907,8440,12079
"2016","Zürich","> Niedergelassene (Kat. C)","Berufliche Stellung - Total","Frauen",5363,3809,4364,7691,10398
"2016","Zürich","> Niedergelassene (Kat. C)","Berufliche Stellung - Total","Männer",6607,4611,5417,9083,13099
"2016","Zürich","> Niedergelassene (Kat. C)","Oberes und mittleres Kader","Geschlecht - Total",12381,7056,9056,17662,26500
"2016","Zürich","> Niedergelassene (Kat. C)","Oberes und mittleres Kader","Frauen",10758,6086,8253,14350,20007
"2016","Zürich","> Niedergelassene (Kat. C)","Oberes und mittleres Kader","Männer",13206,7468,9426,19335,28778
"2016","Zürich","> Niedergelassene (Kat. C)","Unteres Kader","Geschlecht - Total",9652,5678,7339,11830,14499
"2016","Zürich","> Niedergelassene (Kat. C)","Unteres Kader","Frauen",8695,4951,6669,10960,13243
"2016","Zürich","> Niedergelassene (Kat. C)","Unteres Kader","Männer",10137,6074,7693,12196,14904
"2016","Zürich","> Niedergelassene (Kat. C)","Verantwortlich für die Ausführung der Arbeiten","Geschlecht - Total",7111,4761,5710,9140,11584
"2016","Zürich","> Niedergelassene (Kat. C)","Verantwortlich für die Ausführung der Arbeiten","Frauen",6357,4198,5094,8713,10827
"2016","Zürich","> Niedergelassene (Kat. C)","Verantwortlich für die Ausführung der Arbeiten","Männer",7276,5166,6237,9396,11937
"2016","Zürich","> Niedergelassene (Kat. C)","Ohne Kaderfunktion","Geschlecht - Total",5655,4046,4642,6991,8730
"2016","Zürich","> Niedergelassene (Kat. C)","Ohne Kaderfunktion","Frauen",4910,3696,4235,6494,8268
"2016","Zürich","> Niedergelassene (Kat. C)","Ohne Kaderfunktion","Männer",6014,4423,5100,7175,9167
"2016","Zürich","> Grenzgänger/innen (Kat. G)","Berufliche Stellung - Total","Geschlecht - Total",6391,4338,5121,8357,11261
"2016","Zürich","> Grenzgänger/innen (Kat. G)","Berufliche Stellung - Total","Frauen",5431,4019,4533,7121,8845
"2016","Zürich","> Grenzgänger/innen (Kat. G)","Berufliche Stellung - Total","Männer",6726,4642,5509,8937,11971
"2016","Zürich","> Grenzgänger/innen (Kat. G)","Oberes und mittleres Kader","Geschlecht - Total",12100,7458,9562,16329,20616
"2016","Zürich","> Grenzgänger/innen (Kat. G)","Oberes und mittleres Kader","Frauen",10645,6750,7458,12512,16128
"2016","Zürich","> Grenzgänger/innen (Kat. G)","Oberes und mittleres Kader","Männer",12195,8022,9710,17900,21545
"2016","Zürich","> Grenzgänger/innen (Kat. G)","Unteres Kader","Geschlecht - Total",8845,5756,7051,11273,13721
"2016","Zürich","> Grenzgänger/innen (Kat. G)","Unteres Kader","Frauen",7221,4835,5950,9728,11350
"2016","Zürich","> Grenzgänger/innen (Kat. G)","Unteres Kader","Männer",9361,6118,7555,11659,13902
"2016","Zürich","> Grenzgänger/innen (Kat. G)","Verantwortlich für die Ausführung der Arbeiten","Geschlecht - Total",7129,5174,5632,8714,10513
"2016","Zürich","> Grenzgänger/innen (Kat. G)","Verantwortlich für die Ausführung der Arbeiten","Frauen",6568,4525,5369,8118,9839
"2016","Zürich","> Grenzgänger/innen (Kat. G)","Verantwortlich für die Ausführung der Arbeiten","Männer",7288,5531,5732,8838,10601
"2016","Zürich","> Grenzgänger/innen (Kat. G)","Ohne Kaderfunktion","Geschlecht - Total",5926,4213,4834,7347,9250
"2016","Zürich","> Grenzgänger/innen (Kat. G)","Ohne Kaderfunktion","Frauen",5111,3937,4423,6626,8081
"2016","Zürich","> Grenzgänger/innen (Kat. G)","Ohne Kaderfunktion","Männer",6199,4440,5200,7705,9685
"2016","Zürich","> Andere","Berufliche Stellung - Total","Geschlecht - Total",4471,3521,3816,6497,10949
"2016","Zürich","> Andere","Berufliche Stellung - Total","Frauen",4632,3558,3988,6115,8176
"2016","Zürich","> Andere","Berufliche Stellung - Total","Männer",4432,3521,3816,6746,11181
"2016","Zürich","> Andere","Oberes und mittleres Kader","Geschlecht - Total",,,,,
"2016","Zürich","> Andere","Oberes und mittleres Kader","Frauen",,,,,
"2016","Zürich","> Andere","Oberes und mittleres Kader","Männer",,,,,
"2016","Zürich","> Andere","Unteres Kader","Geschlecht - Total",,,,,
"2016","Zürich","> Andere","Unteres Kader","Frauen",,,,,
"2016","Zürich","> Andere","Unteres Kader","Männer",,,,,
"2016","Zürich","> Andere","Verantwortlich für die Ausführung der Arbeiten","Geschlecht - Total",,,,,
"2016","Zürich","> Andere","Verantwortlich für die Ausführung der Arbeiten","Frauen",,,,,
"2016","Zürich","> Andere","Verantwortlich für die Ausführung der Arbeiten","Männer",,,,,
"2016","Zürich","> Andere","Ohne Kaderfunktion","Geschlecht - Total",4327,3514,3816,5773,7717
"2016","Zürich","> Andere","Ohne Kaderfunktion","Frauen",4377,3493,3834,5773,6881
"2016","Zürich","> Andere","Ohne Kaderfunktion","Männer",4296,3514,3816,5957,7907
"2016","Ostschweiz","Schweizer/innen und Ausländer/innen - Total","Berufliche Stellung - Total","Geschlecht - Total",6092,4217,4948,7719,10064
"2016","Ostschweiz","Schweizer/innen und Ausländer/innen - Total","Berufliche Stellung - Total","Frauen",5520,3887,4481,7046,8831
"2016","Ostschweiz","Schweizer/innen und Ausländer/innen - Total","Berufliche Stellung - Total","Männer",6347,4518,5278,8155,10730
"2016","Ostschweiz","Schweizer/innen und Ausländer/innen - Total","Oberes und mittleres Kader","Geschlecht - Total",8920,5670,6991,11694,15173
"2016","Ostschweiz","Schweizer/innen und Ausländer/innen - Total","Oberes und mittleres Kader","Frauen",7547,4886,6167,9473,12472
"2016","Ostschweiz","Schweizer/innen und Ausländer/innen - Total","Oberes und mittleres Kader","Männer",9517,6095,7410,12193,15873
"2016","Ostschweiz","Schweizer/innen und Ausländer/innen - Total","Unteres Kader","Geschlecht - Total",7413,4912,6033,9274,11192
"2016","Ostschweiz","Schweizer/innen und Ausländer/innen - Total","Unteres Kader","Frauen",6665,4333,5282,8328,10171
"2016","Ostschweiz","Schweizer/innen und Ausländer/innen - Total","Unteres Kader","Männer",7722,5451,6412,9628,11571
"2016","Ostschweiz","Schweizer/innen und Ausländer/innen - Total","Verantwortlich für die Ausführung der Arbeiten","Geschlecht - Total",6364,4555,5310,7602,9112
"2016","Ostschweiz","Schweizer/innen und Ausländer/innen - Total","Verantwortlich für die Ausführung der Arbeiten","Frauen",5720,4217,4684,6924,8267
"2016","Ostschweiz","Schweizer/innen und Ausländer/innen - Total","Verantwortlich für die Ausführung der Arbeiten","Männer",6672,4979,5721,7964,9567
"2016","Ostschweiz","Schweizer/innen und Ausländer/innen - Total","Ohne Kaderfunktion","Geschlecht - Total",5657,4061,4698,6841,8478
"2016","Ostschweiz","Schweizer/innen und Ausländer/innen - Total","Ohne Kaderfunktion","Frauen",5202,3767,4344,6603,8209
"2016","Ostschweiz","Schweizer/innen und Ausländer/innen - Total","Ohne Kaderfunktion","Männer",5848,4332,4980,6973,8625
"2016","Ostschweiz","Schweizer/innen","Berufliche Stellung - Total","Geschlecht - Total",6368,4381,5158,8100,10418
"2016","Ostschweiz","Schweizer/innen","Berufliche Stellung - Total","Frauen",5754,4093,4648,7209,8955
"2016","Ostschweiz","Schweizer/innen","Berufliche Stellung - Total","Männer",6740,4706,5555,8679,11262
"2016","Ostschweiz","Schweizer/innen","Oberes und mittleres Kader","Geschlecht - Total",8873,5772,7006,11536,14850
"2016","Ostschweiz","Schweizer/innen","Oberes und mittleres Kader","Frauen",7393,4819,6093,9014,11895
"2016","Ostschweiz","Schweizer/innen","Oberes und mittleres Kader","Männer",9412,6190,7450,12085,15473
"2016","Ostschweiz","Schweizer/innen","Unteres Kader","Geschlecht - Total",7431,4930,6048,9187,11054
"2016","Ostschweiz","Schweizer/innen","Unteres Kader","Frauen",6626,4332,5293,8228,9936
"2016","Ostschweiz","Schweizer/innen","Unteres Kader","Männer",7762,5478,6496,9576,11438
"2016","Ostschweiz","Schweizer/innen","Verantwortlich für die Ausführung der Arbeiten","Geschlecht - Total",6466,4593,5402,7658,9201
"2016","Ostschweiz","Schweizer/innen","Verantwortlich für die Ausführung der Arbeiten","Frauen",5896,4282,4732,7027,8307
"2016","Ostschweiz","Schweizer/innen","Verantwortlich für die Ausführung der Arbeiten","Männer",6769,5036,5811,8103,9674
"2016","Ostschweiz","Schweizer/innen","Ohne Kaderfunktion","Geschlecht - Total",5865,4234,4858,7115,8840
"2016","Ostschweiz","Schweizer/innen","Ohne Kaderfunktion","Frauen",5456,3997,4539,6790,8414
"2016","Ostschweiz","Schweizer/innen","Ohne Kaderfunktion","Männer",6098,4489,5190,7324,9114
"2016","Ostschweiz","Ausländer/innen","Berufliche Stellung - Total","Geschlecht - Total",5569,3920,4600,6898,9024
"2016","Ostschweiz","Ausländer/innen","Berufliche Stellung - Total","Frauen",4867,3495,4072,6531,8486
"2016","Ostschweiz","Ausländer/innen","Berufliche Stellung - Total","Männer",5758,4230,4920,7029,9342
"2016","Ostschweiz","Ausländer/innen","Oberes und mittleres Kader","Geschlecht - Total",9295,5370,6957,12408,16857
"2016","Ostschweiz","Ausländer/innen","Oberes und mittleres Kader","Frauen",8108,4985,6505,11131,14297
"2016","Ostschweiz","Ausländer/innen","Oberes und mittleres Kader","Männer",9700,5607,7264,12937,17866
"2016","Ostschweiz","Ausländer/innen","Unteres Kader","Geschlecht - Total",7339,4809,6014,9582,11854
"2016","Ostschweiz","Ausländer/innen","Unteres Kader","Frauen",6750,4381,5143,8813,11268
"2016","Ostschweiz","Ausländer/innen","Unteres Kader","Männer",7608,5300,6173,9849,11985
"2016","Ostschweiz","Ausländer/innen","Verantwortlich für die Ausführung der Arbeiten","Geschlecht - Total",6062,4391,5080,7379,8920
"2016","Ostschweiz","Ausländer/innen","Verantwortlich für die Ausführung der Arbeiten","Frauen",5237,4025,4580,6566,7958
"2016","Ostschweiz","Ausländer/innen","Verantwortlich für die Ausführung der Arbeiten","Männer",6405,4642,5470,7713,9127
"2016","Ostschweiz","Ausländer/innen","Ohne Kaderfunktion","Geschlecht - Total",5323,3813,4447,6326,7672
"2016","Ostschweiz","Ausländer/innen","Ohne Kaderfunktion","Frauen",4651,3422,3950,6000,7618
"2016","Ostschweiz","Ausländer/innen","Ohne Kaderfunktion","Männer",5524,4115,4775,6426,7701
"2016","Ostschweiz","> Kurzaufenthalter/innen (Kat. L)","Berufliche Stellung - Total","Geschlecht - Total",4820,3484,3983,5927,6928
"2016","Ostschweiz","> Kurzaufenthalter/innen (Kat. L)","Berufliche Stellung - Total","Frauen",4089,3259,3667,4701,6654
"2016","Ostschweiz","> Kurzaufenthalter/innen (Kat. L)","Berufliche Stellung - Total","Männer",4927,3623,4091,5953,7001
"2016","Ostschweiz","> Kurzaufenthalter/innen (Kat. L)","Oberes und mittleres Kader","Geschlecht - Total",6539,4652,5674,7968,17500
"2016","Ostschweiz","> Kurzaufenthalter/innen (Kat. L)","Oberes und mittleres Kader","Frauen",,,,,
"2016","Ostschweiz","> Kurzaufenthalter/innen (Kat. L)","Oberes und mittleres Kader","Männer",,,,,
"2016","Ostschweiz","> Kurzaufenthalter/innen (Kat. L)","Unteres Kader","Geschlecht - Total",,,,,
"2016","Ostschweiz","> Kurzaufenthalter/innen (Kat. L)","Unteres Kader","Frauen",,,,,
"2016","Ostschweiz","> Kurzaufenthalter/innen (Kat. L)","Unteres Kader","Männer",,,,,
"2016","Ostschweiz","> Kurzaufenthalter/innen (Kat. L)","Verantwortlich für die Ausführung der Arbeiten","Geschlecht - Total",,,,,
"2016","Ostschweiz","> Kurzaufenthalter/innen (Kat. L)","Verantwortlich für die Ausführung der Arbeiten","Frauen",,,,,
"2016","Ostschweiz","> Kurzaufenthalter/innen (Kat. L)","Verantwortlich für die Ausführung der Arbeiten","Männer",,,,,
"2016","Ostschweiz","> Kurzaufenthalter/innen (Kat. L)","Ohne Kaderfunktion","Geschlecht - Total",4820,3484,3983,5847,6788
"2016","Ostschweiz","> Kurzaufenthalter/innen (Kat. L)","Ohne Kaderfunktion","Frauen",3956,3120,3518,4381,6449
"2016","Ostschweiz","> Kurzaufenthalter/innen (Kat. L)","Ohne Kaderfunktion","Männer",4927,3518,4091,5926,6869
"2016","Ostschweiz","> Aufenthalter/innen (Kat. B)","Berufliche Stellung - Total","Geschlecht - Total",5164,3714,4316,6552,8642
"2016","Ostschweiz","> Aufenthalter/innen (Kat. B)","Berufliche Stellung - Total","Frauen",4762,3361,3920,6726,8540
"2016","Ostschweiz","> Aufenthalter/innen (Kat. B)","Berufliche Stellung - Total","Männer",5316,3943,4518,6476,8730
"2016","Ostschweiz","> Aufenthalter/innen (Kat. B)","Oberes und mittleres Kader","Geschlecht - Total",8158,5224,6672,12283,19736
"2016","Ostschweiz","> Aufenthalter/innen (Kat. B)","Oberes und mittleres Kader","Frauen",7937,5467,6876,10348,14288
"2016","Ostschweiz","> Aufenthalter/innen (Kat. B)","Oberes und mittleres Kader","Männer",9208,4999,6560,13452,21928
"2016","Ostschweiz","> Aufenthalter/innen (Kat. B)","Unteres Kader","Geschlecht - Total",7396,4691,6049,9638,12079
"2016","Ostschweiz","> Aufenthalter/innen (Kat. B)","Unteres Kader","Frauen",6881,4432,4776,8694,10940
"2016","Ostschweiz","> Aufenthalter/innen (Kat. B)","Unteres Kader","Männer",7793,5220,6190,10233,12414
"2016","Ostschweiz","> Aufenthalter/innen (Kat. B)","Verantwortlich für die Ausführung der Arbeiten","Geschlecht - Total",5687,4166,4659,6988,8471
"2016","Ostschweiz","> Aufenthalter/innen (Kat. B)","Verantwortlich für die Ausführung der Arbeiten","Frauen",4886,3917,4492,6514,7360
"2016","Ostschweiz","> Aufenthalter/innen (Kat. B)","Verantwortlich für die Ausführung der Arbeiten","Männer",6131,4435,4977,7365,8920
"2016","Ostschweiz","> Aufenthalter/innen (Kat. B)","Ohne Kaderfunktion","Geschlecht - Total",4966,3585,4180,5983,7459
"2016","Ostschweiz","> Aufenthalter/innen (Kat. B)","Ohne Kaderfunktion","Frauen",4510,3289,3808,6070,7708
"2016","Ostschweiz","> Aufenthalter/innen (Kat. B)","Ohne Kaderfunktion","Männer",5104,3864,4396,5955,7287
"2016","Ostschweiz","> Niedergelassene (Kat. C)","Berufliche Stellung - Total","Geschlecht - Total",5620,4043,4705,6855,9109
"2016","Ostschweiz","> Niedergelassene (Kat. C)","Berufliche Stellung - Total","Frauen",4823,3562,4092,6284,8527
"2016","Ostschweiz","> Niedergelassene (Kat. C)","Berufliche Stellung - Total","Männer",5880,4483,5097,7037,9517
"2016","Ostschweiz","> Niedergelassene (Kat. C)","Oberes und mittleres Kader","Geschlecht - Total",9628,5158,7176,12493,16555
"2016","Ostschweiz","> Niedergelassene (Kat. C)","Oberes und mittleres Kader","Frauen",9211,4792,6066,12040,14749
"2016","Ostschweiz","> Niedergelassene (Kat. C)","Oberes und mittleres Kader","Männer",9806,5600,7420,12537,17327
"2016","Ostschweiz","> Niedergelassene (Kat. C)","Unteres Kader","Geschlecht - Total",7339,5000,6090,9707,11985
"2016","Ostschweiz","> Niedergelassene (Kat. C)","Unteres Kader","Frauen",7014,4470,5416,9379,12262
"2016","Ostschweiz","> Niedergelassene (Kat. C)","Unteres Kader","Männer",7482,5424,6206,9875,11938
"2016","Ostschweiz","> Niedergelassene (Kat. C)","Verantwortlich für die Ausführung der Arbeiten","Geschlecht - Total",6075,4471,5134,7316,8923
"2016","Ostschweiz","> Niedergelassene (Kat. C)","Verantwortlich für die Ausführung der Arbeiten","Frauen",5222,4076,4605,6555,8089
"2016","Ostschweiz","> Niedergelassene (Kat. C)","Verantwortlich für die Ausführung der Arbeiten","Männer",6413,4973,5507,7713,9306
"2016","Ostschweiz","> Niedergelassene (Kat. C)","Ohne Kaderfunktion","Geschlecht - Total",5398,3951,4550,6329,7579
"2016","Ostschweiz","> Niedergelassene (Kat. C)","Ohne Kaderfunktion","Frauen",4649,3524,4010,5714,7385
"2016","Ostschweiz","> Niedergelassene (Kat. C)","Ohne Kaderfunktion","Männer",5674,4384,4963,6487,7657
"2016","Ostschweiz","> Grenzgänger/innen (Kat. G)","Berufliche Stellung - Total","Geschlecht - Total",6119,4265,5105,7633,9722
"2016","Ostschweiz","> Grenzgänger/innen (Kat. G)","Berufliche Stellung - Total","Frauen",5760,3697,4477,7143,8596
"2016","Ostschweiz","> Grenzgänger/innen (Kat. G)","Berufliche Stellung - Total","Männer",6190,4529,5291,7778,10019
"2016","Ostschweiz","> Grenzgänger/innen (Kat. G)","Oberes und mittleres Kader","Geschlecht - Total",9545,6498,7339,12391,16107
"2016","Ostschweiz","> Grenzgänger/innen (Kat. G)","Oberes und mittleres Kader","Frauen",7115,5513,6505,9593,11620
"2016","Ostschweiz","> Grenzgänger/innen (Kat. G)","Oberes und mittleres Kader","Männer",9847,6756,7526,12992,16585
"2016","Ostschweiz","> Grenzgänger/innen (Kat. G)","Unteres Kader","Geschlecht - Total",7578,5112,6014,9544,11447
"2016","Ostschweiz","> Grenzgänger/innen (Kat. G)","Unteres Kader","Frauen",6424,4490,5294,8290,10994
"2016","Ostschweiz","> Grenzgänger/innen (Kat. G)","Unteres Kader","Männer",7942,5416,6200,9763,11808
"2016","Ostschweiz","> Grenzgänger/innen (Kat. G)","Verantwortlich für die Ausführung der Arbeiten","Geschlecht - Total",6405,4642,5756,7910,9085
"2016","Ostschweiz","> Grenzgänger/innen (Kat. G)","Verantwortlich für die Ausführung der Arbeiten","Frauen",5756,4332,5200,6998,8193
"2016","Ostschweiz","> Grenzgänger/innen (Kat. G)","Verantwortlich für die Ausführung der Arbeiten","Männer",6741,4849,5964,8107,9139
"2016","Ostschweiz","> Grenzgänger/innen (Kat. G)","Ohne Kaderfunktion","Geschlecht - Total",5856,4056,4932,6991,8343
"2016","Ostschweiz","> Grenzgänger/innen (Kat. G)","Ohne Kaderfunktion","Frauen",5459,3535,4290,6913,8249
"2016","Ostschweiz","> Grenzgänger/innen (Kat. G)","Ohne Kaderfunktion","Männer",5931,4358,5062,7037,8478
"2016","Ostschweiz","> Andere","Berufliche Stellung - Total","Geschlecht - Total",4260,3526,3618,5284,6825
"2016","Ostschweiz","> Andere","Berufliche Stellung - Total","Frauen",4231,2047,3714,5896,9446
"2016","Ostschweiz","> Andere","Berufliche Stellung - Total","Männer",4260,3526,3618,5234,6539
"2016","Ostschweiz","> Andere","Oberes und mittleres Kader","Geschlecht - Total",,,,,
"2016","Ostschweiz","> Andere","Oberes und mittleres Kader","Frauen",,,,,
"2016","Ostschweiz","> Andere","Oberes und mittleres Kader","Männer",,,,,
"2016","Ostschweiz","> Andere","Unteres Kader","Geschlecht - Total",,,,,
"2016","Ostschweiz","> Andere","Unteres Kader","Frauen",,,,,
"2016","Ostschweiz","> Andere","Unteres Kader","Männer",,,,,
"2016","Ostschweiz","> Andere","Verantwortlich für die Ausführung der Arbeiten","Geschlecht - Total",,,,,
"2016","Ostschweiz","> Andere","Verantwortlich für die Ausführung der Arbeiten","Frauen",,,,,
"2016","Ostschweiz","> Andere","Verantwortlich für die Ausführung der Arbeiten","Männer",,,,,
"2016","Ostschweiz","> Andere","Ohne Kaderfunktion","Geschlecht - Total",3992,3477,3618,5003,5860
"2016","Ostschweiz","> Andere","Ohne Kaderfunktion","Frauen",,,,,
"2016","Ostschweiz","> Andere","Ohne Kaderfunktion","Männer",4108,3526,3618,5003,5820
"2016","Zentralschweiz","Schweizer/innen und Ausländer/innen - Total","Berufliche Stellung - Total","Geschlecht - Total",6451,4343,5186,8424,11245
"2016","Zentralschweiz","Schweizer/innen und Ausländer/innen - Total","Berufliche Stellung - Total","Frauen",5890,4023,4660,7599,9756
"2016","Zentralschweiz","Schweizer/innen und Ausländer/innen - Total","Berufliche Stellung - Total","Männer",6791,4725,5543,9002,12074
"2016","Zentralschweiz","Schweizer/innen und Ausländer/innen - Total","Oberes und mittleres Kader","Geschlecht - Total",9786,5929,7529,13012,18010
"2016","Zentralschweiz","Schweizer/innen und Ausländer/innen - Total","Oberes und mittleres Kader","Frauen",8496,5158,6265,10945,14967
"2016","Zentralschweiz","Schweizer/innen und Ausländer/innen - Total","Oberes und mittleres Kader","Männer",10210,6382,7925,13675,18688
"2016","Zentralschweiz","Schweizer/innen und Ausländer/innen - Total","Unteres Kader","Geschlecht - Total",7808,5067,6310,9828,12364
"2016","Zentralschweiz","Schweizer/innen und Ausländer/innen - Total","Unteres Kader","Frauen",7096,4352,5343,8643,11009
"2016","Zentralschweiz","Schweizer/innen und Ausländer/innen - Total","Unteres Kader","Männer",8175,5563,6715,10219,12779
"2016","Zentralschweiz","Schweizer/innen und Ausländer/innen - Total","Verantwortlich für die Ausführung der Arbeiten","Geschlecht - Total",6571,4650,5505,7910,10066
"2016","Zentralschweiz","Schweizer/innen und Ausländer/innen - Total","Verantwortlich für die Ausführung der Arbeiten","Frauen",5987,4235,4888,7310,8989
"2016","Zentralschweiz","Schweizer/innen und Ausländer/innen - Total","Verantwortlich für die Ausführung der Arbeiten","Männer",6782,5065,5915,8249,10646
"2016","Zentralschweiz","Schweizer/innen und Ausländer/innen - Total","Ohne Kaderfunktion","Geschlecht - Total",5952,4194,4893,7363,9409
"2016","Zentralschweiz","Schweizer/innen und Ausländer/innen - Total","Ohne Kaderfunktion","Frauen",5602,3946,4534,7130,8979
"2016","Zentralschweiz","Schweizer/innen und Ausländer/innen - Total","Ohne Kaderfunktion","Männer",6142,4505,5200,7538,9759
"2016","Zentralschweiz","Schweizer/innen","Berufliche Stellung - Total","Geschlecht - Total",6643,4488,5339,8550,11131
"2016","Zentralschweiz","Schweizer/innen","Berufliche Stellung - Total","Frauen",6018,4149,4792,7631,9666
"2016","Zentralschweiz","Schweizer/innen","Berufliche Stellung - Total","Männer",7037,4891,5757,9217,12025
"2016","Zentralschweiz","Schweizer/innen","Oberes und mittleres Kader","Geschlecht - Total",9556,5929,7458,12380,16387
"2016","Zentralschweiz","Schweizer/innen","Oberes und mittleres Kader","Frauen",8287,5052,6138,10476,13016
"2016","Zentralschweiz","Schweizer/innen","Oberes und mittleres Kader","Männer",10006,6395,7873,13048,17266
"2016","Zentralschweiz","Schweizer/innen","Unteres Kader","Geschlecht - Total",7779,5190,6395,9533,11600
"2016","Zentralschweiz","Schweizer/innen","Unteres Kader","Frauen",7064,4482,5456,8335,10143
"2016","Zentralschweiz","Schweizer/innen","Unteres Kader","Männer",8158,5757,6732,9970,12154
"2016","Zentralschweiz","Schweizer/innen","Verantwortlich für die Ausführung der Arbeiten","Geschlecht - Total",6624,4727,5581,7883,9991
"2016","Zentralschweiz","Schweizer/innen","Verantwortlich für die Ausführung der Arbeiten","Frauen",6067,4212,4989,7304,8890
"2016","Zentralschweiz","Schweizer/innen","Verantwortlich für die Ausführung der Arbeiten","Männer",6868,5159,5983,8320,10518
"2016","Zentralschweiz","Schweizer/innen","Ohne Kaderfunktion","Geschlecht - Total",6113,4329,5034,7518,9498
"2016","Zentralschweiz","Schweizer/innen","Ohne Kaderfunktion","Frauen",5769,4073,4669,7221,9080
"2016","Zentralschweiz","Schweizer/innen","Ohne Kaderfunktion","Männer",6339,4646,5367,7759,9867
"2016","Zentralschweiz","Ausländer/innen","Berufliche Stellung - Total","Geschlecht - Total",5838,4001,4745,7791,11744
"2016","Zentralschweiz","Ausländer/innen","Berufliche Stellung - Total","Frauen",5211,3692,4228,7416,10380
"2016","Zentralschweiz","Ausländer/innen","Berufliche Stellung - Total","Männer",6036,4332,5081,8046,12269
"2016","Zentralschweiz","Ausländer/innen","Oberes und mittleres Kader","Geschlecht - Total",11812,5932,7949,17624,26159
"2016","Zentralschweiz","Ausländer/innen","Oberes und mittleres Kader","Frauen",11066,5406,7771,16628,23449
"2016","Zentralschweiz","Ausländer/innen","Oberes und mittleres Kader","Männer",12174,6279,8095,17959,27934
"2016","Zentralschweiz","Ausländer/innen","Unteres Kader","Geschlecht - Total",8037,4800,5953,11800,14503
"2016","Zentralschweiz","Ausländer/innen","Unteres Kader","Frauen",7391,3618,5140,11003,13754
"2016","Zentralschweiz","Ausländer/innen","Unteres Kader","Männer",8282,5000,6320,11858,14873
"2016","Zentralschweiz","Ausländer/innen","Verantwortlich für die Ausführung der Arbeiten","Geschlecht - Total",6117,4444,5255,8000,10683
"2016","Zentralschweiz","Ausländer/innen","Verantwortlich für die Ausführung der Arbeiten","Frauen",5776,4281,4602,7704,9787
"2016","Zentralschweiz","Ausländer/innen","Verantwortlich für die Ausführung der Arbeiten","Männer",6325,4811,5524,8063,11024
"2016","Zentralschweiz","Ausländer/innen","Ohne Kaderfunktion","Geschlecht - Total",5487,3894,4554,6807,9001
"2016","Zentralschweiz","Ausländer/innen","Ohne Kaderfunktion","Frauen",4898,3634,4126,6682,8558
"2016","Zentralschweiz","Ausländer/innen","Ohne Kaderfunktion","Männer",5686,4180,4877,6858,9331
"2016","Zentralschweiz","> Kurzaufenthalter/innen (Kat. L)","Berufliche Stellung - Total","Geschlecht - Total",5316,3556,4217,6710,8628
"2016","Zentralschweiz","> Kurzaufenthalter/innen (Kat. L)","Berufliche Stellung - Total","Frauen",4282,3420,3794,6750,8333
"2016","Zentralschweiz","> Kurzaufenthalter/innen (Kat. L)","Berufliche Stellung - Total","Männer",5443,3585,4570,6710,8800
"2016","Zentralschweiz","> Kurzaufenthalter/innen (Kat. L)","Oberes und mittleres Kader","Geschlecht - Total",,,,,
"2016","Zentralschweiz","> Kurzaufenthalter/innen (Kat. L)","Oberes und mittleres Kader","Frauen",,,,,
"2016","Zentralschweiz","> Kurzaufenthalter/innen (Kat. L)","Oberes und mittleres Kader","Männer",,,,,
"2016","Zentralschweiz","> Kurzaufenthalter/innen (Kat. L)","Unteres Kader","Geschlecht - Total",,,,,
"2016","Zentralschweiz","> Kurzaufenthalter/innen (Kat. L)","Unteres Kader","Frauen",,,,,
"2016","Zentralschweiz","> Kurzaufenthalter/innen (Kat. L)","Unteres Kader","Männer",,,,,
"2016","Zentralschweiz","> Kurzaufenthalter/innen (Kat. L)","Verantwortlich für die Ausführung der Arbeiten","Geschlecht - Total",,,,,
"2016","Zentralschweiz","> Kurzaufenthalter/innen (Kat. L)","Verantwortlich für die Ausführung der Arbeiten","Frauen",,,,,
"2016","Zentralschweiz","> Kurzaufenthalter/innen (Kat. L)","Verantwortlich für die Ausführung der Arbeiten","Männer",,,,,
"2016","Zentralschweiz","> Kurzaufenthalter/innen (Kat. L)","Ohne Kaderfunktion","Geschlecht - Total",5443,3506,4149,6649,8333
"2016","Zentralschweiz","> Kurzaufenthalter/innen (Kat. L)","Ohne Kaderfunktion","Frauen",4331,3420,3802,6750,8232
"2016","Zentralschweiz","> Kurzaufenthalter/innen (Kat. L)","Ohne Kaderfunktion","Männer",5488,3556,4528,6626,8346
"2016","Zentralschweiz","> Aufenthalter/innen (Kat. B)","Berufliche Stellung - Total","Geschlecht - Total",5725,3874,4607,8141,12362
"2016","Zentralschweiz","> Aufenthalter/innen (Kat. B)","Berufliche Stellung - Total","Frauen",5506,3562,4197,7746,11108
"2016","Zentralschweiz","> Aufenthalter/innen (Kat. B)","Berufliche Stellung - Total","Männer",5759,4092,4779,8490,12962
"2016","Zentralschweiz","> Aufenthalter/innen (Kat. B)","Oberes und mittleres Kader","Geschlecht - Total",13896,5945,9240,20802,30677
"2016","Zentralschweiz","> Aufenthalter/innen (Kat. B)","Oberes und mittleres Kader","Frauen",12503,5406,7797,19797,28705
"2016","Zentralschweiz","> Aufenthalter/innen (Kat. B)","Oberes und mittleres Kader","Männer",14102,6279,9908,20968,30717
"2016","Zentralschweiz","> Aufenthalter/innen (Kat. B)","Unteres Kader","Geschlecht - Total",8557,4471,5259,12300,15264
"2016","Zentralschweiz","> Aufenthalter/innen (Kat. B)","Unteres Kader","Frauen",7157,3467,4781,11344,13889
"2016","Zentralschweiz","> Aufenthalter/innen (Kat. B)","Unteres Kader","Männer",10000,4910,6214,13138,15715
"2016","Zentralschweiz","> Aufenthalter/innen (Kat. B)","Verantwortlich für die Ausführung der Arbeiten","Geschlecht - Total",6065,4424,5144,7919,10948
"2016","Zentralschweiz","> Aufenthalter/innen (Kat. B)","Verantwortlich für die Ausführung der Arbeiten","Frauen",6025,4281,4564,8617,11554
"2016","Zentralschweiz","> Aufenthalter/innen (Kat. B)","Verantwortlich für die Ausführung der Arbeiten","Männer",6065,4706,5495,7281,10863
"2016","Zentralschweiz","> Aufenthalter/innen (Kat. B)","Ohne Kaderfunktion","Geschlecht - Total",5330,3780,4340,6998,9477
"2016","Zentralschweiz","> Aufenthalter/innen (Kat. B)","Ohne Kaderfunktion","Frauen",5211,3561,4076,7056,8926
"2016","Zentralschweiz","> Aufenthalter/innen (Kat. B)","Ohne Kaderfunktion","Männer",5371,3957,4638,6906,9836
"2016","Zentralschweiz","> Niedergelassene (Kat. C)","Berufliche Stellung - Total","Geschlecht - Total",5879,4161,4874,7693,11563
"2016","Zentralschweiz","> Niedergelassene (Kat. C)","Berufliche Stellung - Total","Frauen",5112,3808,4274,7300,10278
"2016","Zentralschweiz","> Niedergelassene (Kat. C)","Berufliche Stellung - Total","Männer",6120,4621,5289,7925,12015
"2016","Zentralschweiz","> Niedergelassene (Kat. C)","Oberes und mittleres Kader","Geschlecht - Total",11127,5843,7748,16338,23061
"2016","Zentralschweiz","> Niedergelassene (Kat. C)","Oberes und mittleres Kader","Frauen",10506,5352,7771,16239,20048
"2016","Zentralschweiz","> Niedergelassene (Kat. C)","Oberes und mittleres Kader","Männer",11270,6185,7748,16338,24482
"2016","Zentralschweiz","> Niedergelassene (Kat. C)","Unteres Kader","Geschlecht - Total",7931,5170,6321,11367,14036
"2016","Zentralschweiz","> Niedergelassene (Kat. C)","Unteres Kader","Frauen",7596,4114,6018,11060,13779
"2016","Zentralschweiz","> Niedergelassene (Kat. C)","Unteres Kader","Männer",8071,5429,6504,11431,14297
"2016","Zentralschweiz","> Niedergelassene (Kat. C)","Verantwortlich für die Ausführung der Arbeiten","Geschlecht - Total",6429,4539,5366,8032,10588
"2016","Zentralschweiz","> Niedergelassene (Kat. C)","Verantwortlich für die Ausführung der Arbeiten","Frauen",5596,4304,4736,7351,9537
"2016","Zentralschweiz","> Niedergelassene (Kat. C)","Verantwortlich für die Ausführung der Arbeiten","Männer",6679,5068,5629,8155,11126
"2016","Zentralschweiz","> Niedergelassene (Kat. C)","Ohne Kaderfunktion","Geschlecht - Total",5534,4040,4656,6660,8750
"2016","Zentralschweiz","> Niedergelassene (Kat. C)","Ohne Kaderfunktion","Frauen",4832,3727,4178,6321,8450
"2016","Zentralschweiz","> Niedergelassene (Kat. C)","Ohne Kaderfunktion","Männer",5787,4479,5097,6780,8960
"2016","Zentralschweiz","> Grenzgänger/innen (Kat. G)","Berufliche Stellung - Total","Geschlecht - Total",7034,4580,5745,8976,12443
"2016","Zentralschweiz","> Grenzgänger/innen (Kat. G)","Berufliche Stellung - Total","Frauen",5776,3524,4413,7291,9536
"2016","Zentralschweiz","> Grenzgänger/innen (Kat. G)","Berufliche Stellung - Total","Männer",7175,4888,6092,9303,12697
"2016","Zentralschweiz","> Grenzgänger/innen (Kat. G)","Oberes und mittleres Kader","Geschlecht - Total",10390,6626,7203,17840,21555
"2016","Zentralschweiz","> Grenzgänger/innen (Kat. G)","Oberes und mittleres Kader","Frauen",,,,,
"2016","Zentralschweiz","> Grenzgänger/innen (Kat. G)","Oberes und mittleres Kader","Männer",10390,6626,7300,17840,21555
"2016","Zentralschweiz","> Grenzgänger/innen (Kat. G)","Unteres Kader","Geschlecht - Total",9162,5982,7480,12443,14836
"2016","Zentralschweiz","> Grenzgänger/innen (Kat. G)","Unteres Kader","Frauen",,,,,
"2016","Zentralschweiz","> Grenzgänger/innen (Kat. G)","Unteres Kader","Männer",,,,,
"2016","Zentralschweiz","> Grenzgänger/innen (Kat. G)","Verantwortlich für die Ausführung der Arbeiten","Geschlecht - Total",,,,,
"2016","Zentralschweiz","> Grenzgänger/innen (Kat. G)","Verantwortlich für die Ausführung der Arbeiten","Frauen",,,,,
"2016","Zentralschweiz","> Grenzgänger/innen (Kat. G)","Verantwortlich für die Ausführung der Arbeiten","Männer",,,,,
"2016","Zentralschweiz","> Grenzgänger/innen (Kat. G)","Ohne Kaderfunktion","Geschlecht - Total",6800,4253,5255,7797,10024
"2016","Zentralschweiz","> Grenzgänger/innen (Kat. G)","Ohne Kaderfunktion","Frauen",5538,3179,3953,7291,8453
"2016","Zentralschweiz","> Grenzgänger/innen (Kat. G)","Ohne Kaderfunktion","Männer",6887,4634,5745,8120,10256
"2016","Zentralschweiz","> Andere","Berufliche Stellung - Total","Geschlecht - Total",3855,3408,3514,5737,8244
"2016","Zentralschweiz","> Andere","Berufliche Stellung - Total","Frauen",3843,3056,3678,4560,5818
"2016","Zentralschweiz","> Andere","Berufliche Stellung - Total","Männer",3855,3408,3512,6250,8849
"2016","Zentralschweiz","> Andere","Oberes und mittleres Kader","Geschlecht - Total",,,,,
"2016","Zentralschweiz","> Andere","Oberes und mittleres Kader","Frauen",,,,,
"2016","Zentralschweiz","> Andere","Oberes und mittleres Kader","Männer",,,,,
"2016","Zentralschweiz","> Andere","Unteres Kader","Geschlecht - Total",,,,,
"2016","Zentralschweiz","> Andere","Unteres Kader","Frauen",..,..,..,..,..
"2016","Zentralschweiz","> Andere","Unteres Kader","Männer",,,,,
"2016","Zentralschweiz","> Andere","Verantwortlich für die Ausführung der Arbeiten","Geschlecht - Total",,,,,
"2016","Zentralschweiz","> Andere","Verantwortlich für die Ausführung der Arbeiten","Frauen",..,..,..,..,..
"2016","Zentralschweiz","> Andere","Verantwortlich für die Ausführung der Arbeiten","Männer",,,,,
"2016","Zentralschweiz","> Andere","Ohne Kaderfunktion","Geschlecht - Total",3843,3408,3512,5156,7015
"2016","Zentralschweiz","> Andere","Ohne Kaderfunktion","Frauen",,,,,
"2016","Zentralschweiz","> Andere","Ohne Kaderfunktion","Männer",3780,3408,3512,5686,7150
"2016","Ticino","Schweizer/innen und Ausländer/innen - Total","Berufliche Stellung - Total","Geschlecht - Total",5563,3520,4331,7244,9622
"2016","Ticino","Schweizer/innen und Ausländer/innen - Total","Berufliche Stellung - Total","Frauen",5119,3296,3900,6797,8474
"2016","Ticino","Schweizer/innen und Ausländer/innen - Total","Berufliche Stellung - Total","Männer",5810,3790,4613,7596,10454
"2016","Ticino","Schweizer/innen und Ausländer/innen - Total","Oberes und mittleres Kader","Geschlecht - Total",8558,4614,6320,12040,16611
"2016","Ticino","Schweizer/innen und Ausländer/innen - Total","Oberes und mittleres Kader","Frauen",7012,4049,5229,9077,13095
"2016","Ticino","Schweizer/innen und Ausländer/innen - Total","Oberes und mittleres Kader","Männer",9212,5097,6715,12895,17584
"2016","Ticino","Schweizer/innen und Ausländer/innen - Total","Unteres Kader","Geschlecht - Total",6793,4333,5465,8641,11064
"2016","Ticino","Schweizer/innen und Ausländer/innen - Total","Unteres Kader","Frauen",6710,3874,5189,8169,9733
"2016","Ticino","Schweizer/innen und Ausländer/innen - Total","Unteres Kader","Männer",6810,4630,5567,9121,11627
"2016","Ticino","Schweizer/innen und Ausländer/innen - Total","Verantwortlich für die Ausführung der Arbeiten","Geschlecht - Total",5921,3940,4789,7120,8410
"2016","Ticino","Schweizer/innen und Ausländer/innen - Total","Verantwortlich für die Ausführung der Arbeiten","Frauen",5493,3674,4421,6896,8168
"2016","Ticino","Schweizer/innen und Ausländer/innen - Total","Verantwortlich für die Ausführung der Arbeiten","Männer",6090,4214,5091,7225,8662
"2016","Ticino","Schweizer/innen und Ausländer/innen - Total","Ohne Kaderfunktion","Geschlecht - Total",5067,3391,4008,6265,7921
"2016","Ticino","Schweizer/innen und Ausländer/innen - Total","Ohne Kaderfunktion","Frauen",4737,3247,3681,6114,7897
"2016","Ticino","Schweizer/innen und Ausländer/innen - Total","Ohne Kaderfunktion","Männer",5253,3567,4257,6344,7955
"2016","Ticino","Schweizer/innen","Berufliche Stellung - Total","Geschlecht - Total",6372,4134,5139,8227,10652
"2016","Ticino","Schweizer/innen","Berufliche Stellung - Total","Frauen",5911,3850,4650,7549,9096
"2016","Ticino","Schweizer/innen","Berufliche Stellung - Total","Männer",6795,4489,5461,8973,11742
"2016","Ticino","Schweizer/innen","Oberes und mittleres Kader","Geschlecht - Total",8708,5000,6580,11989,16312
"2016","Ticino","Schweizer/innen","Oberes und mittleres Kader","Frauen",7095,3953,5415,9077,12520
"2016","Ticino","Schweizer/innen","Oberes und mittleres Kader","Männer",9491,5671,7302,12908,17473
"2016","Ticino","Schweizer/innen","Unteres Kader","Geschlecht - Total",7214,4731,6019,9056,11544
"2016","Ticino","Schweizer/innen","Unteres Kader","Frauen",6852,4246,5543,8170,9786
"2016","Ticino","Schweizer/innen","Unteres Kader","Männer",7570,5149,6222,10042,12258
"2016","Ticino","Schweizer/innen","Verantwortlich für die Ausführung der Arbeiten","Geschlecht - Total",6228,4308,5158,7430,8740
"2016","Ticino","Schweizer/innen","Verantwortlich für die Ausführung der Arbeiten","Frauen",5960,4043,4698,7329,8169
"2016","Ticino","Schweizer/innen","Verantwortlich für die Ausführung der Arbeiten","Männer",6338,4789,5453,7677,9165
"2016","Ticino","Schweizer/innen","Ohne Kaderfunktion","Geschlecht - Total",5862,3956,4766,7382,9003
"2016","Ticino","Schweizer/innen","Ohne Kaderfunktion","Frauen",5598,3720,4504,7109,8723
"2016","Ticino","Schweizer/innen","Ohne Kaderfunktion","Männer",6084,4232,5106,7596,9277
"2016","Ticino","Ausländer/innen","Berufliche Stellung - Total","Geschlecht - Total",4930,3320,3903,6243,8204
"2016","Ticino","Ausländer/innen","Berufliche Stellung - Total","Frauen",4335,3143,3508,5688,7589
"2016","Ticino","Ausländer/innen","Berufliche Stellung - Total","Männer",5229,3537,4224,6457,8649
"2016","Ticino","Ausländer/innen","Oberes und mittleres Kader","Geschlecht - Total",8018,4421,5818,12078,17522
"2016","Ticino","Ausländer/innen","Oberes und mittleres Kader","Frauen",6800,4155,5017,9190,13950
"2016","Ticino","Ausländer/innen","Oberes und mittleres Kader","Männer",8644,4478,6173,12889,17742
"2016","Ticino","Ausländer/innen","Unteres Kader","Geschlecht - Total",6028,4058,5097,7979,10422
"2016","Ticino","Ausländer/innen","Unteres Kader","Frauen",5830,3637,4743,7683,9638
"2016","Ticino","Ausländer/innen","Unteres Kader","Männer",6069,4281,5166,8153,10747
"2016","Ticino","Ausländer/innen","Verantwortlich für die Ausführung der Arbeiten","Geschlecht - Total",5582,3706,4536,6781,8143
"2016","Ticino","Ausländer/innen","Verantwortlich für die Ausführung der Arbeiten","Frauen",5006,3331,4045,6580,7883
"2016","Ticino","Ausländer/innen","Verantwortlich für die Ausführung der Arbeiten","Männer",5824,4004,4803,6881,8232
"2016","Ticino","Ausländer/innen","Ohne Kaderfunktion","Geschlecht - Total",4552,3249,3692,5604,6728
"2016","Ticino","Ausländer/innen","Ohne Kaderfunktion","Frauen",4012,3075,3400,5146,6666
"2016","Ticino","Ausländer/innen","Ohne Kaderfunktion","Männer",4815,3446,3974,5784,6807
"2016","Ticino","> Kurzaufenthalter/innen (Kat. L)","Berufliche Stellung - Total","Geschlecht - Total",4995,3400,3743,8312,16299
"2016","Ticino","> Kurzaufenthalter/innen (Kat. L)","Berufliche Stellung - Total","Frauen",4366,3513,3513,6208,8519
"2016","Ticino","> Kurzaufenthalter/innen (Kat. L)","Berufliche Stellung - Total","Männer",5295,3333,4052,12997,16299
"2016","Ticino","> Kurzaufenthalter/innen (Kat. L)","Oberes und mittleres Kader","Geschlecht - Total",,,,,
"2016","Ticino","> Kurzaufenthalter/innen (Kat. L)","Oberes und mittleres Kader","Frauen",,,,,
"2016","Ticino","> Kurzaufenthalter/innen (Kat. L)","Oberes und mittleres Kader","Männer",,,,,
"2016","Ticino","> Kurzaufenthalter/innen (Kat. L)","Unteres Kader","Geschlecht - Total",,,,,
"2016","Ticino","> Kurzaufenthalter/innen (Kat. L)","Unteres Kader","Frauen",,,,,
"2016","Ticino","> Kurzaufenthalter/innen (Kat. L)","Unteres Kader","Männer",,,,,
"2016","Ticino","> Kurzaufenthalter/innen (Kat. L)","Verantwortlich für die Ausführung der Arbeiten","Geschlecht - Total",,,,,
"2016","Ticino","> Kurzaufenthalter/innen (Kat. L)","Verantwortlich für die Ausführung der Arbeiten","Frauen",,,,,
"2016","Ticino","> Kurzaufenthalter/innen (Kat. L)","Verantwortlich für die Ausführung der Arbeiten","Männer",,,,,
"2016","Ticino","> Kurzaufenthalter/innen (Kat. L)","Ohne Kaderfunktion","Geschlecht - Total",4332,3119,3513,5498,6593
"2016","Ticino","> Kurzaufenthalter/innen (Kat. L)","Ohne Kaderfunktion","Frauen",3691,3378,3513,5667,6605
"2016","Ticino","> Kurzaufenthalter/innen (Kat. L)","Ohne Kaderfunktion","Männer",4585,3111,3409,5394,6350
"2016","Ticino","> Aufenthalter/innen (Kat. B)","Berufliche Stellung - Total","Geschlecht - Total",5277,3518,4112,7059,10398
"2016","Ticino","> Aufenthalter/innen (Kat. B)","Berufliche Stellung - Total","Frauen",4874,3392,3900,6444,8467
"2016","Ticino","> Aufenthalter/innen (Kat. B)","Berufliche Stellung - Total","Männer",5514,3677,4380,7570,11657
"2016","Ticino","> Aufenthalter/innen (Kat. B)","Oberes und mittleres Kader","Geschlecht - Total",8537,4421,5975,13334,18685
"2016","Ticino","> Aufenthalter/innen (Kat. B)","Oberes und mittleres Kader","Frauen",6800,4007,4614,9135,14657
"2016","Ticino","> Aufenthalter/innen (Kat. B)","Oberes und mittleres Kader","Männer",9510,4421,6500,13735,18685
"2016","Ticino","> Aufenthalter/innen (Kat. B)","Unteres Kader","Geschlecht - Total",7143,4489,5550,9757,13328
"2016","Ticino","> Aufenthalter/innen (Kat. B)","Unteres Kader","Frauen",7014,4013,5709,8904,9996
"2016","Ticino","> Aufenthalter/innen (Kat. B)","Unteres Kader","Männer",7718,4630,5544,11432,15453
"2016","Ticino","> Aufenthalter/innen (Kat. B)","Verantwortlich für die Ausführung der Arbeiten","Geschlecht - Total",6013,4331,4874,7525,10607
"2016","Ticino","> Aufenthalter/innen (Kat. B)","Verantwortlich für die Ausführung der Arbeiten","Frauen",5592,3810,4539,7194,10243
"2016","Ticino","> Aufenthalter/innen (Kat. B)","Verantwortlich für die Ausführung der Arbeiten","Männer",6013,4473,5078,7546,10866
"2016","Ticino","> Aufenthalter/innen (Kat. B)","Ohne Kaderfunktion","Geschlecht - Total",4728,3431,3911,5887,7386
"2016","Ticino","> Aufenthalter/innen (Kat. B)","Ohne Kaderfunktion","Frauen",4365,3259,3677,5687,7211
"2016","Ticino","> Aufenthalter/innen (Kat. B)","Ohne Kaderfunktion","Männer",4815,3508,3989,6089,7613
"2016","Ticino","> Niedergelassene (Kat. C)","Berufliche Stellung - Total","Geschlecht - Total",5461,3713,4449,6976,9667
"2016","Ticino","> Niedergelassene (Kat. C)","Berufliche Stellung - Total","Frauen",4781,3501,3962,6206,8039
"2016","Ticino","> Niedergelassene (Kat. C)","Berufliche Stellung - Total","Männer",5815,4023,4766,7458,10290
"2016","Ticino","> Niedergelassene (Kat. C)","Oberes und mittleres Kader","Geschlecht - Total",8644,4477,6190,11816,17220
"2016","Ticino","> Niedergelassene (Kat. C)","Oberes und mittleres Kader","Frauen",6800,4390,5026,11158,14531
"2016","Ticino","> Niedergelassene (Kat. C)","Oberes und mittleres Kader","Männer",9244,4533,6336,12194,17574
"2016","Ticino","> Niedergelassene (Kat. C)","Unteres Kader","Geschlecht - Total",6976,4718,5592,8916,11491
"2016","Ticino","> Niedergelassene (Kat. C)","Unteres Kader","Frauen",6776,3862,4956,8204,10344
"2016","Ticino","> Niedergelassene (Kat. C)","Unteres Kader","Männer",7098,5091,5764,9120,11803
"2016","Ticino","> Niedergelassene (Kat. C)","Verantwortlich für die Ausführung der Arbeiten","Geschlecht - Total",5829,3968,4765,6981,8711
"2016","Ticino","> Niedergelassene (Kat. C)","Verantwortlich für die Ausführung der Arbeiten","Frauen",5302,3832,4453,6579,8229
"2016","Ticino","> Niedergelassene (Kat. C)","Verantwortlich für die Ausführung der Arbeiten","Männer",6015,4230,4982,7312,8928
"2016","Ticino","> Niedergelassene (Kat. C)","Ohne Kaderfunktion","Geschlecht - Total",4999,3611,4201,5953,7414
"2016","Ticino","> Niedergelassene (Kat. C)","Ohne Kaderfunktion","Frauen",4546,3415,3791,5423,7103
"2016","Ticino","> Niedergelassene (Kat. C)","Ohne Kaderfunktion","Männer",5345,3881,4549,6230,7570
"2016","Ticino","> Grenzgänger/innen (Kat. G)","Berufliche Stellung - Total","Geschlecht - Total",4700,3246,3723,5880,7398
"2016","Ticino","> Grenzgänger/innen (Kat. G)","Berufliche Stellung - Total","Frauen",3998,3032,3338,5381,7127
"2016","Ticino","> Grenzgänger/innen (Kat. G)","Berufliche Stellung - Total","Männer",4997,3454,4046,6051,7528
"2016","Ticino","> Grenzgänger/innen (Kat. G)","Oberes und mittleres Kader","Geschlecht - Total",7397,4471,5441,11143,16505
"2016","Ticino","> Grenzgänger/innen (Kat. G)","Oberes und mittleres Kader","Frauen",6839,4332,4863,8222,12932
"2016","Ticino","> Grenzgänger/innen (Kat. G)","Oberes und mittleres Kader","Männer",7907,4478,5818,12120,17331
"2016","Ticino","> Grenzgänger/innen (Kat. G)","Unteres Kader","Geschlecht - Total",5649,3810,4820,7149,9240
"2016","Ticino","> Grenzgänger/innen (Kat. G)","Unteres Kader","Frauen",5500,3403,4419,7012,8594
"2016","Ticino","> Grenzgänger/innen (Kat. G)","Unteres Kader","Männer",5777,4044,4937,7204,9523
"2016","Ticino","> Grenzgänger/innen (Kat. G)","Verantwortlich für die Ausführung der Arbeiten","Geschlecht - Total",5423,3554,4394,6654,7838
"2016","Ticino","> Grenzgänger/innen (Kat. G)","Verantwortlich für die Ausführung der Arbeiten","Frauen",4817,3195,3857,6303,7563
"2016","Ticino","> Grenzgänger/innen (Kat. G)","Verantwortlich für die Ausführung der Arbeiten","Männer",5647,3869,4686,6715,7904
"2016","Ticino","> Grenzgänger/innen (Kat. G)","Ohne Kaderfunktion","Geschlecht - Total",4367,3169,3554,5428,6461
"2016","Ticino","> Grenzgänger/innen (Kat. G)","Ohne Kaderfunktion","Frauen",3732,2999,3262,4811,6308
"2016","Ticino","> Grenzgänger/innen (Kat. G)","Ohne Kaderfunktion","Männer",4675,3370,3866,5602,6513
"2016","Ticino","> Andere","Berufliche Stellung - Total","Geschlecht - Total",4438,3129,3640,5401,6713
"2016","Ticino","> Andere","Berufliche Stellung - Total","Frauen",4019,2982,3253,5251,6384
"2016","Ticino","> Andere","Berufliche Stellung - Total","Männer",4753,3465,4015,5401,6713
"2016","Ticino","> Andere","Oberes und mittleres Kader","Geschlecht - Total",,,,,
"2016","Ticino","> Andere","Oberes und mittleres Kader","Frauen",,,,,
"2016","Ticino","> Andere","Oberes und mittleres Kader","Männer",,,,,
"2016","Ticino","> Andere","Unteres Kader","Geschlecht - Total",,,,,
"2016","Ticino","> Andere","Unteres Kader","Frauen",,,,,
"2016","Ticino","> Andere","Unteres Kader","Männer",,,,,
"2016","Ticino","> Andere","Verantwortlich für die Ausführung der Arbeiten","Geschlecht - Total",,,,,
"2016","Ticino","> Andere","Verantwortlich für die Ausführung der Arbeiten","Frauen",,,,,
"2016","Ticino","> Andere","Verantwortlich für die Ausführung der Arbeiten","Männer",,,,,
"2016","Ticino","> Andere","Ohne Kaderfunktion","Geschlecht - Total",4305,3105,3587,5095,6129
"2016","Ticino","> Andere","Ohne Kaderfunktion","Frauen",3968,3049,3300,4816,6048
"2016","Ticino","> Andere","Ohne Kaderfunktion","Männer",4323,3300,3918,5205,6129
"2014","Schweiz","Schweizer/innen und Ausländer/innen - Total","Berufliche Stellung - Total","Geschlecht - Total",6427,4253,5101,8383,11185
"2014","Schweiz","Schweizer/innen und Ausländer/innen - Total","Berufliche Stellung - Total","Frauen",5907,3968,4643,7567,9644
"2014","Schweiz","Schweizer/innen und Ausländer/innen - Total","Berufliche Stellung - Total","Männer",6751,4563,5444,9000,12086
"2014","Schweiz","Schweizer/innen und Ausländer/innen - Total","Oberes und mittleres Kader","Geschlecht - Total",10238,6048,7715,13584,18307
"2014","Schweiz","Schweizer/innen und Ausländer/innen - Total","Oberes und mittleres Kader","Frauen",8695,5098,6670,11354,14950
"2014","Schweiz","Schweizer/innen und Ausländer/innen - Total","Oberes und mittleres Kader","Männer",10830,6499,8150,14286,19234
"2014","Schweiz","Schweizer/innen und Ausländer/innen - Total","Unteres Kader","Geschlecht - Total",8202,5198,6467,10318,12492
"2014","Schweiz","Schweizer/innen und Ausländer/innen - Total","Unteres Kader","Frauen",7434,4694,5796,9313,11412
"2014","Schweiz","Schweizer/innen und Ausländer/innen - Total","Unteres Kader","Männer",8647,5594,6834,10731,12900
"2014","Schweiz","Schweizer/innen und Ausländer/innen - Total","Verantwortlich für die Ausführung der Arbeiten","Geschlecht - Total",6873,4722,5647,8465,10491
"2014","Schweiz","Schweizer/innen und Ausländer/innen - Total","Verantwortlich für die Ausführung der Arbeiten","Frauen",6411,4333,5106,7847,9660
"2014","Schweiz","Schweizer/innen und Ausländer/innen - Total","Verantwortlich für die Ausführung der Arbeiten","Männer",7128,5057,5958,8798,10833
"2014","Schweiz","Schweizer/innen und Ausländer/innen - Total","Ohne Kaderfunktion","Geschlecht - Total",5856,4067,4770,7200,8931
"2014","Schweiz","Schweizer/innen und Ausländer/innen - Total","Ohne Kaderfunktion","Frauen",5500,3817,4454,6925,8474
"2014","Schweiz","Schweizer/innen und Ausländer/innen - Total","Ohne Kaderfunktion","Männer",6057,4319,5055,7392,9260
"2014","Schweiz","Schweizer/innen","Berufliche Stellung - Total","Geschlecht - Total",6713,4445,5359,8683,11364
"2014","Schweiz","Schweizer/innen","Berufliche Stellung - Total","Frauen",6088,4144,4833,7653,9627
"2014","Schweiz","Schweizer/innen","Berufliche Stellung - Total","Männer",7200,4838,5794,9471,12381
"2014","Schweiz","Schweizer/innen","Oberes und mittleres Kader","Geschlecht - Total",10060,6111,7696,13109,17288
"2014","Schweiz","Schweizer/innen","Oberes und mittleres Kader","Frauen",8533,5067,6627,10938,13821
"2014","Schweiz","Schweizer/innen","Oberes und mittleres Kader","Männer",10652,6553,8140,13847,18286
"2014","Schweiz","Schweizer/innen","Unteres Kader","Geschlecht - Total",8182,5360,6560,10162,12137
"2014","Schweiz","Schweizer/innen","Unteres Kader","Frauen",7359,4744,5812,9053,10921
"2014","Schweiz","Schweizer/innen","Unteres Kader","Männer",8680,5810,7000,10629,12596
"2014","Schweiz","Schweizer/innen","Verantwortlich für die Ausführung der Arbeiten","Geschlecht - Total",6968,4800,5744,8482,10317
"2014","Schweiz","Schweizer/innen","Verantwortlich für die Ausführung der Arbeiten","Frauen",6397,4372,5143,7749,9308
"2014","Schweiz","Schweizer/innen","Verantwortlich für die Ausführung der Arbeiten","Männer",7307,5230,6130,8896,10731
"2014","Schweiz","Schweizer/innen","Ohne Kaderfunktion","Geschlecht - Total",6096,4254,4979,7456,9201
"2014","Schweiz","Schweizer/innen","Ohne Kaderfunktion","Frauen",5726,4033,4648,7056,8566
"2014","Schweiz","Schweizer/innen","Ohne Kaderfunktion","Männer",6371,4546,5323,7792,9667
"2014","Schweiz","Ausländer/innen","Berufliche Stellung - Total","Geschlecht - Total",5833,3945,4679,7593,10648
"2014","Schweiz","Ausländer/innen","Berufliche Stellung - Total","Frauen",5318,3628,4250,7265,9696
"2014","Schweiz","Ausländer/innen","Berufliche Stellung - Total","Männer",6011,4202,4968,7789,11206
"2014","Schweiz","Ausländer/innen","Oberes und mittleres Kader","Geschlecht - Total",11190,5810,7812,15845,21655
"2014","Schweiz","Ausländer/innen","Oberes und mittleres Kader","Frauen",9736,5188,6912,13896,19150
"2014","Schweiz","Ausländer/innen","Oberes und mittleres Kader","Männer",11797,6165,8253,16425,22387
"2014","Schweiz","Ausländer/innen","Unteres Kader","Geschlecht - Total",8261,4893,6157,10822,13458
"2014","Schweiz","Ausländer/innen","Unteres Kader","Frauen",7800,4444,5766,10208,12665
"2014","Schweiz","Ausländer/innen","Unteres Kader","Männer",8494,5049,6370,11111,13809
"2014","Schweiz","Ausländer/innen","Verantwortlich für die Ausführung der Arbeiten","Geschlecht - Total",6660,4549,5459,8418,10910
"2014","Schweiz","Ausländer/innen","Verantwortlich für die Ausführung der Arbeiten","Frauen",6457,4219,5062,8282,10500
"2014","Schweiz","Ausländer/innen","Verantwortlich für die Ausführung der Arbeiten","Männer",6752,4782,5621,8500,11078
"2014","Schweiz","Ausländer/innen","Ohne Kaderfunktion","Geschlecht - Total",5423,3803,4461,6645,8314
"2014","Schweiz","Ausländer/innen","Ohne Kaderfunktion","Frauen",4918,3533,4101,6511,8216
"2014","Schweiz","Ausländer/innen","Ohne Kaderfunktion","Männer",5619,4038,4740,6693,8360
"2014","Schweiz","> Kurzaufenthalter/innen (Kat. L)","Berufliche Stellung - Total","Geschlecht - Total",5381,3518,4284,6404,8443
"2014","Schweiz","> Kurzaufenthalter/innen (Kat. L)","Berufliche Stellung - Total","Frauen",4583,3242,3636,6478,8390
"2014","Schweiz","> Kurzaufenthalter/innen (Kat. L)","Berufliche Stellung - Total","Männer",5481,3756,4575,6398,8487
"2014","Schweiz","> Kurzaufenthalter/innen (Kat. L)","Oberes und mittleres Kader","Geschlecht - Total",9433,5188,6339,14447,16930
"2014","Schweiz","> Kurzaufenthalter/innen (Kat. L)","Oberes und mittleres Kader","Frauen",6869,4524,5188,10369,13275
"2014","Schweiz","> Kurzaufenthalter/innen (Kat. L)","Oberes und mittleres Kader","Männer",11668,5603,7378,15238,17724
"2014","Schweiz","> Kurzaufenthalter/innen (Kat. L)","Unteres Kader","Geschlecht - Total",5834,4085,4444,9538,10989
"2014","Schweiz","> Kurzaufenthalter/innen (Kat. L)","Unteres Kader","Frauen",5980,3491,4225,7733,11010
"2014","Schweiz","> Kurzaufenthalter/innen (Kat. L)","Unteres Kader","Männer",5738,4095,4511,10073,10989
"2014","Schweiz","> Kurzaufenthalter/innen (Kat. L)","Verantwortlich für die Ausführung der Arbeiten","Geschlecht - Total",6515,4400,5576,9221,15484
"2014","Schweiz","> Kurzaufenthalter/innen (Kat. L)","Verantwortlich für die Ausführung der Arbeiten","Frauen",6381,4120,4939,8528,9019
"2014","Schweiz","> Kurzaufenthalter/innen (Kat. L)","Verantwortlich für die Ausführung der Arbeiten","Männer",6774,4580,5664,12027,16666
"2014","Schweiz","> Kurzaufenthalter/innen (Kat. L)","Ohne Kaderfunktion","Geschlecht - Total",5270,3470,4180,6119,7345
"2014","Schweiz","> Kurzaufenthalter/innen (Kat. L)","Ohne Kaderfunktion","Frauen",4286,3095,3518,6003,7462
"2014","Schweiz","> Kurzaufenthalter/innen (Kat. L)","Ohne Kaderfunktion","Männer",5385,3706,4490,6143,7322
"2014","Schweiz","> Aufenthalter/innen (Kat. B)","Berufliche Stellung - Total","Geschlecht - Total",5596,3780,4411,7619,10937
"2014","Schweiz","> Aufenthalter/innen (Kat. B)","Berufliche Stellung - Total","Frauen",5418,3567,4127,7404,10001
"2014","Schweiz","> Aufenthalter/innen (Kat. B)","Berufliche Stellung - Total","Männer",5658,3941,4591,7772,11564
"2014","Schweiz","> Aufenthalter/innen (Kat. B)","Oberes und mittleres Kader","Geschlecht - Total",12153,5757,8211,17397,24166
"2014","Schweiz","> Aufenthalter/innen (Kat. B)","Oberes und mittleres Kader","Frauen",10030,4863,6702,14519,20127
"2014","Schweiz","> Aufenthalter/innen (Kat. B)","Oberes und mittleres Kader","Männer",13194,6413,9278,18773,25656
"2014","Schweiz","> Aufenthalter/innen (Kat. B)","Unteres Kader","Geschlecht - Total",8534,4694,6040,11270,14304
"2014","Schweiz","> Aufenthalter/innen (Kat. B)","Unteres Kader","Frauen",7787,4574,5716,10337,12919
"2014","Schweiz","> Aufenthalter/innen (Kat. B)","Unteres Kader","Männer",8956,4839,6317,11860,15157
"2014","Schweiz","> Aufenthalter/innen (Kat. B)","Verantwortlich für die Ausführung der Arbeiten","Geschlecht - Total",6972,4442,5423,9350,12015
"2014","Schweiz","> Aufenthalter/innen (Kat. B)","Verantwortlich für die Ausführung der Arbeiten","Frauen",6846,4383,5374,8892,10996
"2014","Schweiz","> Aufenthalter/innen (Kat. B)","Verantwortlich für die Ausführung der Arbeiten","Männer",7040,4517,5472,9673,13052
"2014","Schweiz","> Aufenthalter/innen (Kat. B)","Ohne Kaderfunktion","Geschlecht - Total",5110,3686,4223,6546,8311
"2014","Schweiz","> Aufenthalter/innen (Kat. B)","Ohne Kaderfunktion","Frauen",4819,3502,3969,6666,8249
"2014","Schweiz","> Aufenthalter/innen (Kat. B)","Ohne Kaderfunktion","Männer",5209,3822,4391,6508,8336
"2014","Schweiz","> Niedergelassene (Kat. C)","Berufliche Stellung - Total","Geschlecht - Total",5878,4097,4792,7552,10783
"2014","Schweiz","> Niedergelassene (Kat. C)","Berufliche Stellung - Total","Frauen",5179,3729,4296,7082,9587
"2014","Schweiz","> Niedergelassene (Kat. C)","Berufliche Stellung - Total","Männer",6130,4444,5170,7822,11429
"2014","Schweiz","> Niedergelassene (Kat. C)","Oberes und mittleres Kader","Geschlecht - Total",11195,5761,7810,15660,21572
"2014","Schweiz","> Niedergelassene (Kat. C)","Oberes und mittleres Kader","Frauen",9928,5291,7099,13831,19034
"2014","Schweiz","> Niedergelassene (Kat. C)","Oberes und mittleres Kader","Männer",11663,6000,8132,16166,22387
"2014","Schweiz","> Niedergelassene (Kat. C)","Unteres Kader","Geschlecht - Total",8456,5039,6313,10895,13425
"2014","Schweiz","> Niedergelassene (Kat. C)","Unteres Kader","Frauen",8060,4448,5923,10283,12889
"2014","Schweiz","> Niedergelassene (Kat. C)","Unteres Kader","Männer",8666,5222,6465,11196,13699
"2014","Schweiz","> Niedergelassene (Kat. C)","Verantwortlich für die Ausführung der Arbeiten","Geschlecht - Total",6588,4640,5516,8141,10591
"2014","Schweiz","> Niedergelassene (Kat. C)","Verantwortlich für die Ausführung der Arbeiten","Frauen",6297,4206,4952,8029,10400
"2014","Schweiz","> Niedergelassene (Kat. C)","Verantwortlich für die Ausführung der Arbeiten","Männer",6664,4977,5720,8179,10676
"2014","Schweiz","> Niedergelassene (Kat. C)","Ohne Kaderfunktion","Geschlecht - Total",5477,3962,4582,6576,8135
"2014","Schweiz","> Niedergelassene (Kat. C)","Ohne Kaderfunktion","Frauen",4850,3640,4170,6223,7984
"2014","Schweiz","> Niedergelassene (Kat. C)","Ohne Kaderfunktion","Männer",5757,4286,4953,6692,8235
"2014","Schweiz","> Grenzgänger/innen (Kat. G)","Berufliche Stellung - Total","Geschlecht - Total",6034,3941,4834,7798,10323
"2014","Schweiz","> Grenzgänger/innen (Kat. G)","Berufliche Stellung - Total","Frauen",5656,3508,4353,7552,9691
"2014","Schweiz","> Grenzgänger/innen (Kat. G)","Berufliche Stellung - Total","Männer",6166,4214,5059,7915,10731
"2014","Schweiz","> Grenzgänger/innen (Kat. G)","Oberes und mittleres Kader","Geschlecht - Total",10366,6003,7704,14994,19698
"2014","Schweiz","> Grenzgänger/innen (Kat. G)","Oberes und mittleres Kader","Frauen",8951,5321,6802,13129,18355
"2014","Schweiz","> Grenzgänger/innen (Kat. G)","Oberes und mittleres Kader","Männer",10849,6246,8002,15237,20105
"2014","Schweiz","> Grenzgänger/innen (Kat. G)","Unteres Kader","Geschlecht - Total",7819,4875,6101,10237,12698
"2014","Schweiz","> Grenzgänger/innen (Kat. G)","Unteres Kader","Frauen",7494,4424,5480,9880,12135
"2014","Schweiz","> Grenzgänger/innen (Kat. G)","Unteres Kader","Männer",7948,5100,6270,10399,13016
"2014","Schweiz","> Grenzgänger/innen (Kat. G)","Verantwortlich für die Ausführung der Arbeiten","Geschlecht - Total",6641,4434,5351,8223,10509
"2014","Schweiz","> Grenzgänger/innen (Kat. G)","Verantwortlich für die Ausführung der Arbeiten","Frauen",6283,4133,4968,8047,9979
"2014","Schweiz","> Grenzgänger/innen (Kat. G)","Verantwortlich für die Ausführung der Arbeiten","Männer",6767,4707,5510,8276,10688
"2014","Schweiz","> Grenzgänger/innen (Kat. G)","Ohne Kaderfunktion","Geschlecht - Total",5645,3748,4603,6988,8746
"2014","Schweiz","> Grenzgänger/innen (Kat. G)","Ohne Kaderfunktion","Frauen",5333,3419,4179,6963,8785
"2014","Schweiz","> Grenzgänger/innen (Kat. G)","Ohne Kaderfunktion","Männer",5765,4010,4814,7000,8725
"2014","Schweiz","> Andere","Berufliche Stellung - Total","Geschlecht - Total",5343,3515,4196,6836,8668
"2014","Schweiz","> Andere","Berufliche Stellung - Total","Frauen",4703,3363,3860,6852,9166
"2014","Schweiz","> Andere","Berufliche Stellung - Total","Männer",5402,3615,4333,6821,8623
"2014","Schweiz","> Andere","Oberes und mittleres Kader","Geschlecht - Total",11573,6604,7429,15838,21898
"2014","Schweiz","> Andere","Oberes und mittleres Kader","Frauen",11423,6500,6782,15585,19888
"2014","Schweiz","> Andere","Oberes und mittleres Kader","Männer",11573,7042,7429,15858,22296
"2014","Schweiz","> Andere","Unteres Kader","Geschlecht - Total",7484,4322,5983,10000,11891
"2014","Schweiz","> Andere","Unteres Kader","Frauen",7969,4620,6164,10000,11581
"2014","Schweiz","> Andere","Unteres Kader","Männer",7099,4223,5678,9898,12047
"2014","Schweiz","> Andere","Verantwortlich für die Ausführung der Arbeiten","Geschlecht - Total",8000,4645,5964,8085,9756
"2014","Schweiz","> Andere","Verantwortlich für die Ausführung der Arbeiten","Frauen",6147,4300,4645,7993,9214
"2014","Schweiz","> Andere","Verantwortlich für die Ausführung der Arbeiten","Männer",8085,5063,6562,8528,9756
"2014","Schweiz","> Andere","Ohne Kaderfunktion","Geschlecht - Total",5070,3467,4042,6135,7338
"2014","Schweiz","> Andere","Ohne Kaderfunktion","Frauen",4374,3220,3670,5855,7517
"2014","Schweiz","> Andere","Ohne Kaderfunktion","Männer",5276,3518,4181,6158,7309
"2014","Région lémanique","Schweizer/innen und Ausländer/innen - Total","Berufliche Stellung - Total","Geschlecht - Total",6497,4128,5052,8598,11667
"2014","Région lémanique","Schweizer/innen und Ausländer/innen - Total","Berufliche Stellung - Total","Frauen",6189,3882,4716,8061,10343
"2014","Région lémanique","Schweizer/innen und Ausländer/innen - Total","Berufliche Stellung - Total","Männer",6682,4374,5291,9064,12640
"2014","Région lémanique","Schweizer/innen und Ausländer/innen - Total","Oberes und mittleres Kader","Geschlecht - Total",10833,6190,7997,14753,20270
"2014","Région lémanique","Schweizer/innen und Ausländer/innen - Total","Oberes und mittleres Kader","Frauen",9559,5610,7208,12666,16927
"2014","Région lémanique","Schweizer/innen und Ausländer/innen - Total","Oberes und mittleres Kader","Männer",11370,6405,8254,15522,21113
"2014","Région lémanique","Schweizer/innen und Ausländer/innen - Total","Unteres Kader","Geschlecht - Total",8598,5188,6554,11056,14054
"2014","Région lémanique","Schweizer/innen und Ausländer/innen - Total","Unteres Kader","Frauen",8094,4801,6120,10338,12854
"2014","Région lémanique","Schweizer/innen und Ausländer/innen - Total","Unteres Kader","Männer",8911,5500,6834,11404,14488
"2014","Région lémanique","Schweizer/innen und Ausländer/innen - Total","Verantwortlich für die Ausführung der Arbeiten","Geschlecht - Total",6949,4781,5668,8829,11357
"2014","Région lémanique","Schweizer/innen und Ausländer/innen - Total","Verantwortlich für die Ausführung der Arbeiten","Frauen",6630,4369,5264,8474,10977
"2014","Région lémanique","Schweizer/innen und Ausländer/innen - Total","Verantwortlich für die Ausführung der Arbeiten","Männer",7119,5022,5871,9009,11557
"2014","Région lémanique","Schweizer/innen und Ausländer/innen - Total","Ohne Kaderfunktion","Geschlecht - Total",5899,3921,4690,7421,9282
"2014","Région lémanique","Schweizer/innen und Ausländer/innen - Total","Ohne Kaderfunktion","Frauen",5796,3732,4473,7450,9158
"2014","Région lémanique","Schweizer/innen und Ausländer/innen - Total","Ohne Kaderfunktion","Männer",5960,4105,4855,7388,9390
"2014","Région lémanique","Schweizer/innen","Berufliche Stellung - Total","Geschlecht - Total",6981,4439,5478,9083,12080
"2014","Région lémanique","Schweizer/innen","Berufliche Stellung - Total","Frauen",6498,4139,5073,8248,10491
"2014","Région lémanique","Schweizer/innen","Berufliche Stellung - Total","Männer",7417,4790,5815,9924,13205
"2014","Région lémanique","Schweizer/innen","Oberes und mittleres Kader","Geschlecht - Total",10562,6190,7936,14110,19059
"2014","Région lémanique","Schweizer/innen","Oberes und mittleres Kader","Frauen",9341,5592,7208,12032,15695
"2014","Région lémanique","Schweizer/innen","Oberes und mittleres Kader","Männer",11108,6500,8151,14695,20078
"2014","Région lémanique","Schweizer/innen","Unteres Kader","Geschlecht - Total",8598,5457,6798,10855,13151
"2014","Région lémanique","Schweizer/innen","Unteres Kader","Frauen",7994,4917,6204,9990,12099
"2014","Région lémanique","Schweizer/innen","Unteres Kader","Männer",9015,5756,7068,11206,13617
"2014","Région lémanique","Schweizer/innen","Verantwortlich für die Ausführung der Arbeiten","Geschlecht - Total",7083,4875,5765,8917,11334
"2014","Région lémanique","Schweizer/innen","Verantwortlich für die Ausführung der Arbeiten","Frauen",6590,4500,5273,8269,10658
"2014","Région lémanique","Schweizer/innen","Verantwortlich für die Ausführung der Arbeiten","Männer",7482,5165,6110,9220,11660
"2014","Région lémanique","Schweizer/innen","Ohne Kaderfunktion","Geschlecht - Total",6352,4187,5088,7900,9845
"2014","Région lémanique","Schweizer/innen","Ohne Kaderfunktion","Frauen",6160,4007,4863,7709,9420
"2014","Région lémanique","Schweizer/innen","Ohne Kaderfunktion","Männer",6532,4435,5309,8105,10255
"2014","Région lémanique","Ausländer/innen","Berufliche Stellung - Total","Geschlecht - Total",5940,3911,4667,7885,10935
"2014","Région lémanique","Ausländer/innen","Berufliche Stellung - Total","Frauen",5665,3664,4313,7722,10115
"2014","Région lémanique","Ausländer/innen","Berufliche Stellung - Total","Männer",6038,4121,4872,8000,11653
"2014","Région lémanique","Ausländer/innen","Oberes und mittleres Kader","Geschlecht - Total",11555,6071,8119,16335,22111
"2014","Région lémanique","Ausländer/innen","Oberes und mittleres Kader","Frauen",10307,5693,7243,14175,18870
"2014","Région lémanique","Ausländer/innen","Oberes und mittleres Kader","Männer",12029,6250,8421,17084,22916
"2014","Région lémanique","Ausländer/innen","Unteres Kader","Geschlecht - Total",8588,5024,6270,11504,14992
"2014","Région lémanique","Ausländer/innen","Unteres Kader","Frauen",8297,4720,6023,10833,13720
"2014","Région lémanique","Ausländer/innen","Unteres Kader","Männer",8744,5158,6402,11950,15462
"2014","Région lémanique","Ausländer/innen","Verantwortlich für die Ausführung der Arbeiten","Geschlecht - Total",6770,4680,5527,8699,11374
"2014","Région lémanique","Ausländer/innen","Verantwortlich für die Ausführung der Arbeiten","Frauen",6700,4225,5244,8790,11225
"2014","Région lémanique","Ausländer/innen","Verantwortlich für die Ausführung der Arbeiten","Männer",6800,4914,5674,8654,11474
"2014","Région lémanique","Ausländer/innen","Ohne Kaderfunktion","Geschlecht - Total",5453,3755,4391,6796,8557
"2014","Région lémanique","Ausländer/innen","Ohne Kaderfunktion","Frauen",5200,3563,4126,6954,8740
"2014","Région lémanique","Ausländer/innen","Ohne Kaderfunktion","Männer",5569,3929,4605,6714,8426
"2014","Région lémanique","> Kurzaufenthalter/innen (Kat. L)","Berufliche Stellung - Total","Geschlecht - Total",5261,3504,4052,6000,7545
"2014","Région lémanique","> Kurzaufenthalter/innen (Kat. L)","Berufliche Stellung - Total","Frauen",4768,3363,3632,6593,8102
"2014","Région lémanique","> Kurzaufenthalter/innen (Kat. L)","Berufliche Stellung - Total","Männer",5339,3645,4286,5887,7207
"2014","Région lémanique","> Kurzaufenthalter/innen (Kat. L)","Oberes und mittleres Kader","Geschlecht - Total",,,,,
"2014","Région lémanique","> Kurzaufenthalter/innen (Kat. L)","Oberes und mittleres Kader","Frauen",,,,,
"2014","Région lémanique","> Kurzaufenthalter/innen (Kat. L)","Oberes und mittleres Kader","Männer",,,,,
"2014","Région lémanique","> Kurzaufenthalter/innen (Kat. L)","Unteres Kader","Geschlecht - Total",5869,3491,5159,6631,8276
"2014","Région lémanique","> Kurzaufenthalter/innen (Kat. L)","Unteres Kader","Frauen",,,,,
"2014","Région lémanique","> Kurzaufenthalter/innen (Kat. L)","Unteres Kader","Männer",,,,,
"2014","Région lémanique","> Kurzaufenthalter/innen (Kat. L)","Verantwortlich für die Ausführung der Arbeiten","Geschlecht - Total",,,,,
"2014","Région lémanique","> Kurzaufenthalter/innen (Kat. L)","Verantwortlich für die Ausführung der Arbeiten","Frauen",,,,,
"2014","Région lémanique","> Kurzaufenthalter/innen (Kat. L)","Verantwortlich für die Ausführung der Arbeiten","Männer",,,,,
"2014","Région lémanique","> Kurzaufenthalter/innen (Kat. L)","Ohne Kaderfunktion","Geschlecht - Total",5106,3504,3997,5855,7013
"2014","Région lémanique","> Kurzaufenthalter/innen (Kat. L)","Ohne Kaderfunktion","Frauen",4549,3191,3619,6400,7677
"2014","Région lémanique","> Kurzaufenthalter/innen (Kat. L)","Ohne Kaderfunktion","Männer",5203,3573,4181,5746,6807
"2014","Région lémanique","> Aufenthalter/innen (Kat. B)","Berufliche Stellung - Total","Geschlecht - Total",5352,3640,4162,7334,10987
"2014","Région lémanique","> Aufenthalter/innen (Kat. B)","Berufliche Stellung - Total","Frauen",5249,3515,3968,7364,10125
"2014","Région lémanique","> Aufenthalter/innen (Kat. B)","Berufliche Stellung - Total","Männer",5366,3770,4344,7299,11700
"2014","Région lémanique","> Aufenthalter/innen (Kat. B)","Oberes und mittleres Kader","Geschlecht - Total",13318,6528,9451,19234,25904
"2014","Région lémanique","> Aufenthalter/innen (Kat. B)","Oberes und mittleres Kader","Frauen",11045,5757,8052,15341,21481
"2014","Région lémanique","> Aufenthalter/innen (Kat. B)","Oberes und mittleres Kader","Männer",14405,6754,10166,20400,27947
"2014","Région lémanique","> Aufenthalter/innen (Kat. B)","Unteres Kader","Geschlecht - Total",8739,4953,6089,12320,16406
"2014","Région lémanique","> Aufenthalter/innen (Kat. B)","Unteres Kader","Frauen",7810,4898,5869,10852,13870
"2014","Région lémanique","> Aufenthalter/innen (Kat. B)","Unteres Kader","Männer",9157,5019,6278,13209,16981
"2014","Région lémanique","> Aufenthalter/innen (Kat. B)","Verantwortlich für die Ausführung der Arbeiten","Geschlecht - Total",6791,4357,5476,9225,11512
"2014","Région lémanique","> Aufenthalter/innen (Kat. B)","Verantwortlich für die Ausführung der Arbeiten","Frauen",6895,4000,5417,9085,11271
"2014","Région lémanique","> Aufenthalter/innen (Kat. B)","Verantwortlich für die Ausführung der Arbeiten","Männer",6761,4476,5494,9286,11794
"2014","Région lémanique","> Aufenthalter/innen (Kat. B)","Ohne Kaderfunktion","Geschlecht - Total",4816,3531,4000,6199,7923
"2014","Région lémanique","> Aufenthalter/innen (Kat. B)","Ohne Kaderfunktion","Frauen",4507,3466,3816,6600,8175
"2014","Région lémanique","> Aufenthalter/innen (Kat. B)","Ohne Kaderfunktion","Männer",4927,3665,4127,6026,7673
"2014","Région lémanique","> Niedergelassene (Kat. C)","Berufliche Stellung - Total","Geschlecht - Total",5955,3976,4719,7811,11523
"2014","Région lémanique","> Niedergelassene (Kat. C)","Berufliche Stellung - Total","Frauen",5365,3644,4235,7453,10229
"2014","Région lémanique","> Niedergelassene (Kat. C)","Berufliche Stellung - Total","Männer",6190,4309,5092,8119,12603
"2014","Région lémanique","> Niedergelassene (Kat. C)","Oberes und mittleres Kader","Geschlecht - Total",11917,5985,8149,17003,22685
"2014","Région lémanique","> Niedergelassene (Kat. C)","Oberes und mittleres Kader","Frauen",11318,5714,7426,14782,20048
"2014","Région lémanique","> Niedergelassene (Kat. C)","Oberes und mittleres Kader","Männer",12380,6200,8404,17778,23780
"2014","Région lémanique","> Niedergelassene (Kat. C)","Unteres Kader","Geschlecht - Total",9159,4981,6500,12455,15860
"2014","Région lémanique","> Niedergelassene (Kat. C)","Unteres Kader","Frauen",8586,4444,6327,11786,14988
"2014","Région lémanique","> Niedergelassene (Kat. C)","Unteres Kader","Männer",9427,5333,6589,12867,16536
"2014","Région lémanique","> Niedergelassene (Kat. C)","Verantwortlich für die Ausführung der Arbeiten","Geschlecht - Total",6728,4726,5519,8496,11451
"2014","Région lémanique","> Niedergelassene (Kat. C)","Verantwortlich für die Ausführung der Arbeiten","Frauen",6622,4155,5067,8862,11597
"2014","Région lémanique","> Niedergelassene (Kat. C)","Verantwortlich für die Ausführung der Arbeiten","Männer",6728,4951,5710,8349,11372
"2014","Région lémanique","> Niedergelassene (Kat. C)","Ohne Kaderfunktion","Geschlecht - Total",5443,3800,4436,6663,8234
"2014","Région lémanique","> Niedergelassene (Kat. C)","Ohne Kaderfunktion","Frauen",4968,3547,4090,6543,8236
"2014","Région lémanique","> Niedergelassene (Kat. C)","Ohne Kaderfunktion","Männer",5720,4088,4767,6685,8233
"2014","Région lémanique","> Grenzgänger/innen (Kat. G)","Berufliche Stellung - Total","Geschlecht - Total",6346,4325,5083,8307,10611
"2014","Région lémanique","> Grenzgänger/innen (Kat. G)","Berufliche Stellung - Total","Frauen",6324,4100,4917,8274,10089
"2014","Région lémanique","> Grenzgänger/innen (Kat. G)","Berufliche Stellung - Total","Männer",6366,4427,5159,8324,10999
"2014","Région lémanique","> Grenzgänger/innen (Kat. G)","Oberes und mittleres Kader","Geschlecht - Total",9970,5964,7709,13806,18175
"2014","Région lémanique","> Grenzgänger/innen (Kat. G)","Oberes und mittleres Kader","Frauen",8919,5363,6704,11667,15621
"2014","Région lémanique","> Grenzgänger/innen (Kat. G)","Oberes und mittleres Kader","Männer",10345,6126,8065,14429,18840
"2014","Région lémanique","> Grenzgänger/innen (Kat. G)","Unteres Kader","Geschlecht - Total",8317,5129,6342,10458,13220
"2014","Région lémanique","> Grenzgänger/innen (Kat. G)","Unteres Kader","Frauen",8357,5050,6250,10338,12253
"2014","Région lémanique","> Grenzgänger/innen (Kat. G)","Unteres Kader","Männer",8289,5129,6399,10562,13677
"2014","Région lémanique","> Grenzgänger/innen (Kat. G)","Verantwortlich für die Ausführung der Arbeiten","Geschlecht - Total",6890,4837,5630,8711,11258
"2014","Région lémanique","> Grenzgänger/innen (Kat. G)","Verantwortlich für die Ausführung der Arbeiten","Frauen",6700,4412,5244,8778,10760
"2014","Région lémanique","> Grenzgänger/innen (Kat. G)","Verantwortlich für die Ausführung der Arbeiten","Männer",6946,4952,5707,8698,11400
"2014","Région lémanique","> Grenzgänger/innen (Kat. G)","Ohne Kaderfunktion","Geschlecht - Total",5949,4148,4836,7418,9295
"2014","Région lémanique","> Grenzgänger/innen (Kat. G)","Ohne Kaderfunktion","Frauen",5959,4000,4761,7718,9484
"2014","Région lémanique","> Grenzgänger/innen (Kat. G)","Ohne Kaderfunktion","Männer",5935,4240,4875,7241,9088
"2014","Région lémanique","> Andere","Berufliche Stellung - Total","Geschlecht - Total",5531,3567,4196,7256,10025
"2014","Région lémanique","> Andere","Berufliche Stellung - Total","Frauen",5117,3596,4019,7417,9820
"2014","Région lémanique","> Andere","Berufliche Stellung - Total","Männer",5816,3522,4304,7183,10576
"2014","Région lémanique","> Andere","Oberes und mittleres Kader","Geschlecht - Total",11800,7042,8088,13890,18896
"2014","Région lémanique","> Andere","Oberes und mittleres Kader","Frauen",,,,,
"2014","Région lémanique","> Andere","Oberes und mittleres Kader","Männer",,,,,
"2014","Région lémanique","> Andere","Unteres Kader","Geschlecht - Total",7969,5117,7099,10779,12376
"2014","Région lémanique","> Andere","Unteres Kader","Frauen",,,,,
"2014","Région lémanique","> Andere","Unteres Kader","Männer",,,,,
"2014","Région lémanique","> Andere","Verantwortlich für die Ausführung der Arbeiten","Geschlecht - Total",7417,4300,5063,8992,10487
"2014","Région lémanique","> Andere","Verantwortlich für die Ausführung der Arbeiten","Frauen",,,,,
"2014","Région lémanique","> Andere","Verantwortlich für die Ausführung der Arbeiten","Männer",,,,,
"2014","Région lémanique","> Andere","Ohne Kaderfunktion","Geschlecht - Total",5168,3506,4042,6483,7977
"2014","Région lémanique","> Andere","Ohne Kaderfunktion","Frauen",4672,3517,3859,6685,8219
"2014","Région lémanique","> Andere","Ohne Kaderfunktion","Männer",5396,3495,4152,6431,7761
"2014","Espace Mittelland","Schweizer/innen und Ausländer/innen - Total","Berufliche Stellung - Total","Geschlecht - Total",6358,4368,5208,8089,10449
"2014","Espace Mittelland","Schweizer/innen und Ausländer/innen - Total","Berufliche Stellung - Total","Frauen",5879,4045,4733,7294,9176
"2014","Espace Mittelland","Schweizer/innen und Ausländer/innen - Total","Berufliche Stellung - Total","Männer",6677,4714,5539,8655,11177
"2014","Espace Mittelland","Schweizer/innen und Ausländer/innen - Total","Oberes und mittleres Kader","Geschlecht - Total",9629,5571,7266,12397,15465
"2014","Espace Mittelland","Schweizer/innen und Ausländer/innen - Total","Oberes und mittleres Kader","Frauen",7959,4667,5857,10452,13119
"2014","Espace Mittelland","Schweizer/innen und Ausländer/innen - Total","Oberes und mittleres Kader","Männer",10195,6190,7771,12929,16023
"2014","Espace Mittelland","Schweizer/innen und Ausländer/innen - Total","Unteres Kader","Geschlecht - Total",7533,5018,6077,9243,11099
"2014","Espace Mittelland","Schweizer/innen und Ausländer/innen - Total","Unteres Kader","Frauen",6760,4582,5382,8316,10125
"2014","Espace Mittelland","Schweizer/innen und Ausländer/innen - Total","Unteres Kader","Männer",7896,5383,6379,9551,11452
"2014","Espace Mittelland","Schweizer/innen und Ausländer/innen - Total","Verantwortlich für die Ausführung der Arbeiten","Geschlecht - Total",6892,4872,5818,8331,10183
"2014","Espace Mittelland","Schweizer/innen und Ausländer/innen - Total","Verantwortlich für die Ausführung der Arbeiten","Frauen",6396,4412,5158,7832,9214
"2014","Espace Mittelland","Schweizer/innen und Ausländer/innen - Total","Verantwortlich für die Ausführung der Arbeiten","Männer",7094,5250,6103,8583,10475
"2014","Espace Mittelland","Schweizer/innen und Ausländer/innen - Total","Ohne Kaderfunktion","Geschlecht - Total",5937,4211,4939,7154,8952
"2014","Espace Mittelland","Schweizer/innen und Ausländer/innen - Total","Ohne Kaderfunktion","Frauen",5588,3944,4556,6792,8298
"2014","Espace Mittelland","Schweizer/innen und Ausländer/innen - Total","Ohne Kaderfunktion","Männer",6122,4516,5227,7430,9318
"2014","Espace Mittelland","Schweizer/innen","Berufliche Stellung - Total","Geschlecht - Total",6596,4533,5411,8376,10711
"2014","Espace Mittelland","Schweizer/innen","Berufliche Stellung - Total","Frauen",6038,4167,4908,7440,9302
"2014","Espace Mittelland","Schweizer/innen","Berufliche Stellung - Total","Männer",6994,4921,5802,9019,11512
"2014","Espace Mittelland","Schweizer/innen","Oberes und mittleres Kader","Geschlecht - Total",9599,5674,7280,12354,15352
"2014","Espace Mittelland","Schweizer/innen","Oberes und mittleres Kader","Frauen",7909,4658,5857,10373,12928
"2014","Espace Mittelland","Schweizer/innen","Oberes und mittleres Kader","Männer",10163,6261,7800,12903,15933
"2014","Espace Mittelland","Schweizer/innen","Unteres Kader","Geschlecht - Total",7674,5200,6205,9323,11170
"2014","Espace Mittelland","Schweizer/innen","Unteres Kader","Frauen",6770,4694,5516,8282,10073
"2014","Espace Mittelland","Schweizer/innen","Unteres Kader","Männer",8018,5674,6603,9669,11565
"2014","Espace Mittelland","Schweizer/innen","Verantwortlich für die Ausführung der Arbeiten","Geschlecht - Total",7007,4935,5905,8427,10242
"2014","Espace Mittelland","Schweizer/innen","Verantwortlich für die Ausführung der Arbeiten","Frauen",6426,4435,5179,7834,9167
"2014","Espace Mittelland","Schweizer/innen","Verantwortlich für die Ausführung der Arbeiten","Männer",7219,5335,6221,8761,10593
"2014","Espace Mittelland","Schweizer/innen","Ohne Kaderfunktion","Geschlecht - Total",6116,4353,5117,7422,9257
"2014","Espace Mittelland","Schweizer/innen","Ohne Kaderfunktion","Frauen",5777,4078,4737,6958,8526
"2014","Espace Mittelland","Schweizer/innen","Ohne Kaderfunktion","Männer",6348,4694,5426,7798,9665
"2014","Espace Mittelland","Ausländer/innen","Berufliche Stellung - Total","Geschlecht - Total",5626,4010,4671,6895,9090
"2014","Espace Mittelland","Ausländer/innen","Berufliche Stellung - Total","Frauen",5070,3709,4238,6515,8364
"2014","Espace Mittelland","Ausländer/innen","Berufliche Stellung - Total","Männer",5834,4270,4961,7063,9478
"2014","Espace Mittelland","Ausländer/innen","Oberes und mittleres Kader","Geschlecht - Total",9863,5170,6997,12783,16307
"2014","Espace Mittelland","Ausländer/innen","Oberes und mittleres Kader","Frauen",8246,4889,5833,11501,14647
"2014","Espace Mittelland","Ausländer/innen","Oberes und mittleres Kader","Männer",10393,5244,7380,13181,16917
"2014","Espace Mittelland","Ausländer/innen","Unteres Kader","Geschlecht - Total",6973,4517,5324,8878,10738
"2014","Espace Mittelland","Ausländer/innen","Unteres Kader","Frauen",6711,4324,4894,8518,10286
"2014","Espace Mittelland","Ausländer/innen","Unteres Kader","Männer",7048,4716,5515,9006,10988
"2014","Espace Mittelland","Ausländer/innen","Verantwortlich für die Ausführung der Arbeiten","Geschlecht - Total",6525,4706,5528,7713,9684
"2014","Espace Mittelland","Ausländer/innen","Verantwortlich für die Ausführung der Arbeiten","Frauen",6222,4318,5044,7675,9461
"2014","Espace Mittelland","Ausländer/innen","Verantwortlich für die Ausführung der Arbeiten","Männer",6578,4943,5769,7736,9745
"2014","Espace Mittelland","Ausländer/innen","Ohne Kaderfunktion","Geschlecht - Total",5371,3902,4512,6327,7611
"2014","Espace Mittelland","Ausländer/innen","Ohne Kaderfunktion","Frauen",4819,3614,4128,5980,7344
"2014","Espace Mittelland","Ausländer/innen","Ohne Kaderfunktion","Männer",5584,4157,4808,6455,7756
"2014","Espace Mittelland","> Kurzaufenthalter/innen (Kat. L)","Berufliche Stellung - Total","Geschlecht - Total",5275,3389,4030,6117,7449
"2014","Espace Mittelland","> Kurzaufenthalter/innen (Kat. L)","Berufliche Stellung - Total","Frauen",4275,3346,3397,6003,7305
"2014","Espace Mittelland","> Kurzaufenthalter/innen (Kat. L)","Berufliche Stellung - Total","Männer",5447,3596,4155,6117,7478
"2014","Espace Mittelland","> Kurzaufenthalter/innen (Kat. L)","Oberes und mittleres Kader","Geschlecht - Total",,,,,
"2014","Espace Mittelland","> Kurzaufenthalter/innen (Kat. L)","Oberes und mittleres Kader","Frauen",,,,,
"2014","Espace Mittelland","> Kurzaufenthalter/innen (Kat. L)","Oberes und mittleres Kader","Männer",,,,,
"2014","Espace Mittelland","> Kurzaufenthalter/innen (Kat. L)","Unteres Kader","Geschlecht - Total",,,,,
"2014","Espace Mittelland","> Kurzaufenthalter/innen (Kat. L)","Unteres Kader","Frauen",,,,,
"2014","Espace Mittelland","> Kurzaufenthalter/innen (Kat. L)","Unteres Kader","Männer",,,,,
"2014","Espace Mittelland","> Kurzaufenthalter/innen (Kat. L)","Verantwortlich für die Ausführung der Arbeiten","Geschlecht - Total",,,,,
"2014","Espace Mittelland","> Kurzaufenthalter/innen (Kat. L)","Verantwortlich für die Ausführung der Arbeiten","Frauen",,,,,
"2014","Espace Mittelland","> Kurzaufenthalter/innen (Kat. L)","Verantwortlich für die Ausführung der Arbeiten","Männer",,,,,
"2014","Espace Mittelland","> Kurzaufenthalter/innen (Kat. L)","Ohne Kaderfunktion","Geschlecht - Total",5079,3389,3956,5979,6814
"2014","Espace Mittelland","> Kurzaufenthalter/innen (Kat. L)","Ohne Kaderfunktion","Frauen",4074,3346,3389,5350,6703
"2014","Espace Mittelland","> Kurzaufenthalter/innen (Kat. L)","Ohne Kaderfunktion","Männer",5330,3549,4090,6053,6852
"2014","Espace Mittelland","> Aufenthalter/innen (Kat. B)","Berufliche Stellung - Total","Geschlecht - Total",5282,3779,4351,6703,9005
"2014","Espace Mittelland","> Aufenthalter/innen (Kat. B)","Berufliche Stellung - Total","Frauen",4950,3535,4055,6663,8520
"2014","Espace Mittelland","> Aufenthalter/innen (Kat. B)","Berufliche Stellung - Total","Männer",5412,3948,4552,6729,9342
"2014","Espace Mittelland","> Aufenthalter/innen (Kat. B)","Oberes und mittleres Kader","Geschlecht - Total",10408,5546,7380,13386,18806
"2014","Espace Mittelland","> Aufenthalter/innen (Kat. B)","Oberes und mittleres Kader","Frauen",9422,5053,6876,12154,16492
"2014","Espace Mittelland","> Aufenthalter/innen (Kat. B)","Oberes und mittleres Kader","Männer",10449,5776,7851,13824,20238
"2014","Espace Mittelland","> Aufenthalter/innen (Kat. B)","Unteres Kader","Geschlecht - Total",6628,4273,4954,8800,10650
"2014","Espace Mittelland","> Aufenthalter/innen (Kat. B)","Unteres Kader","Frauen",6498,4211,4924,8456,10261
"2014","Espace Mittelland","> Aufenthalter/innen (Kat. B)","Unteres Kader","Männer",6747,4332,4954,8991,11096
"2014","Espace Mittelland","> Aufenthalter/innen (Kat. B)","Verantwortlich für die Ausführung der Arbeiten","Geschlecht - Total",6162,4234,5064,7747,9947
"2014","Espace Mittelland","> Aufenthalter/innen (Kat. B)","Verantwortlich für die Ausführung der Arbeiten","Frauen",6262,4000,4692,7918,9776
"2014","Espace Mittelland","> Aufenthalter/innen (Kat. B)","Verantwortlich für die Ausführung der Arbeiten","Männer",6100,4492,5231,7698,10105
"2014","Espace Mittelland","> Aufenthalter/innen (Kat. B)","Ohne Kaderfunktion","Geschlecht - Total",5023,3700,4222,6063,7532
"2014","Espace Mittelland","> Aufenthalter/innen (Kat. B)","Ohne Kaderfunktion","Frauen",4640,3466,3952,6072,7531
"2014","Espace Mittelland","> Aufenthalter/innen (Kat. B)","Ohne Kaderfunktion","Männer",5146,3841,4410,6056,7538
"2014","Espace Mittelland","> Niedergelassene (Kat. C)","Berufliche Stellung - Total","Geschlecht - Total",5726,4150,4801,6972,9336
"2014","Espace Mittelland","> Niedergelassene (Kat. C)","Berufliche Stellung - Total","Frauen",5098,3803,4323,6500,8489
"2014","Espace Mittelland","> Niedergelassene (Kat. C)","Berufliche Stellung - Total","Männer",5976,4507,5159,7180,9802
"2014","Espace Mittelland","> Niedergelassene (Kat. C)","Oberes und mittleres Kader","Geschlecht - Total",9750,5159,6525,12755,15944
"2014","Espace Mittelland","> Niedergelassene (Kat. C)","Oberes und mittleres Kader","Frauen",7953,4887,5417,11190,14304
"2014","Espace Mittelland","> Niedergelassene (Kat. C)","Oberes und mittleres Kader","Männer",10427,5170,7169,13192,16444
"2014","Espace Mittelland","> Niedergelassene (Kat. C)","Unteres Kader","Geschlecht - Total",6913,4649,5447,8857,10721
"2014","Espace Mittelland","> Niedergelassene (Kat. C)","Unteres Kader","Frauen",6578,4330,4828,8542,10227
"2014","Espace Mittelland","> Niedergelassene (Kat. C)","Unteres Kader","Männer",6940,4925,5524,8951,11040
"2014","Espace Mittelland","> Niedergelassene (Kat. C)","Verantwortlich für die Ausführung der Arbeiten","Geschlecht - Total",6610,4790,5608,7715,9745
"2014","Espace Mittelland","> Niedergelassene (Kat. C)","Verantwortlich für die Ausführung der Arbeiten","Frauen",6357,4517,5044,7661,9596
"2014","Espace Mittelland","> Niedergelassene (Kat. C)","Verantwortlich für die Ausführung der Arbeiten","Männer",6677,5096,5890,7735,9750
"2014","Espace Mittelland","> Niedergelassene (Kat. C)","Ohne Kaderfunktion","Geschlecht - Total",5479,4045,4647,6394,7685
"2014","Espace Mittelland","> Niedergelassene (Kat. C)","Ohne Kaderfunktion","Frauen",4862,3687,4205,5947,7328
"2014","Espace Mittelland","> Niedergelassene (Kat. C)","Ohne Kaderfunktion","Männer",5729,4364,5007,6553,7853
"2014","Espace Mittelland","> Grenzgänger/innen (Kat. G)","Berufliche Stellung - Total","Geschlecht - Total",5776,4128,4814,7000,8673
"2014","Espace Mittelland","> Grenzgänger/innen (Kat. G)","Berufliche Stellung - Total","Frauen",5184,3891,4343,6348,7746
"2014","Espace Mittelland","> Grenzgänger/innen (Kat. G)","Berufliche Stellung - Total","Männer",6027,4356,5093,7202,9123
"2014","Espace Mittelland","> Grenzgänger/innen (Kat. G)","Oberes und mittleres Kader","Geschlecht - Total",9315,6508,7810,12250,14494
"2014","Espace Mittelland","> Grenzgänger/innen (Kat. G)","Oberes und mittleres Kader","Frauen",8164,5410,7325,11432,13079
"2014","Espace Mittelland","> Grenzgänger/innen (Kat. G)","Oberes und mittleres Kader","Männer",9454,6529,7979,12359,14696
"2014","Espace Mittelland","> Grenzgänger/innen (Kat. G)","Unteres Kader","Geschlecht - Total",7692,5273,6570,9186,10920
"2014","Espace Mittelland","> Grenzgänger/innen (Kat. G)","Unteres Kader","Frauen",7591,4786,6118,8640,11359
"2014","Espace Mittelland","> Grenzgänger/innen (Kat. G)","Unteres Kader","Männer",7778,5287,6707,9268,10839
"2014","Espace Mittelland","> Grenzgänger/innen (Kat. G)","Verantwortlich für die Ausführung der Arbeiten","Geschlecht - Total",6546,5031,5714,7652,9130
"2014","Espace Mittelland","> Grenzgänger/innen (Kat. G)","Verantwortlich für die Ausführung der Arbeiten","Frauen",6168,4351,5243,7322,8793
"2014","Espace Mittelland","> Grenzgänger/innen (Kat. G)","Verantwortlich für die Ausführung der Arbeiten","Männer",6690,5200,5906,7777,9183
"2014","Espace Mittelland","> Grenzgänger/innen (Kat. G)","Ohne Kaderfunktion","Geschlecht - Total",5481,4036,4651,6486,7580
"2014","Espace Mittelland","> Grenzgänger/innen (Kat. G)","Ohne Kaderfunktion","Frauen",4958,3846,4262,6018,7222
"2014","Espace Mittelland","> Grenzgänger/innen (Kat. G)","Ohne Kaderfunktion","Männer",5714,4255,4907,6669,7751
"2014","Espace Mittelland","> Andere","Berufliche Stellung - Total","Geschlecht - Total",5192,3430,4109,6330,7538
"2014","Espace Mittelland","> Andere","Berufliche Stellung - Total","Frauen",4324,3430,3575,5856,7482
"2014","Espace Mittelland","> Andere","Berufliche Stellung - Total","Männer",5366,3600,4132,6542,7556
"2014","Espace Mittelland","> Andere","Oberes und mittleres Kader","Geschlecht - Total",,,,,
"2014","Espace Mittelland","> Andere","Oberes und mittleres Kader","Frauen",,,,,
"2014","Espace Mittelland","> Andere","Oberes und mittleres Kader","Männer",,,,,
"2014","Espace Mittelland","> Andere","Unteres Kader","Geschlecht - Total",,,,,
"2014","Espace Mittelland","> Andere","Unteres Kader","Frauen",,,,,
"2014","Espace Mittelland","> Andere","Unteres Kader","Männer",,,,,
"2014","Espace Mittelland","> Andere","Verantwortlich für die Ausführung der Arbeiten","Geschlecht - Total",,,,,
"2014","Espace Mittelland","> Andere","Verantwortlich für die Ausführung der Arbeiten","Frauen",,,,,
"2014","Espace Mittelland","> Andere","Verantwortlich für die Ausführung der Arbeiten","Männer",,,,,
"2014","Espace Mittelland","> Andere","Ohne Kaderfunktion","Geschlecht - Total",5070,3430,4101,5970,6966
"2014","Espace Mittelland","> Andere","Ohne Kaderfunktion","Frauen",4324,3380,3430,5683,6923
"2014","Espace Mittelland","> Andere","Ohne Kaderfunktion","Männer",5298,3540,4109,6064,6966
"2014","Nordwestschweiz","Schweizer/innen und Ausländer/innen - Total","Berufliche Stellung - Total","Geschlecht - Total",6578,4299,5202,8588,11458
"2014","Nordwestschweiz","Schweizer/innen und Ausländer/innen - Total","Berufliche Stellung - Total","Frauen",6014,3992,4715,7602,9858
"2014","Nordwestschweiz","Schweizer/innen und Ausländer/innen - Total","Berufliche Stellung - Total","Männer",6934,4622,5546,9191,12247
"2014","Nordwestschweiz","Schweizer/innen und Ausländer/innen - Total","Oberes und mittleres Kader","Geschlecht - Total",10455,6250,7800,14536,19825
"2014","Nordwestschweiz","Schweizer/innen und Ausländer/innen - Total","Oberes und mittleres Kader","Frauen",8670,5333,6714,12217,17792
"2014","Nordwestschweiz","Schweizer/innen und Ausländer/innen - Total","Oberes und mittleres Kader","Männer",11061,6883,8349,15108,20403
"2014","Nordwestschweiz","Schweizer/innen und Ausländer/innen - Total","Unteres Kader","Geschlecht - Total",8667,5553,6808,10704,12789
"2014","Nordwestschweiz","Schweizer/innen und Ausländer/innen - Total","Unteres Kader","Frauen",7425,4899,6016,9534,11989
"2014","Nordwestschweiz","Schweizer/innen und Ausländer/innen - Total","Unteres Kader","Männer",9087,5989,7291,11075,13016
"2014","Nordwestschweiz","Schweizer/innen und Ausländer/innen - Total","Verantwortlich für die Ausführung der Arbeiten","Geschlecht - Total",7269,4936,5976,8881,10724
"2014","Nordwestschweiz","Schweizer/innen und Ausländer/innen - Total","Verantwortlich für die Ausführung der Arbeiten","Frauen",6810,4345,5341,8007,9915
"2014","Nordwestschweiz","Schweizer/innen und Ausländer/innen - Total","Verantwortlich für die Ausführung der Arbeiten","Männer",7574,5299,6226,9257,11039
"2014","Nordwestschweiz","Schweizer/innen und Ausländer/innen - Total","Ohne Kaderfunktion","Geschlecht - Total",5975,4112,4853,7325,9083
"2014","Nordwestschweiz","Schweizer/innen und Ausländer/innen - Total","Ohne Kaderfunktion","Frauen",5613,3860,4529,6990,8539
"2014","Nordwestschweiz","Schweizer/innen und Ausländer/innen - Total","Ohne Kaderfunktion","Männer",6175,4333,5142,7569,9383
"2014","Nordwestschweiz","Schweizer/innen","Berufliche Stellung - Total","Geschlecht - Total",6784,4454,5404,8653,11151
"2014","Nordwestschweiz","Schweizer/innen","Berufliche Stellung - Total","Frauen",6088,4154,4857,7481,9335
"2014","Nordwestschweiz","Schweizer/innen","Berufliche Stellung - Total","Männer",7294,4850,5871,9437,12123
"2014","Nordwestschweiz","Schweizer/innen","Oberes und mittleres Kader","Geschlecht - Total",9756,6166,7580,12857,17265
"2014","Nordwestschweiz","Schweizer/innen","Oberes und mittleres Kader","Frauen",7913,5149,6400,10485,14072
"2014","Nordwestschweiz","Schweizer/innen","Oberes und mittleres Kader","Männer",10401,6792,8074,13647,18382
"2014","Nordwestschweiz","Schweizer/innen","Unteres Kader","Geschlecht - Total",8396,5523,6693,10275,12232
"2014","Nordwestschweiz","Schweizer/innen","Unteres Kader","Frauen",7213,4919,5904,8894,10712
"2014","Nordwestschweiz","Schweizer/innen","Unteres Kader","Männer",8930,6024,7259,10780,12625
"2014","Nordwestschweiz","Schweizer/innen","Verantwortlich für die Ausführung der Arbeiten","Geschlecht - Total",7312,4881,6032,8803,10493
"2014","Nordwestschweiz","Schweizer/innen","Verantwortlich für die Ausführung der Arbeiten","Frauen",6749,4241,5222,7854,9424
"2014","Nordwestschweiz","Schweizer/innen","Verantwortlich für die Ausführung der Arbeiten","Männer",7712,5262,6316,9262,10884
"2014","Nordwestschweiz","Schweizer/innen","Ohne Kaderfunktion","Geschlecht - Total",6162,4246,5023,7469,9100
"2014","Nordwestschweiz","Schweizer/innen","Ohne Kaderfunktion","Frauen",5742,4049,4688,6985,8334
"2014","Nordwestschweiz","Schweizer/innen","Ohne Kaderfunktion","Männer",6491,4500,5383,7861,9582
"2014","Nordwestschweiz","Ausländer/innen","Berufliche Stellung - Total","Geschlecht - Total",6195,4095,4929,8405,12152
"2014","Nordwestschweiz","Ausländer/innen","Berufliche Stellung - Total","Frauen",5817,3782,4431,7966,11333
"2014","Nordwestschweiz","Ausländer/innen","Berufliche Stellung - Total","Männer",6341,4354,5188,8666,12475
"2014","Nordwestschweiz","Ausländer/innen","Oberes und mittleres Kader","Geschlecht - Total",13412,6683,9228,18236,24585
"2014","Nordwestschweiz","Ausländer/innen","Oberes und mittleres Kader","Frauen",12831,6090,7919,18041,23156
"2014","Nordwestschweiz","Ausländer/innen","Oberes und mittleres Kader","Männer",13650,7134,9746,18347,25044
"2014","Nordwestschweiz","Ausländer/innen","Unteres Kader","Geschlecht - Total",9250,5606,6972,11688,13653
"2014","Nordwestschweiz","Ausländer/innen","Unteres Kader","Frauen",8666,4792,6359,11482,13456
"2014","Nordwestschweiz","Ausländer/innen","Unteres Kader","Männer",9420,5887,7310,11747,13753
"2014","Nordwestschweiz","Ausländer/innen","Verantwortlich für die Ausführung der Arbeiten","Geschlecht - Total",7137,5044,5914,9122,11132
"2014","Nordwestschweiz","Ausländer/innen","Verantwortlich für die Ausführung der Arbeiten","Frauen",6981,4390,5529,8886,10731
"2014","Nordwestschweiz","Ausländer/innen","Verantwortlich für die Ausführung der Arbeiten","Männer",7241,5344,6009,9250,11267
"2014","Nordwestschweiz","Ausländer/innen","Ohne Kaderfunktion","Geschlecht - Total",5698,3971,4656,7057,9051
"2014","Nordwestschweiz","Ausländer/innen","Ohne Kaderfunktion","Frauen",5250,3693,4228,7002,9031
"2014","Nordwestschweiz","Ausländer/innen","Ohne Kaderfunktion","Männer",5832,4181,4905,7083,9063
"2014","Nordwestschweiz","> Kurzaufenthalter/innen (Kat. L)","Berufliche Stellung - Total","Geschlecht - Total",5391,3500,4490,6394,7724
"2014","Nordwestschweiz","> Kurzaufenthalter/innen (Kat. L)","Berufliche Stellung - Total","Frauen",4348,3293,3500,6586,7533
"2014","Nordwestschweiz","> Kurzaufenthalter/innen (Kat. L)","Berufliche Stellung - Total","Männer",5478,3972,4800,6361,7814
"2014","Nordwestschweiz","> Kurzaufenthalter/innen (Kat. L)","Oberes und mittleres Kader","Geschlecht - Total",,,,,
"2014","Nordwestschweiz","> Kurzaufenthalter/innen (Kat. L)","Oberes und mittleres Kader","Frauen",,,,,
"2014","Nordwestschweiz","> Kurzaufenthalter/innen (Kat. L)","Oberes und mittleres Kader","Männer",,,,,
"2014","Nordwestschweiz","> Kurzaufenthalter/innen (Kat. L)","Unteres Kader","Geschlecht - Total",,,,,
"2014","Nordwestschweiz","> Kurzaufenthalter/innen (Kat. L)","Unteres Kader","Frauen",,,,,
"2014","Nordwestschweiz","> Kurzaufenthalter/innen (Kat. L)","Unteres Kader","Männer",,,,,
"2014","Nordwestschweiz","> Kurzaufenthalter/innen (Kat. L)","Verantwortlich für die Ausführung der Arbeiten","Geschlecht - Total",,,,,
"2014","Nordwestschweiz","> Kurzaufenthalter/innen (Kat. L)","Verantwortlich für die Ausführung der Arbeiten","Frauen",,,,,
"2014","Nordwestschweiz","> Kurzaufenthalter/innen (Kat. L)","Verantwortlich für die Ausführung der Arbeiten","Männer",,,,,
"2014","Nordwestschweiz","> Kurzaufenthalter/innen (Kat. L)","Ohne Kaderfunktion","Geschlecht - Total",5295,3500,4393,6154,7268
"2014","Nordwestschweiz","> Kurzaufenthalter/innen (Kat. L)","Ohne Kaderfunktion","Frauen",4284,3166,3500,6245,7533
"2014","Nordwestschweiz","> Kurzaufenthalter/innen (Kat. L)","Ohne Kaderfunktion","Männer",5417,3810,4761,6125,7184
"2014","Nordwestschweiz","> Aufenthalter/innen (Kat. B)","Berufliche Stellung - Total","Geschlecht - Total",5707,3836,4431,8345,12493
"2014","Nordwestschweiz","> Aufenthalter/innen (Kat. B)","Berufliche Stellung - Total","Frauen",5734,3658,4051,8260,12326
"2014","Nordwestschweiz","> Aufenthalter/innen (Kat. B)","Berufliche Stellung - Total","Männer",5696,3971,4622,8388,12599
"2014","Nordwestschweiz","> Aufenthalter/innen (Kat. B)","Oberes und mittleres Kader","Geschlecht - Total",14730,7031,10149,19311,26911
"2014","Nordwestschweiz","> Aufenthalter/innen (Kat. B)","Oberes und mittleres Kader","Frauen",13973,5830,8875,18614,25029
"2014","Nordwestschweiz","> Aufenthalter/innen (Kat. B)","Oberes und mittleres Kader","Männer",15177,7724,10581,19745,27220
"2014","Nordwestschweiz","> Aufenthalter/innen (Kat. B)","Unteres Kader","Geschlecht - Total",9348,5506,7301,12215,14048
"2014","Nordwestschweiz","> Aufenthalter/innen (Kat. B)","Unteres Kader","Frauen",8624,4996,5958,12042,13886
"2014","Nordwestschweiz","> Aufenthalter/innen (Kat. B)","Unteres Kader","Männer",9542,5899,8253,12300,14176
"2014","Nordwestschweiz","> Aufenthalter/innen (Kat. B)","Verantwortlich für die Ausführung der Arbeiten","Geschlecht - Total",7040,4719,5580,9431,11116
"2014","Nordwestschweiz","> Aufenthalter/innen (Kat. B)","Verantwortlich für die Ausführung der Arbeiten","Frauen",6738,4381,5098,9322,11004
"2014","Nordwestschweiz","> Aufenthalter/innen (Kat. B)","Verantwortlich für die Ausführung der Arbeiten","Männer",7040,4997,5590,9529,11173
"2014","Nordwestschweiz","> Aufenthalter/innen (Kat. B)","Ohne Kaderfunktion","Geschlecht - Total",5149,3733,4143,6726,8748
"2014","Nordwestschweiz","> Aufenthalter/innen (Kat. B)","Ohne Kaderfunktion","Frauen",4872,3489,3971,6943,9042
"2014","Nordwestschweiz","> Aufenthalter/innen (Kat. B)","Ohne Kaderfunktion","Männer",5210,3852,4337,6654,8583
"2014","Nordwestschweiz","> Niedergelassene (Kat. C)","Berufliche Stellung - Total","Geschlecht - Total",6010,4179,4875,7979,11676
"2014","Nordwestschweiz","> Niedergelassene (Kat. C)","Berufliche Stellung - Total","Frauen",5322,3755,4340,7379,10690
"2014","Nordwestschweiz","> Niedergelassene (Kat. C)","Berufliche Stellung - Total","Männer",6250,4497,5230,8303,12154
"2014","Nordwestschweiz","> Niedergelassene (Kat. C)","Oberes und mittleres Kader","Geschlecht - Total",12315,6341,8572,17041,24223
"2014","Nordwestschweiz","> Niedergelassene (Kat. C)","Oberes und mittleres Kader","Frauen",11811,6293,7631,17033,22971
"2014","Nordwestschweiz","> Niedergelassene (Kat. C)","Oberes und mittleres Kader","Männer",12450,6500,8761,17041,24749
"2014","Nordwestschweiz","> Niedergelassene (Kat. C)","Unteres Kader","Geschlecht - Total",9395,5542,6949,11419,13248
"2014","Nordwestschweiz","> Niedergelassene (Kat. C)","Unteres Kader","Frauen",8744,4702,6600,10813,12949
"2014","Nordwestschweiz","> Niedergelassene (Kat. C)","Unteres Kader","Männer",9625,5619,7388,11608,13340
"2014","Nordwestschweiz","> Niedergelassene (Kat. C)","Verantwortlich für die Ausführung der Arbeiten","Geschlecht - Total",6846,5020,5742,8327,10886
"2014","Nordwestschweiz","> Niedergelassene (Kat. C)","Verantwortlich für die Ausführung der Arbeiten","Frauen",7053,4425,5528,8463,10564
"2014","Nordwestschweiz","> Niedergelassene (Kat. C)","Verantwortlich für die Ausführung der Arbeiten","Männer",6762,5344,5742,8327,11090
"2014","Nordwestschweiz","> Niedergelassene (Kat. C)","Ohne Kaderfunktion","Geschlecht - Total",5525,4044,4640,6699,8460
"2014","Nordwestschweiz","> Niedergelassene (Kat. C)","Ohne Kaderfunktion","Frauen",4908,3662,4204,6361,8367
"2014","Nordwestschweiz","> Niedergelassene (Kat. C)","Ohne Kaderfunktion","Männer",5787,4333,4981,6817,8508
"2014","Nordwestschweiz","> Grenzgänger/innen (Kat. G)","Berufliche Stellung - Total","Geschlecht - Total",6750,4526,5451,9006,12617
"2014","Nordwestschweiz","> Grenzgänger/innen (Kat. G)","Berufliche Stellung - Total","Frauen",6594,4130,5082,8511,11720
"2014","Nordwestschweiz","> Grenzgänger/innen (Kat. G)","Berufliche Stellung - Total","Männer",6818,4727,5579,9200,12965
"2014","Nordwestschweiz","> Grenzgänger/innen (Kat. G)","Oberes und mittleres Kader","Geschlecht - Total",14387,6990,9639,18735,23743
"2014","Nordwestschweiz","> Grenzgänger/innen (Kat. G)","Oberes und mittleres Kader","Frauen",13594,5768,7073,18355,22194
"2014","Nordwestschweiz","> Grenzgänger/innen (Kat. G)","Oberes und mittleres Kader","Männer",14618,7619,10616,18872,24183
"2014","Nordwestschweiz","> Grenzgänger/innen (Kat. G)","Unteres Kader","Geschlecht - Total",8954,5887,6972,11677,13755
"2014","Nordwestschweiz","> Grenzgänger/innen (Kat. G)","Unteres Kader","Frauen",8571,4861,6317,11683,13476
"2014","Nordwestschweiz","> Grenzgänger/innen (Kat. G)","Unteres Kader","Männer",9037,6141,7129,11677,13859
"2014","Nordwestschweiz","> Grenzgänger/innen (Kat. G)","Verantwortlich für die Ausführung der Arbeiten","Geschlecht - Total",7583,5311,6284,9555,11286
"2014","Nordwestschweiz","> Grenzgänger/innen (Kat. G)","Verantwortlich für die Ausführung der Arbeiten","Frauen",7030,4390,5550,9061,10849
"2014","Nordwestschweiz","> Grenzgänger/innen (Kat. G)","Verantwortlich für die Ausführung der Arbeiten","Männer",7853,5589,6548,9756,11464
"2014","Nordwestschweiz","> Grenzgänger/innen (Kat. G)","Ohne Kaderfunktion","Geschlecht - Total",6208,4313,5191,7750,9884
"2014","Nordwestschweiz","> Grenzgänger/innen (Kat. G)","Ohne Kaderfunktion","Frauen",6216,3971,4828,7841,9869
"2014","Nordwestschweiz","> Grenzgänger/innen (Kat. G)","Ohne Kaderfunktion","Männer",6204,4527,5285,7697,9889
"2014","Nordwestschweiz","> Andere","Berufliche Stellung - Total","Geschlecht - Total",5549,3500,4096,7657,11979
"2014","Nordwestschweiz","> Andere","Berufliche Stellung - Total","Frauen",4978,3293,3574,7334,12396
"2014","Nordwestschweiz","> Andere","Berufliche Stellung - Total","Männer",5700,3713,4344,7926,11247
"2014","Nordwestschweiz","> Andere","Oberes und mittleres Kader","Geschlecht - Total",15613,7032,10500,20371,25003
"2014","Nordwestschweiz","> Andere","Oberes und mittleres Kader","Frauen",,,,,
"2014","Nordwestschweiz","> Andere","Oberes und mittleres Kader","Männer",,,,,
"2014","Nordwestschweiz","> Andere","Unteres Kader","Geschlecht - Total",,,,,
"2014","Nordwestschweiz","> Andere","Unteres Kader","Frauen",,,,,
"2014","Nordwestschweiz","> Andere","Unteres Kader","Männer",,,,,
"2014","Nordwestschweiz","> Andere","Verantwortlich für die Ausführung der Arbeiten","Geschlecht - Total",,,,,
"2014","Nordwestschweiz","> Andere","Verantwortlich für die Ausführung der Arbeiten","Frauen",,,,,
"2014","Nordwestschweiz","> Andere","Verantwortlich für die Ausführung der Arbeiten","Männer",,,,,
"2014","Nordwestschweiz","> Andere","Ohne Kaderfunktion","Geschlecht - Total",4997,3398,3765,6412,8144
"2014","Nordwestschweiz","> Andere","Ohne Kaderfunktion","Frauen",4441,3143,3500,6196,8022
"2014","Nordwestschweiz","> Andere","Ohne Kaderfunktion","Männer",5151,3535,4048,6483,8186
"2014","Zürich","Schweizer/innen und Ausländer/innen - Total","Berufliche Stellung - Total","Geschlecht - Total",6810,4386,5257,9134,12377
"2014","Zürich","Schweizer/innen und Ausländer/innen - Total","Berufliche Stellung - Total","Frauen",6124,4138,4734,7920,10194
"2014","Zürich","Schweizer/innen und Ausländer/innen - Total","Berufliche Stellung - Total","Männer",7325,4725,5716,10105,13736
"2014","Zürich","Schweizer/innen und Ausländer/innen - Total","Oberes und mittleres Kader","Geschlecht - Total",11482,7100,8837,15163,20637
"2014","Zürich","Schweizer/innen und Ausländer/innen - Total","Oberes und mittleres Kader","Frauen",9607,6249,7808,11892,15278
"2014","Zürich","Schweizer/innen und Ausländer/innen - Total","Oberes und mittleres Kader","Männer",12468,7604,9650,16471,22358
"2014","Zürich","Schweizer/innen und Ausländer/innen - Total","Unteres Kader","Geschlecht - Total",9260,5778,7402,11192,13210
"2014","Zürich","Schweizer/innen und Ausländer/innen - Total","Unteres Kader","Frauen",8319,5029,6557,10080,11918
"2014","Zürich","Schweizer/innen und Ausländer/innen - Total","Unteres Kader","Männer",9845,6379,7893,11641,13765
"2014","Zürich","Schweizer/innen und Ausländer/innen - Total","Verantwortlich für die Ausführung der Arbeiten","Geschlecht - Total",7460,5098,6130,9058,11062
"2014","Zürich","Schweizer/innen und Ausländer/innen - Total","Verantwortlich für die Ausführung der Arbeiten","Frauen",6756,4672,5461,8221,9806
"2014","Zürich","Schweizer/innen und Ausländer/innen - Total","Verantwortlich für die Ausführung der Arbeiten","Männer",7870,5565,6566,9523,11734
"2014","Zürich","Schweizer/innen und Ausländer/innen - Total","Ohne Kaderfunktion","Geschlecht - Total",5988,4204,4827,7374,9069
"2014","Zürich","Schweizer/innen und Ausländer/innen - Total","Ohne Kaderfunktion","Frauen",5472,3998,4528,6936,8297
"2014","Zürich","Schweizer/innen und Ausländer/innen - Total","Ohne Kaderfunktion","Männer",6301,4439,5193,7714,9621
"2014","Zürich","Schweizer/innen","Berufliche Stellung - Total","Geschlecht - Total",7073,4508,5456,9406,12544
"2014","Zürich","Schweizer/innen","Berufliche Stellung - Total","Frauen",6279,4232,4867,7987,10194
"2014","Zürich","Schweizer/innen","Berufliche Stellung - Total","Männer",7752,4930,6053,10537,14073
"2014","Zürich","Schweizer/innen","Oberes und mittleres Kader","Geschlecht - Total",11324,7142,8817,14750,19841
"2014","Zürich","Schweizer/innen","Oberes und mittleres Kader","Frauen",9509,6322,7801,11577,14525
"2014","Zürich","Schweizer/innen","Oberes und mittleres Kader","Männer",12305,7623,9604,16110,21548
"2014","Zürich","Schweizer/innen","Unteres Kader","Geschlecht - Total",9192,5984,7441,11067,12946
"2014","Zürich","Schweizer/innen","Unteres Kader","Frauen",8248,5186,6611,9856,11656
"2014","Zürich","Schweizer/innen","Unteres Kader","Männer",9800,6630,7992,11545,13531
"2014","Zürich","Schweizer/innen","Verantwortlich für die Ausführung der Arbeiten","Geschlecht - Total",7419,5138,6155,8875,10635
"2014","Zürich","Schweizer/innen","Verantwortlich für die Ausführung der Arbeiten","Frauen",6719,4704,5482,8030,9441
"2014","Zürich","Schweizer/innen","Verantwortlich für die Ausführung der Arbeiten","Männer",7857,5642,6663,9326,11151
"2014","Zürich","Schweizer/innen","Ohne Kaderfunktion","Geschlecht - Total",6151,4286,4935,7522,9208
"2014","Zürich","Schweizer/innen","Ohne Kaderfunktion","Frauen",5642,4120,4631,7007,8302
"2014","Zürich","Schweizer/innen","Ohne Kaderfunktion","Männer",6549,4568,5372,7968,9872
"2014","Zürich","Ausländer/innen","Berufliche Stellung - Total","Geschlecht - Total",6215,4180,4872,8333,11869
"2014","Zürich","Ausländer/innen","Berufliche Stellung - Total","Frauen",5543,3878,4436,7675,10215
"2014","Zürich","Ausländer/innen","Berufliche Stellung - Total","Männer",6457,4431,5217,8823,12778
"2014","Zürich","Ausländer/innen","Oberes und mittleres Kader","Geschlecht - Total",12648,6640,9004,17064,23856
"2014","Zürich","Ausländer/innen","Oberes und mittleres Kader","Frauen",10418,5684,7927,14157,19166
"2014","Zürich","Ausländer/innen","Oberes und mittleres Kader","Männer",13428,7236,9862,18524,25397
"2014","Zürich","Ausländer/innen","Unteres Kader","Geschlecht - Total",9524,5039,7162,11603,14116
"2014","Zürich","Ausländer/innen","Unteres Kader","Frauen",8714,4629,6192,10794,13009
"2014","Zürich","Ausländer/innen","Unteres Kader","Männer",9989,5374,7498,11985,14612
"2014","Zürich","Ausländer/innen","Verantwortlich für die Ausführung der Arbeiten","Geschlecht - Total",7597,5038,6101,9573,12962
"2014","Zürich","Ausländer/innen","Verantwortlich für die Ausführung der Arbeiten","Frauen",6982,4593,5375,8754,10722
"2014","Zürich","Ausländer/innen","Verantwortlich für die Ausführung der Arbeiten","Männer",7936,5365,6328,10099,14084
"2014","Zürich","Ausländer/innen","Ohne Kaderfunktion","Geschlecht - Total",5678,4035,4634,7017,8718
"2014","Zürich","Ausländer/innen","Ohne Kaderfunktion","Frauen",5034,3747,4309,6707,8279
"2014","Zürich","Ausländer/innen","Ohne Kaderfunktion","Männer",5921,4262,4957,7187,9036
"2014","Zürich","> Kurzaufenthalter/innen (Kat. L)","Berufliche Stellung - Total","Geschlecht - Total",6385,4160,5135,8770,13520
"2014","Zürich","> Kurzaufenthalter/innen (Kat. L)","Berufliche Stellung - Total","Frauen",5922,3162,4336,8295,11591
"2014","Zürich","> Kurzaufenthalter/innen (Kat. L)","Berufliche Stellung - Total","Männer",6461,4366,5348,9018,13827
"2014","Zürich","> Kurzaufenthalter/innen (Kat. L)","Oberes und mittleres Kader","Geschlecht - Total",13703,6799,8431,15233,16546
"2014","Zürich","> Kurzaufenthalter/innen (Kat. L)","Oberes und mittleres Kader","Frauen",,,,,
"2014","Zürich","> Kurzaufenthalter/innen (Kat. L)","Oberes und mittleres Kader","Männer",,,,,
"2014","Zürich","> Kurzaufenthalter/innen (Kat. L)","Unteres Kader","Geschlecht - Total",9170,4444,4444,10989,13390
"2014","Zürich","> Kurzaufenthalter/innen (Kat. L)","Unteres Kader","Frauen",,,,,
"2014","Zürich","> Kurzaufenthalter/innen (Kat. L)","Unteres Kader","Männer",8905,4253,4444,10583,13325
"2014","Zürich","> Kurzaufenthalter/innen (Kat. L)","Verantwortlich für die Ausführung der Arbeiten","Geschlecht - Total",9262,5720,7258,14919,16954
"2014","Zürich","> Kurzaufenthalter/innen (Kat. L)","Verantwortlich für die Ausführung der Arbeiten","Frauen",,,,,
"2014","Zürich","> Kurzaufenthalter/innen (Kat. L)","Verantwortlich für die Ausführung der Arbeiten","Männer",13415,5664,7267,15533,17003
"2014","Zürich","> Kurzaufenthalter/innen (Kat. L)","Ohne Kaderfunktion","Geschlecht - Total",5983,3981,4976,7384,11161
"2014","Zürich","> Kurzaufenthalter/innen (Kat. L)","Ohne Kaderfunktion","Frauen",5021,3071,4000,6868,8680
"2014","Zürich","> Kurzaufenthalter/innen (Kat. L)","Ohne Kaderfunktion","Männer",6164,4180,5300,7634,11516
"2014","Zürich","> Aufenthalter/innen (Kat. B)","Berufliche Stellung - Total","Geschlecht - Total",6259,4024,4674,8486,12155
"2014","Zürich","> Aufenthalter/innen (Kat. B)","Berufliche Stellung - Total","Frauen",5985,3788,4407,7852,10363
"2014","Zürich","> Aufenthalter/innen (Kat. B)","Berufliche Stellung - Total","Männer",6381,4142,4860,8997,13376
"2014","Zürich","> Aufenthalter/innen (Kat. B)","Oberes und mittleres Kader","Geschlecht - Total",13095,6250,9034,18315,25323
"2014","Zürich","> Aufenthalter/innen (Kat. B)","Oberes und mittleres Kader","Frauen",10018,4961,7143,14192,19841
"2014","Zürich","> Aufenthalter/innen (Kat. B)","Oberes und mittleres Kader","Männer",14505,7778,10440,20290,28167
"2014","Zürich","> Aufenthalter/innen (Kat. B)","Unteres Kader","Geschlecht - Total",9524,4778,7240,11807,14571
"2014","Zürich","> Aufenthalter/innen (Kat. B)","Unteres Kader","Frauen",8613,4318,5824,10649,12910
"2014","Zürich","> Aufenthalter/innen (Kat. B)","Unteres Kader","Männer",10146,5398,7808,12290,15539
"2014","Zürich","> Aufenthalter/innen (Kat. B)","Verantwortlich für die Ausführung der Arbeiten","Geschlecht - Total",8386,4950,6417,10642,16896
"2014","Zürich","> Aufenthalter/innen (Kat. B)","Verantwortlich für die Ausführung der Arbeiten","Frauen",7675,4622,5905,9360,12403
"2014","Zürich","> Aufenthalter/innen (Kat. B)","Verantwortlich für die Ausführung der Arbeiten","Männer",8910,5065,6694,11805,18039
"2014","Zürich","> Aufenthalter/innen (Kat. B)","Ohne Kaderfunktion","Geschlecht - Total",5586,3880,4448,7145,8917
"2014","Zürich","> Aufenthalter/innen (Kat. B)","Ohne Kaderfunktion","Frauen",5281,3686,4251,7017,8503
"2014","Zürich","> Aufenthalter/innen (Kat. B)","Ohne Kaderfunktion","Männer",5703,4035,4632,7264,9176
"2014","Zürich","> Niedergelassene (Kat. C)","Berufliche Stellung - Total","Geschlecht - Total",6202,4237,4958,8348,11918
"2014","Zürich","> Niedergelassene (Kat. C)","Berufliche Stellung - Total","Frauen",5372,3927,4440,7602,10216
"2014","Zürich","> Niedergelassene (Kat. C)","Berufliche Stellung - Total","Männer",6488,4605,5381,8943,12845
"2014","Zürich","> Niedergelassene (Kat. C)","Oberes und mittleres Kader","Geschlecht - Total",12429,6619,9120,17038,23530
"2014","Zürich","> Niedergelassene (Kat. C)","Oberes und mittleres Kader","Frauen",10875,5753,8204,14237,19336
"2014","Zürich","> Niedergelassene (Kat. C)","Oberes und mittleres Kader","Männer",13095,6934,9756,18200,24885
"2014","Zürich","> Niedergelassene (Kat. C)","Unteres Kader","Geschlecht - Total",9609,5296,7200,11604,14107
"2014","Zürich","> Niedergelassene (Kat. C)","Unteres Kader","Frauen",8844,4939,6659,10891,13234
"2014","Zürich","> Niedergelassene (Kat. C)","Unteres Kader","Männer",10057,5555,7452,11916,14462
"2014","Zürich","> Niedergelassene (Kat. C)","Verantwortlich für die Ausführung der Arbeiten","Geschlecht - Total",7115,5047,5921,9090,11258
"2014","Zürich","> Niedergelassene (Kat. C)","Verantwortlich für die Ausführung der Arbeiten","Frauen",6590,4361,5194,8424,10485
"2014","Zürich","> Niedergelassene (Kat. C)","Verantwortlich für die Ausführung der Arbeiten","Männer",7322,5385,6210,9405,11654
"2014","Zürich","> Niedergelassene (Kat. C)","Ohne Kaderfunktion","Geschlecht - Total",5676,4117,4682,6926,8618
"2014","Zürich","> Niedergelassene (Kat. C)","Ohne Kaderfunktion","Frauen",4945,3800,4321,6500,8204
"2014","Zürich","> Niedergelassene (Kat. C)","Ohne Kaderfunktion","Männer",5988,4435,5112,7123,8957
"2014","Zürich","> Grenzgänger/innen (Kat. G)","Berufliche Stellung - Total","Geschlecht - Total",6230,4476,5135,7916,10408
"2014","Zürich","> Grenzgänger/innen (Kat. G)","Berufliche Stellung - Total","Frauen",5412,4087,4570,7005,8865
"2014","Zürich","> Grenzgänger/innen (Kat. G)","Berufliche Stellung - Total","Männer",6473,4706,5410,8215,10891
"2014","Zürich","> Grenzgänger/innen (Kat. G)","Oberes und mittleres Kader","Geschlecht - Total",11747,7864,8693,15362,18293
"2014","Zürich","> Grenzgänger/innen (Kat. G)","Oberes und mittleres Kader","Frauen",8684,7056,8163,13210,16010
"2014","Zürich","> Grenzgänger/innen (Kat. G)","Oberes und mittleres Kader","Männer",12324,8215,9402,15902,19286
"2014","Zürich","> Grenzgänger/innen (Kat. G)","Unteres Kader","Geschlecht - Total",9100,5075,6815,11100,13320
"2014","Zürich","> Grenzgänger/innen (Kat. G)","Unteres Kader","Frauen",7844,4719,5813,9817,12501
"2014","Zürich","> Grenzgänger/innen (Kat. G)","Unteres Kader","Männer",9487,5195,7049,11319,13567
"2014","Zürich","> Grenzgänger/innen (Kat. G)","Verantwortlich für die Ausführung der Arbeiten","Geschlecht - Total",7080,5233,5939,8814,10474
"2014","Zürich","> Grenzgänger/innen (Kat. G)","Verantwortlich für die Ausführung der Arbeiten","Frauen",6237,5019,5375,7693,9045
"2014","Zürich","> Grenzgänger/innen (Kat. G)","Verantwortlich für die Ausführung der Arbeiten","Männer",7431,5454,6287,9135,10861
"2014","Zürich","> Grenzgänger/innen (Kat. G)","Ohne Kaderfunktion","Geschlecht - Total",5878,4355,4933,7119,8577
"2014","Zürich","> Grenzgänger/innen (Kat. G)","Ohne Kaderfunktion","Frauen",5042,3959,4450,6426,7914
"2014","Zürich","> Grenzgänger/innen (Kat. G)","Ohne Kaderfunktion","Männer",6067,4617,5228,7330,8798
"2014","Zürich","> Andere","Berufliche Stellung - Total","Geschlecht - Total",5546,3785,4333,7703,8938
"2014","Zürich","> Andere","Berufliche Stellung - Total","Frauen",5011,3521,4230,6972,9450
"2014","Zürich","> Andere","Berufliche Stellung - Total","Männer",5648,3810,4333,7902,8747
"2014","Zürich","> Andere","Oberes und mittleres Kader","Geschlecht - Total",,,,,
"2014","Zürich","> Andere","Oberes und mittleres Kader","Frauen",,,,,
"2014","Zürich","> Andere","Oberes und mittleres Kader","Männer",,,,,
"2014","Zürich","> Andere","Unteres Kader","Geschlecht - Total",7484,3840,6105,9774,11402
"2014","Zürich","> Andere","Unteres Kader","Frauen",,,,,
"2014","Zürich","> Andere","Unteres Kader","Männer",,,,,
"2014","Zürich","> Andere","Verantwortlich für die Ausführung der Arbeiten","Geschlecht - Total",,,,,
"2014","Zürich","> Andere","Verantwortlich für die Ausführung der Arbeiten","Frauen",,,,,
"2014","Zürich","> Andere","Verantwortlich für die Ausführung der Arbeiten","Männer",,,,,
"2014","Zürich","> Andere","Ohne Kaderfunktion","Geschlecht - Total",4870,3691,4194,6283,7661
"2014","Zürich","> Andere","Ohne Kaderfunktion","Frauen",4527,2898,4021,5715,7446
"2014","Zürich","> Andere","Ohne Kaderfunktion","Männer",5036,3785,4262,6357,7673
"2014","Ostschweiz","Schweizer/innen und Ausländer/innen - Total","Berufliche Stellung - Total","Geschlecht - Total",6027,4166,4863,7637,9908
"2014","Ostschweiz","Schweizer/innen und Ausländer/innen - Total","Berufliche Stellung - Total","Frauen",5385,3830,4407,6917,8616
"2014","Ostschweiz","Schweizer/innen und Ausländer/innen - Total","Berufliche Stellung - Total","Männer",6343,4490,5250,8071,10605
"2014","Ostschweiz","Schweizer/innen und Ausländer/innen - Total","Oberes und mittleres Kader","Geschlecht - Total",8653,5404,6934,11375,14150
"2014","Ostschweiz","Schweizer/innen und Ausländer/innen - Total","Oberes und mittleres Kader","Frauen",7222,4444,5585,9549,11999
"2014","Ostschweiz","Schweizer/innen und Ausländer/innen - Total","Oberes und mittleres Kader","Männer",9221,6047,7400,11803,14858
"2014","Ostschweiz","Schweizer/innen und Ausländer/innen - Total","Unteres Kader","Geschlecht - Total",7333,4939,6038,8894,10710
"2014","Ostschweiz","Schweizer/innen und Ausländer/innen - Total","Unteres Kader","Frauen",6756,4422,5337,7990,9427
"2014","Ostschweiz","Schweizer/innen und Ausländer/innen - Total","Unteres Kader","Männer",7683,5447,6450,9327,11214
"2014","Ostschweiz","Schweizer/innen und Ausländer/innen - Total","Verantwortlich für die Ausführung der Arbeiten","Geschlecht - Total",6200,4430,5200,7318,8851
"2014","Ostschweiz","Schweizer/innen und Ausländer/innen - Total","Verantwortlich für die Ausführung der Arbeiten","Frauen",5713,4134,4703,6788,7833
"2014","Ostschweiz","Schweizer/innen und Ausländer/innen - Total","Verantwortlich für die Ausführung der Arbeiten","Männer",6442,4753,5535,7699,9361
"2014","Ostschweiz","Schweizer/innen und Ausländer/innen - Total","Ohne Kaderfunktion","Geschlecht - Total",5537,3987,4619,6699,8208
"2014","Ostschweiz","Schweizer/innen und Ausländer/innen - Total","Ohne Kaderfunktion","Frauen",5065,3700,4282,6440,7932
"2014","Ostschweiz","Schweizer/innen und Ausländer/innen - Total","Ohne Kaderfunktion","Männer",5776,4290,4925,6841,8369
"2014","Ostschweiz","Schweizer/innen","Berufliche Stellung - Total","Geschlecht - Total",6328,4312,5059,7992,10318
"2014","Ostschweiz","Schweizer/innen","Berufliche Stellung - Total","Frauen",5585,4015,4549,7051,8743
"2014","Ostschweiz","Schweizer/innen","Berufliche Stellung - Total","Männer",6775,4697,5551,8605,11163
"2014","Ostschweiz","Schweizer/innen","Oberes und mittleres Kader","Geschlecht - Total",8651,5467,6972,11302,13889
"2014","Ostschweiz","Schweizer/innen","Oberes und mittleres Kader","Frauen",7203,4456,5585,9412,11798
"2014","Ostschweiz","Schweizer/innen","Oberes und mittleres Kader","Männer",9208,6102,7480,11694,14486
"2014","Ostschweiz","Schweizer/innen","Unteres Kader","Geschlecht - Total",7425,4996,6160,8902,10677
"2014","Ostschweiz","Schweizer/innen","Unteres Kader","Frauen",6655,4429,5245,7885,9309
"2014","Ostschweiz","Schweizer/innen","Unteres Kader","Männer",7825,5555,6628,9370,11228
"2014","Ostschweiz","Schweizer/innen","Verantwortlich für die Ausführung der Arbeiten","Geschlecht - Total",6309,4502,5295,7452,8887
"2014","Ostschweiz","Schweizer/innen","Verantwortlich für die Ausführung der Arbeiten","Frauen",5771,4158,4719,6810,7841
"2014","Ostschweiz","Schweizer/innen","Verantwortlich für die Ausführung der Arbeiten","Männer",6704,4997,5830,7919,9492
"2014","Ostschweiz","Schweizer/innen","Ohne Kaderfunktion","Geschlecht - Total",5753,4140,4744,6965,8566
"2014","Ostschweiz","Schweizer/innen","Ohne Kaderfunktion","Frauen",5269,3915,4431,6623,8152
"2014","Ostschweiz","Schweizer/innen","Ohne Kaderfunktion","Männer",6062,4436,5115,7225,8871
"2014","Ostschweiz","Ausländer/innen","Berufliche Stellung - Total","Geschlecht - Total",5487,3876,4552,6736,8667
"2014","Ostschweiz","Ausländer/innen","Berufliche Stellung - Total","Frauen",4832,3484,4075,6450,8228
"2014","Ostschweiz","Ausländer/innen","Berufliche Stellung - Total","Männer",5671,4216,4860,6847,8932
"2014","Ostschweiz","Ausländer/innen","Oberes und mittleres Kader","Geschlecht - Total",8666,5139,6742,11873,15515
"2014","Ostschweiz","Ausländer/innen","Oberes und mittleres Kader","Frauen",7498,4332,5293,10039,12715
"2014","Ostschweiz","Ausländer/innen","Oberes und mittleres Kader","Männer",9304,5614,7051,12779,16558
"2014","Ostschweiz","Ausländer/innen","Unteres Kader","Geschlecht - Total",7091,4746,5889,8831,10763
"2014","Ostschweiz","Ausländer/innen","Unteres Kader","Frauen",6997,4283,5479,8594,9876
"2014","Ostschweiz","Ausländer/innen","Unteres Kader","Männer",7160,4936,5977,9151,11152
"2014","Ostschweiz","Ausländer/innen","Verantwortlich für die Ausführung der Arbeiten","Geschlecht - Total",5856,4291,5050,6872,8637
"2014","Ostschweiz","Ausländer/innen","Verantwortlich für die Ausführung der Arbeiten","Frauen",5476,4009,4614,6590,7774
"2014","Ostschweiz","Ausländer/innen","Verantwortlich für die Ausführung der Arbeiten","Männer",5983,4445,5195,6892,8878
"2014","Ostschweiz","Ausländer/innen","Ohne Kaderfunktion","Geschlecht - Total",5238,3776,4400,6208,7444
"2014","Ostschweiz","Ausländer/innen","Ohne Kaderfunktion","Frauen",4588,3430,3945,5813,7402
"2014","Ostschweiz","Ausländer/innen","Ohne Kaderfunktion","Männer",5436,4073,4728,6296,7470
"2014","Ostschweiz","> Kurzaufenthalter/innen (Kat. L)","Berufliche Stellung - Total","Geschlecht - Total",5018,3393,4089,5738,6807
"2014","Ostschweiz","> Kurzaufenthalter/innen (Kat. L)","Berufliche Stellung - Total","Frauen",4225,2982,3415,5188,6820
"2014","Ostschweiz","> Kurzaufenthalter/innen (Kat. L)","Berufliche Stellung - Total","Männer",5137,3598,4278,5754,6803
"2014","Ostschweiz","> Kurzaufenthalter/innen (Kat. L)","Oberes und mittleres Kader","Geschlecht - Total",6556,4524,5188,9433,11666
"2014","Ostschweiz","> Kurzaufenthalter/innen (Kat. L)","Oberes und mittleres Kader","Frauen",,,,,
"2014","Ostschweiz","> Kurzaufenthalter/innen (Kat. L)","Oberes und mittleres Kader","Männer",,,,,
"2014","Ostschweiz","> Kurzaufenthalter/innen (Kat. L)","Unteres Kader","Geschlecht - Total",,,,,
"2014","Ostschweiz","> Kurzaufenthalter/innen (Kat. L)","Unteres Kader","Frauen",,,,,
"2014","Ostschweiz","> Kurzaufenthalter/innen (Kat. L)","Unteres Kader","Männer",,,,,
"2014","Ostschweiz","> Kurzaufenthalter/innen (Kat. L)","Verantwortlich für die Ausführung der Arbeiten","Geschlecht - Total",,,,,
"2014","Ostschweiz","> Kurzaufenthalter/innen (Kat. L)","Verantwortlich für die Ausführung der Arbeiten","Frauen",,,,,
"2014","Ostschweiz","> Kurzaufenthalter/innen (Kat. L)","Verantwortlich für die Ausführung der Arbeiten","Männer",,,,,
"2014","Ostschweiz","> Kurzaufenthalter/innen (Kat. L)","Ohne Kaderfunktion","Geschlecht - Total",4971,3356,3885,5559,6375
"2014","Ostschweiz","> Kurzaufenthalter/innen (Kat. L)","Ohne Kaderfunktion","Frauen",3671,2852,3279,4268,5814
"2014","Ostschweiz","> Kurzaufenthalter/innen (Kat. L)","Ohne Kaderfunktion","Männer",5097,3495,4171,5639,6392
"2014","Ostschweiz","> Aufenthalter/innen (Kat. B)","Berufliche Stellung - Total","Geschlecht - Total",5183,3653,4344,6509,8364
"2014","Ostschweiz","> Aufenthalter/innen (Kat. B)","Berufliche Stellung - Total","Frauen",4961,3415,3949,6666,8186
"2014","Ostschweiz","> Aufenthalter/innen (Kat. B)","Berufliche Stellung - Total","Männer",5250,3941,4521,6446,8494
"2014","Ostschweiz","> Aufenthalter/innen (Kat. B)","Oberes und mittleres Kader","Geschlecht - Total",7731,4506,6004,11676,15669
"2014","Ostschweiz","> Aufenthalter/innen (Kat. B)","Oberes und mittleres Kader","Frauen",6914,3913,4863,8751,11391
"2014","Ostschweiz","> Aufenthalter/innen (Kat. B)","Oberes und mittleres Kader","Männer",9454,5584,6953,13407,17333
"2014","Ostschweiz","> Aufenthalter/innen (Kat. B)","Unteres Kader","Geschlecht - Total",6776,4481,5575,8494,10546
"2014","Ostschweiz","> Aufenthalter/innen (Kat. B)","Unteres Kader","Frauen",6916,4612,5643,8076,9592
"2014","Ostschweiz","> Aufenthalter/innen (Kat. B)","Unteres Kader","Männer",6776,4481,5373,8494,10884
"2014","Ostschweiz","> Aufenthalter/innen (Kat. B)","Verantwortlich für die Ausführung der Arbeiten","Geschlecht - Total",5674,4382,4964,6621,8113
"2014","Ostschweiz","> Aufenthalter/innen (Kat. B)","Verantwortlich für die Ausführung der Arbeiten","Frauen",5984,4619,5092,6615,7443
"2014","Ostschweiz","> Aufenthalter/innen (Kat. B)","Verantwortlich für die Ausführung der Arbeiten","Männer",5516,4332,4643,6623,8531
"2014","Ostschweiz","> Aufenthalter/innen (Kat. B)","Ohne Kaderfunktion","Geschlecht - Total",4917,3547,4210,6003,7351
"2014","Ostschweiz","> Aufenthalter/innen (Kat. B)","Ohne Kaderfunktion","Frauen",4526,3394,3750,6087,7453
"2014","Ostschweiz","> Aufenthalter/innen (Kat. B)","Ohne Kaderfunktion","Männer",5016,3818,4421,5968,7258
"2014","Ostschweiz","> Niedergelassene (Kat. C)","Berufliche Stellung - Total","Geschlecht - Total",5514,3980,4614,6678,8733
"2014","Ostschweiz","> Niedergelassene (Kat. C)","Berufliche Stellung - Total","Frauen",4722,3551,4090,6130,8254
"2014","Ostschweiz","> Niedergelassene (Kat. C)","Berufliche Stellung - Total","Männer",5796,4394,5015,6882,9110
"2014","Ostschweiz","> Niedergelassene (Kat. C)","Oberes und mittleres Kader","Geschlecht - Total",9164,5481,6984,12228,16264
"2014","Ostschweiz","> Niedergelassene (Kat. C)","Oberes und mittleres Kader","Frauen",8217,4628,6040,10801,13568
"2014","Ostschweiz","> Niedergelassene (Kat. C)","Oberes und mittleres Kader","Männer",9595,5609,7035,12970,17161
"2014","Ostschweiz","> Niedergelassene (Kat. C)","Unteres Kader","Geschlecht - Total",7560,4977,6049,9112,10922
"2014","Ostschweiz","> Niedergelassene (Kat. C)","Unteres Kader","Frauen",7222,4432,5479,8733,10104
"2014","Ostschweiz","> Niedergelassene (Kat. C)","Unteres Kader","Männer",7668,5039,6203,9515,11507
"2014","Ostschweiz","> Niedergelassene (Kat. C)","Verantwortlich für die Ausführung der Arbeiten","Geschlecht - Total",5685,4219,5043,6769,8601
"2014","Ostschweiz","> Niedergelassene (Kat. C)","Verantwortlich für die Ausführung der Arbeiten","Frauen",5275,3658,4442,6484,8085
"2014","Ostschweiz","> Niedergelassene (Kat. C)","Verantwortlich für die Ausführung der Arbeiten","Männer",5952,4639,5260,6861,8806
"2014","Ostschweiz","> Niedergelassene (Kat. C)","Ohne Kaderfunktion","Geschlecht - Total",5273,3906,4459,6190,7325
"2014","Ostschweiz","> Niedergelassene (Kat. C)","Ohne Kaderfunktion","Frauen",4531,3502,3986,5506,7156
"2014","Ostschweiz","> Niedergelassene (Kat. C)","Ohne Kaderfunktion","Männer",5569,4300,4865,6339,7377
"2014","Ostschweiz","> Grenzgänger/innen (Kat. G)","Berufliche Stellung - Total","Geschlecht - Total",5992,4163,5039,7420,9208
"2014","Ostschweiz","> Grenzgänger/innen (Kat. G)","Berufliche Stellung - Total","Frauen",5489,3614,4388,6987,8410
"2014","Ostschweiz","> Grenzgänger/innen (Kat. G)","Berufliche Stellung - Total","Männer",6127,4354,5198,7563,9492
"2014","Ostschweiz","> Grenzgänger/innen (Kat. G)","Oberes und mittleres Kader","Geschlecht - Total",8666,6588,7571,11266,14286
"2014","Ostschweiz","> Grenzgänger/innen (Kat. G)","Oberes und mittleres Kader","Frauen",8666,4819,6996,9909,11746
"2014","Ostschweiz","> Grenzgänger/innen (Kat. G)","Oberes und mittleres Kader","Männer",8564,6588,7577,11734,14297
"2014","Ostschweiz","> Grenzgänger/innen (Kat. G)","Unteres Kader","Geschlecht - Total",7091,5568,6056,8743,10886
"2014","Ostschweiz","> Grenzgänger/innen (Kat. G)","Unteres Kader","Frauen",6735,4531,5768,7818,9474
"2014","Ostschweiz","> Grenzgänger/innen (Kat. G)","Unteres Kader","Männer",7091,5594,6056,8938,11199
"2014","Ostschweiz","> Grenzgänger/innen (Kat. G)","Verantwortlich für die Ausführung der Arbeiten","Geschlecht - Total",6379,4230,5428,7703,9413
"2014","Ostschweiz","> Grenzgänger/innen (Kat. G)","Verantwortlich für die Ausführung der Arbeiten","Frauen",5973,4134,4532,7042,8837
"2014","Ostschweiz","> Grenzgänger/innen (Kat. G)","Verantwortlich für die Ausführung der Arbeiten","Männer",6446,4589,5578,7762,9527
"2014","Ostschweiz","> Grenzgänger/innen (Kat. G)","Ohne Kaderfunktion","Geschlecht - Total",5652,3976,4768,6787,8196
"2014","Ostschweiz","> Grenzgänger/innen (Kat. G)","Ohne Kaderfunktion","Frauen",5261,3451,4331,6563,7813
"2014","Ostschweiz","> Grenzgänger/innen (Kat. G)","Ohne Kaderfunktion","Männer",5748,4230,5039,6847,8342
"2014","Ostschweiz","> Andere","Berufliche Stellung - Total","Geschlecht - Total",5328,3834,4773,6147,7051
"2014","Ostschweiz","> Andere","Berufliche Stellung - Total","Frauen",4605,3000,3645,5837,7303
"2014","Ostschweiz","> Andere","Berufliche Stellung - Total","Männer",5355,3848,4915,6176,7051
"2014","Ostschweiz","> Andere","Oberes und mittleres Kader","Geschlecht - Total",,,,,
"2014","Ostschweiz","> Andere","Oberes und mittleres Kader","Frauen",,,,,
"2014","Ostschweiz","> Andere","Oberes und mittleres Kader","Männer",,,,,
"2014","Ostschweiz","> Andere","Unteres Kader","Geschlecht - Total",,,,,
"2014","Ostschweiz","> Andere","Unteres Kader","Frauen",,,,,
"2014","Ostschweiz","> Andere","Unteres Kader","Männer",,,,,
"2014","Ostschweiz","> Andere","Verantwortlich für die Ausführung der Arbeiten","Geschlecht - Total",,,,,
"2014","Ostschweiz","> Andere","Verantwortlich für die Ausführung der Arbeiten","Frauen",,,,,
"2014","Ostschweiz","> Andere","Verantwortlich für die Ausführung der Arbeiten","Männer",,,,,
"2014","Ostschweiz","> Andere","Ohne Kaderfunktion","Geschlecht - Total",5323,3649,4726,5858,6621
"2014","Ostschweiz","> Andere","Ohne Kaderfunktion","Frauen",4436,3000,3511,5034,7042
"2014","Ostschweiz","> Andere","Ohne Kaderfunktion","Männer",5328,3834,4908,5881,6581
"2014","Zentralschweiz","Schweizer/innen und Ausländer/innen - Total","Berufliche Stellung - Total","Geschlecht - Total",6352,4312,5108,8233,10907
"2014","Zentralschweiz","Schweizer/innen und Ausländer/innen - Total","Berufliche Stellung - Total","Frauen",5812,4002,4627,7381,9378
"2014","Zentralschweiz","Schweizer/innen und Ausländer/innen - Total","Berufliche Stellung - Total","Männer",6663,4631,5461,8800,11721
"2014","Zentralschweiz","Schweizer/innen und Ausländer/innen - Total","Oberes und mittleres Kader","Geschlecht - Total",9618,5778,7283,12647,16924
"2014","Zentralschweiz","Schweizer/innen und Ausländer/innen - Total","Oberes und mittleres Kader","Frauen",8106,4857,6154,10642,14155
"2014","Zentralschweiz","Schweizer/innen und Ausländer/innen - Total","Oberes und mittleres Kader","Männer",10000,6222,7715,13255,17651
"2014","Zentralschweiz","Schweizer/innen und Ausländer/innen - Total","Unteres Kader","Geschlecht - Total",7706,5200,6190,9552,11712
"2014","Zentralschweiz","Schweizer/innen und Ausländer/innen - Total","Unteres Kader","Frauen",7082,4691,5659,8634,10705
"2014","Zentralschweiz","Schweizer/innen und Ausländer/innen - Total","Unteres Kader","Männer",7950,5517,6500,9942,12070
"2014","Zentralschweiz","Schweizer/innen und Ausländer/innen - Total","Verantwortlich für die Ausführung der Arbeiten","Geschlecht - Total",6507,4632,5506,7821,10000
"2014","Zentralschweiz","Schweizer/innen und Ausländer/innen - Total","Verantwortlich für die Ausführung der Arbeiten","Frauen",5961,4180,4898,7223,9028
"2014","Zentralschweiz","Schweizer/innen und Ausländer/innen - Total","Verantwortlich für die Ausführung der Arbeiten","Männer",6708,5005,5731,8110,10291
"2014","Zentralschweiz","Schweizer/innen und Ausländer/innen - Total","Ohne Kaderfunktion","Geschlecht - Total",5850,4142,4809,7163,8993
"2014","Zentralschweiz","Schweizer/innen und Ausländer/innen - Total","Ohne Kaderfunktion","Frauen",5498,3913,4483,6907,8560
"2014","Zentralschweiz","Schweizer/innen und Ausländer/innen - Total","Ohne Kaderfunktion","Männer",6034,4386,5090,7339,9313
"2014","Zentralschweiz","Schweizer/innen","Berufliche Stellung - Total","Geschlecht - Total",6500,4401,5227,8350,10849
"2014","Zentralschweiz","Schweizer/innen","Berufliche Stellung - Total","Frauen",5908,4112,4733,7394,9250
"2014","Zentralschweiz","Schweizer/innen","Berufliche Stellung - Total","Männer",6888,4754,5620,9012,11687
"2014","Zentralschweiz","Schweizer/innen","Oberes und mittleres Kader","Geschlecht - Total",9389,5778,7233,12144,15873
"2014","Zentralschweiz","Schweizer/innen","Oberes und mittleres Kader","Frauen",7818,4785,5979,10195,12750
"2014","Zentralschweiz","Schweizer/innen","Oberes und mittleres Kader","Männer",9841,6293,7653,12691,16560
"2014","Zentralschweiz","Schweizer/innen","Unteres Kader","Geschlecht - Total",7641,5134,6163,9345,11246
"2014","Zentralschweiz","Schweizer/innen","Unteres Kader","Frauen",6958,4582,5602,8385,10088
"2014","Zentralschweiz","Schweizer/innen","Unteres Kader","Männer",7915,5523,6500,9716,11554
"2014","Zentralschweiz","Schweizer/innen","Verantwortlich für die Ausführung der Arbeiten","Geschlecht - Total",6500,4632,5469,7783,9761
"2014","Zentralschweiz","Schweizer/innen","Verantwortlich für die Ausführung der Arbeiten","Frauen",5961,4200,4898,7121,8710
"2014","Zentralschweiz","Schweizer/innen","Verantwortlich für die Ausführung der Arbeiten","Männer",6708,5003,5702,8145,10113
"2014","Zentralschweiz","Schweizer/innen","Ohne Kaderfunktion","Geschlecht - Total",5978,4230,4906,7321,9087
"2014","Zentralschweiz","Schweizer/innen","Ohne Kaderfunktion","Frauen",5647,4015,4587,6985,8583
"2014","Zentralschweiz","Schweizer/innen","Ohne Kaderfunktion","Männer",6203,4507,5200,7566,9485
"2014","Zentralschweiz","Ausländer/innen","Berufliche Stellung - Total","Geschlecht - Total",5896,4057,4775,7709,11180
"2014","Zentralschweiz","Ausländer/innen","Berufliche Stellung - Total","Frauen",5255,3725,4283,7296,10131
"2014","Zentralschweiz","Ausländer/innen","Berufliche Stellung - Total","Männer",6067,4333,5098,7905,11895
"2014","Zentralschweiz","Ausländer/innen","Oberes und mittleres Kader","Geschlecht - Total",11249,5772,7862,16018,21751
"2014","Zentralschweiz","Ausländer/innen","Oberes und mittleres Kader","Frauen",10318,5578,7399,14307,19868
"2014","Zentralschweiz","Ausländer/innen","Oberes und mittleres Kader","Männer",11667,5797,7923,16374,21960
"2014","Zentralschweiz","Ausländer/innen","Unteres Kader","Geschlecht - Total",8252,5360,6490,11001,14219
"2014","Zentralschweiz","Ausländer/innen","Unteres Kader","Frauen",8036,5128,6222,10422,13570
"2014","Zentralschweiz","Ausländer/innen","Unteres Kader","Männer",8355,5453,6548,11221,14219
"2014","Zentralschweiz","Ausländer/innen","Verantwortlich für die Ausführung der Arbeiten","Geschlecht - Total",6577,4624,5628,7940,10827
"2014","Zentralschweiz","Ausländer/innen","Verantwortlich für die Ausführung der Arbeiten","Frauen",5912,3951,4913,7733,10547
"2014","Zentralschweiz","Ausländer/innen","Verantwortlich für die Ausführung der Arbeiten","Männer",6733,5089,5840,8013,11067
"2014","Zentralschweiz","Ausländer/innen","Ohne Kaderfunktion","Geschlecht - Total",5500,3921,4554,6667,8650
"2014","Zentralschweiz","Ausländer/innen","Ohne Kaderfunktion","Frauen",4863,3659,4168,6561,8441
"2014","Zentralschweiz","Ausländer/innen","Ohne Kaderfunktion","Männer",5674,4169,4844,6705,8774
"2014","Zentralschweiz","> Kurzaufenthalter/innen (Kat. L)","Berufliche Stellung - Total","Geschlecht - Total",5751,3947,4852,6486,7787
"2014","Zentralschweiz","> Kurzaufenthalter/innen (Kat. L)","Berufliche Stellung - Total","Frauen",4643,3553,4099,6418,7540
"2014","Zentralschweiz","> Kurzaufenthalter/innen (Kat. L)","Berufliche Stellung - Total","Männer",5833,4075,5031,6486,7842
"2014","Zentralschweiz","> Kurzaufenthalter/innen (Kat. L)","Oberes und mittleres Kader","Geschlecht - Total",,,,,
"2014","Zentralschweiz","> Kurzaufenthalter/innen (Kat. L)","Oberes und mittleres Kader","Frauen",,,,,
"2014","Zentralschweiz","> Kurzaufenthalter/innen (Kat. L)","Oberes und mittleres Kader","Männer",,,,,
"2014","Zentralschweiz","> Kurzaufenthalter/innen (Kat. L)","Unteres Kader","Geschlecht - Total",,,,,
"2014","Zentralschweiz","> Kurzaufenthalter/innen (Kat. L)","Unteres Kader","Frauen",,,,,
"2014","Zentralschweiz","> Kurzaufenthalter/innen (Kat. L)","Unteres Kader","Männer",,,,,
"2014","Zentralschweiz","> Kurzaufenthalter/innen (Kat. L)","Verantwortlich für die Ausführung der Arbeiten","Geschlecht - Total",,,,,
"2014","Zentralschweiz","> Kurzaufenthalter/innen (Kat. L)","Verantwortlich für die Ausführung der Arbeiten","Frauen",,,,,
"2014","Zentralschweiz","> Kurzaufenthalter/innen (Kat. L)","Verantwortlich für die Ausführung der Arbeiten","Männer",,,,,
"2014","Zentralschweiz","> Kurzaufenthalter/innen (Kat. L)","Ohne Kaderfunktion","Geschlecht - Total",5735,3947,4862,6413,7453
"2014","Zentralschweiz","> Kurzaufenthalter/innen (Kat. L)","Ohne Kaderfunktion","Frauen",4643,3725,4043,6475,7354
"2014","Zentralschweiz","> Kurzaufenthalter/innen (Kat. L)","Ohne Kaderfunktion","Männer",5803,4010,5031,6413,7490
"2014","Zentralschweiz","> Aufenthalter/innen (Kat. B)","Berufliche Stellung - Total","Geschlecht - Total",5907,3972,4667,8333,12125
"2014","Zentralschweiz","> Aufenthalter/innen (Kat. B)","Berufliche Stellung - Total","Frauen",5818,3633,4334,7905,10833
"2014","Zentralschweiz","> Aufenthalter/innen (Kat. B)","Berufliche Stellung - Total","Männer",5928,4169,4818,8512,12843
"2014","Zentralschweiz","> Aufenthalter/innen (Kat. B)","Oberes und mittleres Kader","Geschlecht - Total",12275,5578,8450,17960,23962
"2014","Zentralschweiz","> Aufenthalter/innen (Kat. B)","Oberes und mittleres Kader","Frauen",10030,5565,7619,15812,21910
"2014","Zentralschweiz","> Aufenthalter/innen (Kat. B)","Oberes und mittleres Kader","Männer",13000,5797,8770,18754,24322
"2014","Zentralschweiz","> Aufenthalter/innen (Kat. B)","Unteres Kader","Geschlecht - Total",9083,5462,6840,12083,15711
"2014","Zentralschweiz","> Aufenthalter/innen (Kat. B)","Unteres Kader","Frauen",8558,5204,6636,11091,14880
"2014","Zentralschweiz","> Aufenthalter/innen (Kat. B)","Unteres Kader","Männer",9221,5462,6992,12204,16375
"2014","Zentralschweiz","> Aufenthalter/innen (Kat. B)","Verantwortlich für die Ausführung der Arbeiten","Geschlecht - Total",7255,4933,5798,10123,12274
"2014","Zentralschweiz","> Aufenthalter/innen (Kat. B)","Verantwortlich für die Ausführung der Arbeiten","Frauen",7438,4933,5912,9962,11352
"2014","Zentralschweiz","> Aufenthalter/innen (Kat. B)","Verantwortlich für die Ausführung der Arbeiten","Männer",7107,4644,5469,10150,13491
"2014","Zentralschweiz","> Aufenthalter/innen (Kat. B)","Ohne Kaderfunktion","Geschlecht - Total",5429,3840,4440,6860,9151
"2014","Zentralschweiz","> Aufenthalter/innen (Kat. B)","Ohne Kaderfunktion","Frauen",5200,3579,4105,6913,8894
"2014","Zentralschweiz","> Aufenthalter/innen (Kat. B)","Ohne Kaderfunktion","Männer",5484,4073,4650,6838,9295
"2014","Zentralschweiz","> Niedergelassene (Kat. C)","Berufliche Stellung - Total","Geschlecht - Total",5875,4124,4799,7448,10732
"2014","Zentralschweiz","> Niedergelassene (Kat. C)","Berufliche Stellung - Total","Frauen",5035,3782,4260,7011,9600
"2014","Zentralschweiz","> Niedergelassene (Kat. C)","Berufliche Stellung - Total","Männer",6111,4459,5200,7676,11360
"2014","Zentralschweiz","> Niedergelassene (Kat. C)","Oberes und mittleres Kader","Geschlecht - Total",10440,5761,7453,15001,19827
"2014","Zentralschweiz","> Niedergelassene (Kat. C)","Oberes und mittleres Kader","Frauen",10318,5676,7241,13424,19548
"2014","Zentralschweiz","> Niedergelassene (Kat. C)","Oberes und mittleres Kader","Männer",10741,5777,7453,15303,20000
"2014","Zentralschweiz","> Niedergelassene (Kat. C)","Unteres Kader","Geschlecht - Total",7849,5225,6294,10497,13475
"2014","Zentralschweiz","> Niedergelassene (Kat. C)","Unteres Kader","Frauen",7740,4983,5984,9706,12526
"2014","Zentralschweiz","> Niedergelassene (Kat. C)","Unteres Kader","Männer",7893,5404,6413,10682,13622
"2014","Zentralschweiz","> Niedergelassene (Kat. C)","Verantwortlich für die Ausführung der Arbeiten","Geschlecht - Total",6203,4629,5605,7491,9881
"2014","Zentralschweiz","> Niedergelassene (Kat. C)","Verantwortlich für die Ausführung der Arbeiten","Frauen",5851,3834,4508,7222,9301
"2014","Zentralschweiz","> Niedergelassene (Kat. C)","Verantwortlich für die Ausführung der Arbeiten","Männer",6294,5262,5801,7575,9987
"2014","Zentralschweiz","> Niedergelassene (Kat. C)","Ohne Kaderfunktion","Geschlecht - Total",5471,3977,4583,6564,8328
"2014","Zentralschweiz","> Niedergelassene (Kat. C)","Ohne Kaderfunktion","Frauen",4777,3714,4177,6371,8217
"2014","Zentralschweiz","> Niedergelassene (Kat. C)","Ohne Kaderfunktion","Männer",5719,4319,4993,6634,8362
"2014","Zentralschweiz","> Grenzgänger/innen (Kat. G)","Berufliche Stellung - Total","Geschlecht - Total",6977,4715,5608,8941,12546
"2014","Zentralschweiz","> Grenzgänger/innen (Kat. G)","Berufliche Stellung - Total","Frauen",6257,4026,4946,7636,10383
"2014","Zentralschweiz","> Grenzgänger/innen (Kat. G)","Berufliche Stellung - Total","Männer",7182,5046,5811,9176,12892
"2014","Zentralschweiz","> Grenzgänger/innen (Kat. G)","Oberes und mittleres Kader","Geschlecht - Total",13044,6620,9962,18850,21488
"2014","Zentralschweiz","> Grenzgänger/innen (Kat. G)","Oberes und mittleres Kader","Frauen",,,,,
"2014","Zentralschweiz","> Grenzgänger/innen (Kat. G)","Oberes und mittleres Kader","Männer",12984,6620,9977,19054,21488
"2014","Zentralschweiz","> Grenzgänger/innen (Kat. G)","Unteres Kader","Geschlecht - Total",8634,5854,7011,10831,12299
"2014","Zentralschweiz","> Grenzgänger/innen (Kat. G)","Unteres Kader","Frauen",,,,,
"2014","Zentralschweiz","> Grenzgänger/innen (Kat. G)","Unteres Kader","Männer",8634,5874,7333,10785,12396
"2014","Zentralschweiz","> Grenzgänger/innen (Kat. G)","Verantwortlich für die Ausführung der Arbeiten","Geschlecht - Total",7463,5159,6977,8374,10827
"2014","Zentralschweiz","> Grenzgänger/innen (Kat. G)","Verantwortlich für die Ausführung der Arbeiten","Frauen",,,,,
"2014","Zentralschweiz","> Grenzgänger/innen (Kat. G)","Verantwortlich für die Ausführung der Arbeiten","Männer",7463,5913,6977,8464,10827
"2014","Zentralschweiz","> Grenzgänger/innen (Kat. G)","Ohne Kaderfunktion","Geschlecht - Total",6114,4333,5284,7683,9245
"2014","Zentralschweiz","> Grenzgänger/innen (Kat. G)","Ohne Kaderfunktion","Frauen",6063,3667,4655,7168,8631
"2014","Zentralschweiz","> Grenzgänger/innen (Kat. G)","Ohne Kaderfunktion","Männer",6127,4728,5406,7911,9501
"2014","Zentralschweiz","> Andere","Berufliche Stellung - Total","Geschlecht - Total",4735,3437,3691,6316,10412
"2014","Zentralschweiz","> Andere","Berufliche Stellung - Total","Frauen",,,,,
"2014","Zentralschweiz","> Andere","Berufliche Stellung - Total","Männer",4735,3437,3715,6391,10638
"2014","Zentralschweiz","> Andere","Oberes und mittleres Kader","Geschlecht - Total",,,,,
"2014","Zentralschweiz","> Andere","Oberes und mittleres Kader","Frauen",,,,,
"2014","Zentralschweiz","> Andere","Oberes und mittleres Kader","Männer",,,,,
"2014","Zentralschweiz","> Andere","Unteres Kader","Geschlecht - Total",,,,,
"2014","Zentralschweiz","> Andere","Unteres Kader","Frauen",..,..,..,..,..
"2014","Zentralschweiz","> Andere","Unteres Kader","Männer",,,,,
"2014","Zentralschweiz","> Andere","Verantwortlich für die Ausführung der Arbeiten","Geschlecht - Total",,,,,
"2014","Zentralschweiz","> Andere","Verantwortlich für die Ausführung der Arbeiten","Frauen",,,,,
"2014","Zentralschweiz","> Andere","Verantwortlich für die Ausführung der Arbeiten","Männer",,,,,
"2014","Zentralschweiz","> Andere","Ohne Kaderfunktion","Geschlecht - Total",4735,3433,3620,6217,7733
"2014","Zentralschweiz","> Andere","Ohne Kaderfunktion","Frauen",,,,,
"2014","Zentralschweiz","> Andere","Ohne Kaderfunktion","Männer",4735,3437,3670,6217,7940
"2014","Ticino","Schweizer/innen und Ausländer/innen - Total","Berufliche Stellung - Total","Geschlecht - Total",5485,3513,4311,7017,9089
"2014","Ticino","Schweizer/innen und Ausländer/innen - Total","Berufliche Stellung - Total","Frauen",5101,3260,3882,6529,8202
"2014","Ticino","Schweizer/innen und Ausländer/innen - Total","Berufliche Stellung - Total","Männer",5705,3736,4614,7346,9837
"2014","Ticino","Schweizer/innen und Ausländer/innen - Total","Oberes und mittleres Kader","Geschlecht - Total",8666,5215,6400,11362,16029
"2014","Ticino","Schweizer/innen und Ausländer/innen - Total","Oberes und mittleres Kader","Frauen",7166,4641,5557,8975,11941
"2014","Ticino","Schweizer/innen und Ausländer/innen - Total","Oberes und mittleres Kader","Männer",9102,5491,6713,12080,17039
"2014","Ticino","Schweizer/innen und Ausländer/innen - Total","Unteres Kader","Geschlecht - Total",6400,4230,5074,8238,10364
"2014","Ticino","Schweizer/innen und Ausländer/innen - Total","Unteres Kader","Frauen",5912,3825,4500,7125,8838
"2014","Ticino","Schweizer/innen und Ausländer/innen - Total","Unteres Kader","Männer",6977,4675,5399,8651,11009
"2014","Ticino","Schweizer/innen und Ausländer/innen - Total","Verantwortlich für die Ausführung der Arbeiten","Geschlecht - Total",5707,3851,4578,7070,8370
"2014","Ticino","Schweizer/innen und Ausländer/innen - Total","Verantwortlich für die Ausführung der Arbeiten","Frauen",5302,3803,4433,6707,8119
"2014","Ticino","Schweizer/innen und Ausländer/innen - Total","Verantwortlich für die Ausführung der Arbeiten","Männer",5850,3858,4720,7219,8524
"2014","Ticino","Schweizer/innen und Ausländer/innen - Total","Ohne Kaderfunktion","Geschlecht - Total",5136,3364,4004,6296,7722
"2014","Ticino","Schweizer/innen und Ausländer/innen - Total","Ohne Kaderfunktion","Frauen",4814,3147,3678,6150,7812
"2014","Ticino","Schweizer/innen und Ausländer/innen - Total","Ohne Kaderfunktion","Männer",5304,3551,4311,6368,7675
"2014","Ticino","Schweizer/innen","Berufliche Stellung - Total","Geschlecht - Total",6227,4150,5092,7981,10197
"2014","Ticino","Schweizer/innen","Berufliche Stellung - Total","Frauen",5742,3868,4641,7135,8605
"2014","Ticino","Schweizer/innen","Berufliche Stellung - Total","Männer",6626,4525,5474,8596,11138
"2014","Ticino","Schweizer/innen","Oberes und mittleres Kader","Geschlecht - Total",9089,5437,6619,11611,16250
"2014","Ticino","Schweizer/innen","Oberes und mittleres Kader","Frauen",7292,4641,5754,8975,11750
"2014","Ticino","Schweizer/innen","Oberes und mittleres Kader","Männer",9591,5732,7491,12380,17143
"2014","Ticino","Schweizer/innen","Unteres Kader","Geschlecht - Total",6839,4500,5412,8560,10762
"2014","Ticino","Schweizer/innen","Unteres Kader","Frauen",6062,4073,4700,7223,8920
"2014","Ticino","Schweizer/innen","Unteres Kader","Männer",7513,4942,5875,9206,11349
"2014","Ticino","Schweizer/innen","Verantwortlich für die Ausführung der Arbeiten","Geschlecht - Total",6027,4127,4875,7440,8647
"2014","Ticino","Schweizer/innen","Verantwortlich für die Ausführung der Arbeiten","Frauen",5472,4127,4591,6826,8116
"2014","Ticino","Schweizer/innen","Verantwortlich für die Ausführung der Arbeiten","Männer",6389,4143,5216,7840,9326
"2014","Ticino","Schweizer/innen","Ohne Kaderfunktion","Geschlecht - Total",5843,3987,4846,7117,8482
"2014","Ticino","Schweizer/innen","Ohne Kaderfunktion","Frauen",5639,3714,4523,6827,8299
"2014","Ticino","Schweizer/innen","Ohne Kaderfunktion","Männer",6071,4329,5146,7311,8742
"2014","Ticino","Ausländer/innen","Berufliche Stellung - Total","Geschlecht - Total",4890,3274,3808,6084,7744
"2014","Ticino","Ausländer/innen","Berufliche Stellung - Total","Frauen",4225,3007,3463,5620,7546
"2014","Ticino","Ausländer/innen","Berufliche Stellung - Total","Männer",5172,3515,4156,6270,7885
"2014","Ticino","Ausländer/innen","Oberes und mittleres Kader","Geschlecht - Total",7675,4618,5935,10628,15628
"2014","Ticino","Ausländer/innen","Oberes und mittleres Kader","Frauen",6649,3804,5088,9130,13191
"2014","Ticino","Ausländer/innen","Oberes und mittleres Kader","Männer",8096,5150,6171,11059,16571
"2014","Ticino","Ausländer/innen","Unteres Kader","Geschlecht - Total",5932,3887,4762,7577,9676
"2014","Ticino","Ausländer/innen","Unteres Kader","Frauen",5417,3603,4333,6811,8698
"2014","Ticino","Ausländer/innen","Unteres Kader","Männer",6270,4202,4948,7800,10508
"2014","Ticino","Ausländer/innen","Verantwortlich für die Ausführung der Arbeiten","Geschlecht - Total",5474,3705,4329,6778,8127
"2014","Ticino","Ausländer/innen","Verantwortlich für die Ausführung der Arbeiten","Frauen",5119,3260,4136,6599,8146
"2014","Ticino","Ausländer/innen","Verantwortlich für die Ausführung der Arbeiten","Männer",5504,3791,4366,6830,8119
"2014","Ticino","Ausländer/innen","Ohne Kaderfunktion","Geschlecht - Total",4526,3173,3636,5507,6628
"2014","Ticino","Ausländer/innen","Ohne Kaderfunktion","Frauen",3948,2967,3362,5159,6708
"2014","Ticino","Ausländer/innen","Ohne Kaderfunktion","Männer",4871,3433,3962,5620,6600
"2014","Ticino","> Kurzaufenthalter/innen (Kat. L)","Berufliche Stellung - Total","Geschlecht - Total",5487,3388,3972,6759,10353
"2014","Ticino","> Kurzaufenthalter/innen (Kat. L)","Berufliche Stellung - Total","Frauen",5581,3429,3848,6334,10526
"2014","Ticino","> Kurzaufenthalter/innen (Kat. L)","Berufliche Stellung - Total","Männer",5175,3388,3981,7337,10353
"2014","Ticino","> Kurzaufenthalter/innen (Kat. L)","Oberes und mittleres Kader","Geschlecht - Total",,,,,
"2014","Ticino","> Kurzaufenthalter/innen (Kat. L)","Oberes und mittleres Kader","Frauen",,,,,
"2014","Ticino","> Kurzaufenthalter/innen (Kat. L)","Oberes und mittleres Kader","Männer",,,,,
"2014","Ticino","> Kurzaufenthalter/innen (Kat. L)","Unteres Kader","Geschlecht - Total",,,,,
"2014","Ticino","> Kurzaufenthalter/innen (Kat. L)","Unteres Kader","Frauen",,,,,
"2014","Ticino","> Kurzaufenthalter/innen (Kat. L)","Unteres Kader","Männer",,,,,
"2014","Ticino","> Kurzaufenthalter/innen (Kat. L)","Verantwortlich für die Ausführung der Arbeiten","Geschlecht - Total",,,,,
"2014","Ticino","> Kurzaufenthalter/innen (Kat. L)","Verantwortlich für die Ausführung der Arbeiten","Frauen",,,,,
"2014","Ticino","> Kurzaufenthalter/innen (Kat. L)","Verantwortlich für die Ausführung der Arbeiten","Männer",,,,,
"2014","Ticino","> Kurzaufenthalter/innen (Kat. L)","Ohne Kaderfunktion","Geschlecht - Total",5000,3333,3848,5914,7337
"2014","Ticino","> Kurzaufenthalter/innen (Kat. L)","Ohne Kaderfunktion","Frauen",,,,,
"2014","Ticino","> Kurzaufenthalter/innen (Kat. L)","Ohne Kaderfunktion","Männer",4952,3144,3972,5927,7337
"2014","Ticino","> Aufenthalter/innen (Kat. B)","Berufliche Stellung - Total","Geschlecht - Total",4944,3528,3921,6523,8488
"2014","Ticino","> Aufenthalter/innen (Kat. B)","Berufliche Stellung - Total","Frauen",4767,3362,3714,6262,7716
"2014","Ticino","> Aufenthalter/innen (Kat. B)","Berufliche Stellung - Total","Männer",5048,3644,4122,6808,9200
"2014","Ticino","> Aufenthalter/innen (Kat. B)","Oberes und mittleres Kader","Geschlecht - Total",7522,3714,5835,12153,18409
"2014","Ticino","> Aufenthalter/innen (Kat. B)","Oberes und mittleres Kader","Frauen",6266,3714,5554,9173,15041
"2014","Ticino","> Aufenthalter/innen (Kat. B)","Oberes und mittleres Kader","Männer",9044,3798,6174,13852,19962
"2014","Ticino","> Aufenthalter/innen (Kat. B)","Unteres Kader","Geschlecht - Total",6608,4251,4808,8433,11546
"2014","Ticino","> Aufenthalter/innen (Kat. B)","Unteres Kader","Frauen",6409,4033,5417,7577,8981
"2014","Ticino","> Aufenthalter/innen (Kat. B)","Unteres Kader","Männer",6977,4251,4762,9676,12670
"2014","Ticino","> Aufenthalter/innen (Kat. B)","Verantwortlich für die Ausführung der Arbeiten","Geschlecht - Total",5305,3705,3984,7258,10121
"2014","Ticino","> Aufenthalter/innen (Kat. B)","Verantwortlich für die Ausführung der Arbeiten","Frauen",5498,4216,4720,6973,10016
"2014","Ticino","> Aufenthalter/innen (Kat. B)","Verantwortlich für die Ausführung der Arbeiten","Männer",5159,3705,3705,7400,10134
"2014","Ticino","> Aufenthalter/innen (Kat. B)","Ohne Kaderfunktion","Geschlecht - Total",4656,3467,3800,5714,7143
"2014","Ticino","> Aufenthalter/innen (Kat. B)","Ohne Kaderfunktion","Frauen",4332,3288,3619,5609,7125
"2014","Ticino","> Aufenthalter/innen (Kat. B)","Ohne Kaderfunktion","Männer",4831,3644,4095,5801,7200
"2014","Ticino","> Niedergelassene (Kat. C)","Berufliche Stellung - Total","Geschlecht - Total",5398,3714,4408,6571,8445
"2014","Ticino","> Niedergelassene (Kat. C)","Berufliche Stellung - Total","Frauen",4977,3514,3984,6363,7986
"2014","Ticino","> Niedergelassene (Kat. C)","Berufliche Stellung - Total","Männer",5547,3895,4803,6636,8863
"2014","Ticino","> Niedergelassene (Kat. C)","Oberes und mittleres Kader","Geschlecht - Total",7687,4643,5919,11614,17148
"2014","Ticino","> Niedergelassene (Kat. C)","Oberes und mittleres Kader","Frauen",7584,3804,4952,8899,13890
"2014","Ticino","> Niedergelassene (Kat. C)","Oberes und mittleres Kader","Männer",8666,5184,6190,12188,18254
"2014","Ticino","> Niedergelassene (Kat. C)","Unteres Kader","Geschlecht - Total",6400,4532,5222,8125,10385
"2014","Ticino","> Niedergelassene (Kat. C)","Unteres Kader","Frauen",5777,3733,4532,7874,9682
"2014","Ticino","> Niedergelassene (Kat. C)","Unteres Kader","Männer",6502,4875,5484,8259,11585
"2014","Ticino","> Niedergelassene (Kat. C)","Verantwortlich für die Ausführung der Arbeiten","Geschlecht - Total",5676,3895,4483,6794,8369
"2014","Ticino","> Niedergelassene (Kat. C)","Verantwortlich für die Ausführung der Arbeiten","Frauen",5479,3712,4295,6700,8122
"2014","Ticino","> Niedergelassene (Kat. C)","Verantwortlich für die Ausführung der Arbeiten","Männer",5804,3895,4604,6830,8449
"2014","Ticino","> Niedergelassene (Kat. C)","Ohne Kaderfunktion","Geschlecht - Total",5142,3573,4177,5993,7212
"2014","Ticino","> Niedergelassene (Kat. C)","Ohne Kaderfunktion","Frauen",4727,3456,3884,5880,7379
"2014","Ticino","> Niedergelassene (Kat. C)","Ohne Kaderfunktion","Männer",5356,3714,4547,6004,6930
"2014","Ticino","> Grenzgänger/innen (Kat. G)","Berufliche Stellung - Total","Geschlecht - Total",4610,3157,3636,5728,7233
"2014","Ticino","> Grenzgänger/innen (Kat. G)","Berufliche Stellung - Total","Frauen",3831,2932,3266,5161,6983
"2014","Ticino","> Grenzgänger/innen (Kat. G)","Berufliche Stellung - Total","Männer",4980,3431,4013,5964,7325
"2014","Ticino","> Grenzgänger/innen (Kat. G)","Oberes und mittleres Kader","Geschlecht - Total",7606,4782,5972,10120,13245
"2014","Ticino","> Grenzgänger/innen (Kat. G)","Oberes und mittleres Kader","Frauen",6696,4209,5471,8872,11747
"2014","Ticino","> Grenzgänger/innen (Kat. G)","Oberes und mittleres Kader","Männer",7765,5128,6164,10140,13538
"2014","Ticino","> Grenzgänger/innen (Kat. G)","Unteres Kader","Geschlecht - Total",5480,3805,4475,7058,8680
"2014","Ticino","> Grenzgänger/innen (Kat. G)","Unteres Kader","Frauen",4901,3358,4127,6500,8103
"2014","Ticino","> Grenzgänger/innen (Kat. G)","Unteres Kader","Männer",5671,3893,4827,7335,9149
"2014","Ticino","> Grenzgänger/innen (Kat. G)","Verantwortlich für die Ausführung der Arbeiten","Geschlecht - Total",5397,3637,4333,6587,7706
"2014","Ticino","> Grenzgänger/innen (Kat. G)","Verantwortlich für die Ausführung der Arbeiten","Frauen",4898,3250,3817,6334,8036
"2014","Ticino","> Grenzgänger/innen (Kat. G)","Verantwortlich für die Ausführung der Arbeiten","Männer",5494,3899,4518,6641,7573
"2014","Ticino","> Grenzgänger/innen (Kat. G)","Ohne Kaderfunktion","Geschlecht - Total",4268,3014,3480,5329,6364
"2014","Ticino","> Grenzgänger/innen (Kat. G)","Ohne Kaderfunktion","Frauen",3660,2860,3194,4662,6117
"2014","Ticino","> Grenzgänger/innen (Kat. G)","Ohne Kaderfunktion","Männer",4639,3329,3799,5455,6411
"2014","Ticino","> Andere","Berufliche Stellung - Total","Geschlecht - Total",4224,2613,3487,5572,6986
"2014","Ticino","> Andere","Berufliche Stellung - Total","Frauen",3860,2533,3234,5071,7741
"2014","Ticino","> Andere","Berufliche Stellung - Total","Männer",4333,2836,3630,5761,6751
"2014","Ticino","> Andere","Oberes und mittleres Kader","Geschlecht - Total",,,,,
"2014","Ticino","> Andere","Oberes und mittleres Kader","Frauen",,,,,
"2014","Ticino","> Andere","Oberes und mittleres Kader","Männer",,,,,
"2014","Ticino","> Andere","Unteres Kader","Geschlecht - Total",,,,,
"2014","Ticino","> Andere","Unteres Kader","Frauen",,,,,
"2014","Ticino","> Andere","Unteres Kader","Männer",,,,,
"2014","Ticino","> Andere","Verantwortlich für die Ausführung der Arbeiten","Geschlecht - Total",,,,,
"2014","Ticino","> Andere","Verantwortlich für die Ausführung der Arbeiten","Frauen",,,,,
"2014","Ticino","> Andere","Verantwortlich für die Ausführung der Arbeiten","Männer",,,,,
"2014","Ticino","> Andere","Ohne Kaderfunktion","Geschlecht - Total",3937,2589,3378,5027,6052
"2014","Ticino","> Andere","Ohne Kaderfunktion","Frauen",3704,2507,3147,4706,5475
"2014","Ticino","> Andere","Ohne Kaderfunktion","Männer",4252,2606,3515,5442,6077
"2012","Schweiz","Schweizer/innen und Ausländer/innen - Total","Berufliche Stellung - Total","Geschlecht - Total",6439,4015,4977,8635,11735
"2012","Schweiz","Schweizer/innen und Ausländer/innen - Total","Berufliche Stellung - Total","Frauen",5808,3569,4436,7643,9973
"2012","Schweiz","Schweizer/innen und Ausländer/innen - Total","Berufliche Stellung - Total","Männer",6840,4427,5412,9311,12752
"2012","Schweiz","Schweizer/innen und Ausländer/innen - Total","Oberes und mittleres Kader","Geschlecht - Total",10056,5238,7308,13921,20050
"2012","Schweiz","Schweizer/innen und Ausländer/innen - Total","Oberes und mittleres Kader","Frauen",8356,4110,6076,11158,15284
"2012","Schweiz","Schweizer/innen und Ausländer/innen - Total","Oberes und mittleres Kader","Männer",10786,5860,7843,14829,21534
"2012","Schweiz","Schweizer/innen und Ausländer/innen - Total","Unteres Kader","Geschlecht - Total",8182,4990,6392,10350,12574
"2012","Schweiz","Schweizer/innen und Ausländer/innen - Total","Unteres Kader","Frauen",7337,4269,5554,9384,11518
"2012","Schweiz","Schweizer/innen und Ausländer/innen - Total","Unteres Kader","Männer",8648,5544,6815,10760,13014
"2012","Schweiz","Schweizer/innen und Ausländer/innen - Total","Verantwortlich für die Ausführung der Arbeiten","Geschlecht - Total",6801,4446,5508,8414,10356
"2012","Schweiz","Schweizer/innen und Ausländer/innen - Total","Verantwortlich für die Ausführung der Arbeiten","Frauen",6282,3986,4875,7870,9648
"2012","Schweiz","Schweizer/innen und Ausländer/innen - Total","Verantwortlich für die Ausführung der Arbeiten","Männer",7055,4885,5852,8696,10730
"2012","Schweiz","Schweizer/innen und Ausländer/innen - Total","Ohne Kaderfunktion","Geschlecht - Total",5833,3813,4650,7333,9319
"2012","Schweiz","Schweizer/innen und Ausländer/innen - Total","Ohne Kaderfunktion","Frauen",5388,3464,4279,6966,8753
"2012","Schweiz","Schweizer/innen und Ausländer/innen - Total","Ohne Kaderfunktion","Männer",6088,4190,5013,7608,9773
"2012","Schweiz","Schweizer/innen","Berufliche Stellung - Total","Geschlecht - Total",6720,4207,5215,8889,11919
"2012","Schweiz","Schweizer/innen","Berufliche Stellung - Total","Frauen",5990,3792,4619,7725,9964
"2012","Schweiz","Schweizer/innen","Berufliche Stellung - Total","Männer",7270,4681,5744,9747,13032
"2012","Schweiz","Schweizer/innen","Oberes und mittleres Kader","Geschlecht - Total",9941,5268,7309,13456,18719
"2012","Schweiz","Schweizer/innen","Oberes und mittleres Kader","Frauen",8244,4000,5925,10769,14060
"2012","Schweiz","Schweizer/innen","Oberes und mittleres Kader","Männer",10634,5952,7879,14341,20167
"2012","Schweiz","Schweizer/innen","Unteres Kader","Geschlecht - Total",8139,5086,6460,10187,12218
"2012","Schweiz","Schweizer/innen","Unteres Kader","Frauen",7238,4301,5545,9128,11090
"2012","Schweiz","Schweizer/innen","Unteres Kader","Männer",8637,5730,6928,10634,12641
"2012","Schweiz","Schweizer/innen","Verantwortlich für die Ausführung der Arbeiten","Geschlecht - Total",6920,4590,5660,8474,10271
"2012","Schweiz","Schweizer/innen","Verantwortlich für die Ausführung der Arbeiten","Frauen",6332,4103,4996,7812,9476
"2012","Schweiz","Schweizer/innen","Verantwortlich für die Ausführung der Arbeiten","Männer",7254,5138,6066,8827,10675
"2012","Schweiz","Schweizer/innen","Ohne Kaderfunktion","Geschlecht - Total",6078,4026,4849,7604,9606
"2012","Schweiz","Schweizer/innen","Ohne Kaderfunktion","Frauen",5615,3681,4455,7097,8815
"2012","Schweiz","Schweizer/innen","Ohne Kaderfunktion","Männer",6423,4416,5277,8055,10227
"2012","Schweiz","Ausländer/innen","Berufliche Stellung - Total","Geschlecht - Total",5797,3662,4548,7773,11160
"2012","Schweiz","Ausländer/innen","Berufliche Stellung - Total","Frauen",5186,3264,4045,7361,9986
"2012","Schweiz","Ausländer/innen","Berufliche Stellung - Total","Männer",6018,4044,4901,8044,11889
"2012","Schweiz","Ausländer/innen","Oberes und mittleres Kader","Geschlecht - Total",10763,5159,7292,16327,25104
"2012","Schweiz","Ausländer/innen","Oberes und mittleres Kader","Frauen",8989,4494,6481,13586,19644
"2012","Schweiz","Ausländer/innen","Oberes und mittleres Kader","Männer",11515,5542,7668,17488,27341
"2012","Schweiz","Ausländer/innen","Unteres Kader","Geschlecht - Total",8334,4746,6181,10873,13797
"2012","Schweiz","Ausländer/innen","Unteres Kader","Frauen",7719,4127,5591,10185,12799
"2012","Schweiz","Ausländer/innen","Unteres Kader","Männer",8670,5046,6433,11183,14365
"2012","Schweiz","Ausländer/innen","Verantwortlich für die Ausführung der Arbeiten","Geschlecht - Total",6450,4181,5158,8206,10617
"2012","Schweiz","Ausländer/innen","Verantwortlich für die Ausführung der Arbeiten","Frauen",6035,3622,4584,8040,10110
"2012","Schweiz","Ausländer/innen","Verantwortlich für die Ausführung der Arbeiten","Männer",6600,4514,5438,8285,10885
"2012","Schweiz","Ausländer/innen","Ohne Kaderfunktion","Geschlecht - Total",5363,3518,4329,6678,8645
"2012","Schweiz","Ausländer/innen","Ohne Kaderfunktion","Frauen",4777,3127,3889,6509,8524
"2012","Schweiz","Ausländer/innen","Ohne Kaderfunktion","Männer",5595,3887,4670,6748,8730
"2012","Schweiz","> Kurzaufenthalter/innen (Kat. L)","Berufliche Stellung - Total","Geschlecht - Total",4790,2844,3577,6079,7974
"2012","Schweiz","> Kurzaufenthalter/innen (Kat. L)","Berufliche Stellung - Total","Frauen",3930,2377,3329,5946,8213
"2012","Schweiz","> Kurzaufenthalter/innen (Kat. L)","Berufliche Stellung - Total","Männer",5080,3111,3900,6107,7936
"2012","Schweiz","> Kurzaufenthalter/innen (Kat. L)","Oberes und mittleres Kader","Geschlecht - Total",7149,3000,4951,11583,19101
"2012","Schweiz","> Kurzaufenthalter/innen (Kat. L)","Oberes und mittleres Kader","Frauen",7028,2992,5514,8766,13163
"2012","Schweiz","> Kurzaufenthalter/innen (Kat. L)","Oberes und mittleres Kader","Männer",7469,3303,4457,13639,23859
"2012","Schweiz","> Kurzaufenthalter/innen (Kat. L)","Unteres Kader","Geschlecht - Total",6708,3491,4158,8880,13355
"2012","Schweiz","> Kurzaufenthalter/innen (Kat. L)","Unteres Kader","Frauen",5341,3402,3757,8686,11581
"2012","Schweiz","> Kurzaufenthalter/innen (Kat. L)","Unteres Kader","Männer",7407,3677,4777,8964,13597
"2012","Schweiz","> Kurzaufenthalter/innen (Kat. L)","Verantwortlich für die Ausführung der Arbeiten","Geschlecht - Total",5767,2253,4030,7580,10337
"2012","Schweiz","> Kurzaufenthalter/innen (Kat. L)","Verantwortlich für die Ausführung der Arbeiten","Frauen",4950,2480,3742,7093,9336
"2012","Schweiz","> Kurzaufenthalter/innen (Kat. L)","Verantwortlich für die Ausführung der Arbeiten","Männer",6138,2167,4453,7659,11269
"2012","Schweiz","> Kurzaufenthalter/innen (Kat. L)","Ohne Kaderfunktion","Geschlecht - Total",4642,2817,3526,5780,7102
"2012","Schweiz","> Kurzaufenthalter/innen (Kat. L)","Ohne Kaderfunktion","Frauen",3779,2170,3256,5280,7267
"2012","Schweiz","> Kurzaufenthalter/innen (Kat. L)","Ohne Kaderfunktion","Männer",4972,3096,3793,5864,7042
"2012","Schweiz","> Aufenthalter/innen (Kat. B)","Berufliche Stellung - Total","Geschlecht - Total",5768,3572,4390,8081,11867
"2012","Schweiz","> Aufenthalter/innen (Kat. B)","Berufliche Stellung - Total","Frauen",5583,3320,4014,7680,10431
"2012","Schweiz","> Aufenthalter/innen (Kat. B)","Berufliche Stellung - Total","Männer",5852,3835,4653,8424,12778
"2012","Schweiz","> Aufenthalter/innen (Kat. B)","Oberes und mittleres Kader","Geschlecht - Total",11443,5330,7556,18230,29244
"2012","Schweiz","> Aufenthalter/innen (Kat. B)","Oberes und mittleres Kader","Frauen",9116,4766,6802,14096,20908
"2012","Schweiz","> Aufenthalter/innen (Kat. B)","Oberes und mittleres Kader","Männer",12777,5652,8125,20405,33479
"2012","Schweiz","> Aufenthalter/innen (Kat. B)","Unteres Kader","Geschlecht - Total",8573,4619,6255,11251,15039
"2012","Schweiz","> Aufenthalter/innen (Kat. B)","Unteres Kader","Frauen",7829,4270,5800,10415,13333
"2012","Schweiz","> Aufenthalter/innen (Kat. B)","Unteres Kader","Männer",9046,4884,6476,11800,16295
"2012","Schweiz","> Aufenthalter/innen (Kat. B)","Verantwortlich für die Ausführung der Arbeiten","Geschlecht - Total",6610,4230,5092,8690,11511
"2012","Schweiz","> Aufenthalter/innen (Kat. B)","Verantwortlich für die Ausführung der Arbeiten","Frauen",6390,3948,4875,8333,10692
"2012","Schweiz","> Aufenthalter/innen (Kat. B)","Verantwortlich für die Ausführung der Arbeiten","Männer",6717,4344,5200,9002,12110
"2012","Schweiz","> Aufenthalter/innen (Kat. B)","Ohne Kaderfunktion","Geschlecht - Total",5222,3464,4141,6753,8803
"2012","Schweiz","> Aufenthalter/innen (Kat. B)","Ohne Kaderfunktion","Frauen",4836,3182,3792,6800,8625
"2012","Schweiz","> Aufenthalter/innen (Kat. B)","Ohne Kaderfunktion","Männer",5351,3681,4395,6734,8952
"2012","Schweiz","> Niedergelassene (Kat. C)","Berufliche Stellung - Total","Geschlecht - Total",5788,3830,4638,7620,11135
"2012","Schweiz","> Niedergelassene (Kat. C)","Berufliche Stellung - Total","Frauen",5000,3372,4086,7058,9807
"2012","Schweiz","> Niedergelassene (Kat. C)","Berufliche Stellung - Total","Männer",6091,4298,5079,7936,11936
"2012","Schweiz","> Niedergelassene (Kat. C)","Oberes und mittleres Kader","Geschlecht - Total",10694,5137,7268,16031,24951
"2012","Schweiz","> Niedergelassene (Kat. C)","Oberes und mittleres Kader","Frauen",9114,4294,6337,13420,19522
"2012","Schweiz","> Niedergelassene (Kat. C)","Oberes und mittleres Kader","Männer",11397,5547,7599,17084,27044
"2012","Schweiz","> Niedergelassene (Kat. C)","Unteres Kader","Geschlecht - Total",8270,4929,6178,10760,13417
"2012","Schweiz","> Niedergelassene (Kat. C)","Unteres Kader","Frauen",7690,4151,5512,10050,12564
"2012","Schweiz","> Niedergelassene (Kat. C)","Unteres Kader","Männer",8610,5253,6463,11057,13921
"2012","Schweiz","> Niedergelassene (Kat. C)","Verantwortlich für die Ausführung der Arbeiten","Geschlecht - Total",6471,4460,5333,8016,10495
"2012","Schweiz","> Niedergelassene (Kat. C)","Verantwortlich für die Ausführung der Arbeiten","Frauen",5890,4033,4714,7896,10166
"2012","Schweiz","> Niedergelassene (Kat. C)","Verantwortlich für die Ausführung der Arbeiten","Männer",6631,4827,5628,8057,10629
"2012","Schweiz","> Niedergelassene (Kat. C)","Ohne Kaderfunktion","Geschlecht - Total",5373,3667,4419,6577,8435
"2012","Schweiz","> Niedergelassene (Kat. C)","Ohne Kaderfunktion","Frauen",4692,3225,3960,6163,8273
"2012","Schweiz","> Niedergelassene (Kat. C)","Ohne Kaderfunktion","Männer",5696,4153,4860,6715,8538
"2012","Schweiz","> Grenzgänger/innen (Kat. G)","Berufliche Stellung - Total","Geschlecht - Total",6025,3749,4720,8004,10883
"2012","Schweiz","> Grenzgänger/innen (Kat. G)","Berufliche Stellung - Total","Frauen",5588,3179,4163,7617,9926
"2012","Schweiz","> Grenzgänger/innen (Kat. G)","Berufliche Stellung - Total","Männer",6190,4124,4986,8230,11376
"2012","Schweiz","> Grenzgänger/innen (Kat. G)","Oberes und mittleres Kader","Geschlecht - Total",10400,5212,7222,15372,21344
"2012","Schweiz","> Grenzgänger/innen (Kat. G)","Oberes und mittleres Kader","Frauen",8667,4612,6392,13302,18647
"2012","Schweiz","> Grenzgänger/innen (Kat. G)","Oberes und mittleres Kader","Männer",11012,5509,7503,15837,22297
"2012","Schweiz","> Grenzgänger/innen (Kat. G)","Unteres Kader","Geschlecht - Total",8313,4800,6229,10775,13367
"2012","Schweiz","> Grenzgänger/innen (Kat. G)","Unteres Kader","Frauen",7736,4282,5701,10184,12474
"2012","Schweiz","> Grenzgänger/innen (Kat. G)","Unteres Kader","Männer",8551,5015,6424,10981,13727
"2012","Schweiz","> Grenzgänger/innen (Kat. G)","Verantwortlich für die Ausführung der Arbeiten","Geschlecht - Total",6349,3869,4948,8131,10197
"2012","Schweiz","> Grenzgänger/innen (Kat. G)","Verantwortlich für die Ausführung der Arbeiten","Frauen",5785,3055,4082,7945,9710
"2012","Schweiz","> Grenzgänger/innen (Kat. G)","Verantwortlich für die Ausführung der Arbeiten","Männer",6502,4326,5322,8185,10423
"2012","Schweiz","> Grenzgänger/innen (Kat. G)","Ohne Kaderfunktion","Geschlecht - Total",5620,3599,4501,7037,9005
"2012","Schweiz","> Grenzgänger/innen (Kat. G)","Ohne Kaderfunktion","Frauen",5217,3102,4029,6995,8962
"2012","Schweiz","> Grenzgänger/innen (Kat. G)","Ohne Kaderfunktion","Männer",5752,3967,4756,7060,9036
"2012","Schweiz","> Andere","Berufliche Stellung - Total","Geschlecht - Total",4143,1674,3387,5809,8902
"2012","Schweiz","> Andere","Berufliche Stellung - Total","Frauen",3873,1390,1937,5696,9236
"2012","Schweiz","> Andere","Berufliche Stellung - Total","Männer",4290,2459,3514,5813,8771
"2012","Schweiz","> Andere","Oberes und mittleres Kader","Geschlecht - Total",10419,3623,5108,13135,17226
"2012","Schweiz","> Andere","Oberes und mittleres Kader","Frauen",,,,,
"2012","Schweiz","> Andere","Oberes und mittleres Kader","Männer",11234,3636,6255,13655,17965
"2012","Schweiz","> Andere","Unteres Kader","Geschlecht - Total",9181,3467,4721,10966,12851
"2012","Schweiz","> Andere","Unteres Kader","Frauen",9984,3939,7134,11438,13497
"2012","Schweiz","> Andere","Unteres Kader","Männer",7590,3307,4574,10770,12546
"2012","Schweiz","> Andere","Verantwortlich für die Ausführung der Arbeiten","Geschlecht - Total",7150,4118,5885,9452,10432
"2012","Schweiz","> Andere","Verantwortlich für die Ausführung der Arbeiten","Frauen",7345,4442,5885,9461,9945
"2012","Schweiz","> Andere","Verantwortlich für die Ausführung der Arbeiten","Männer",7031,3921,5904,9452,11840
"2012","Schweiz","> Andere","Ohne Kaderfunktion","Geschlecht - Total",3921,1562,3207,5174,6693
"2012","Schweiz","> Andere","Ohne Kaderfunktion","Frauen",3427,1333,1772,4536,6678
"2012","Schweiz","> Andere","Ohne Kaderfunktion","Männer",4044,2126,3508,5320,6693
"2012","Région lémanique","Schweizer/innen und Ausländer/innen - Total","Berufliche Stellung - Total","Geschlecht - Total",6558,3921,5000,8850,12284
"2012","Région lémanique","Schweizer/innen und Ausländer/innen - Total","Berufliche Stellung - Total","Frauen",6151,3582,4529,8141,10505
"2012","Région lémanique","Schweizer/innen und Ausländer/innen - Total","Berufliche Stellung - Total","Männer",6855,4286,5334,9569,13669
"2012","Région lémanique","Schweizer/innen und Ausländer/innen - Total","Oberes und mittleres Kader","Geschlecht - Total",10958,5126,7362,15917,24433
"2012","Région lémanique","Schweizer/innen und Ausländer/innen - Total","Oberes und mittleres Kader","Frauen",9326,4073,6178,13600,19200
"2012","Région lémanique","Schweizer/innen und Ausländer/innen - Total","Oberes und mittleres Kader","Männer",11666,5600,7800,16888,26011
"2012","Région lémanique","Schweizer/innen und Ausländer/innen - Total","Unteres Kader","Geschlecht - Total",9108,5160,6923,11392,14213
"2012","Région lémanique","Schweizer/innen und Ausländer/innen - Total","Unteres Kader","Frauen",8510,4617,6385,10717,12901
"2012","Région lémanique","Schweizer/innen und Ausländer/innen - Total","Unteres Kader","Männer",9467,5640,7171,11804,15064
"2012","Région lémanique","Schweizer/innen und Ausländer/innen - Total","Verantwortlich für die Ausführung der Arbeiten","Geschlecht - Total",7101,4548,5620,8873,10967
"2012","Région lémanique","Schweizer/innen und Ausländer/innen - Total","Verantwortlich für die Ausführung der Arbeiten","Frauen",6844,4127,5195,8667,10364
"2012","Région lémanique","Schweizer/innen und Ausländer/innen - Total","Verantwortlich für die Ausführung der Arbeiten","Männer",7217,4906,5845,9046,11290
"2012","Région lémanique","Schweizer/innen und Ausländer/innen - Total","Ohne Kaderfunktion","Geschlecht - Total",5912,3714,4627,7491,9443
"2012","Région lémanique","Schweizer/innen und Ausländer/innen - Total","Ohne Kaderfunktion","Frauen",5722,3487,4300,7373,9082
"2012","Région lémanique","Schweizer/innen und Ausländer/innen - Total","Ohne Kaderfunktion","Männer",6041,4024,4900,7597,9812
"2012","Région lémanique","Schweizer/innen","Berufliche Stellung - Total","Geschlecht - Total",6966,4114,5302,9203,12420
"2012","Région lémanique","Schweizer/innen","Berufliche Stellung - Total","Frauen",6377,3743,4792,8230,10478
"2012","Région lémanique","Schweizer/innen","Berufliche Stellung - Total","Männer",7498,4605,5754,10235,13943
"2012","Région lémanique","Schweizer/innen","Oberes und mittleres Kader","Geschlecht - Total",10341,5013,7143,14682,21141
"2012","Région lémanique","Schweizer/innen","Oberes und mittleres Kader","Frauen",8766,3893,5808,12362,16964
"2012","Région lémanique","Schweizer/innen","Oberes und mittleres Kader","Männer",11039,5571,7599,15402,22467
"2012","Région lémanique","Schweizer/innen","Unteres Kader","Geschlecht - Total",9010,5304,6978,11142,13389
"2012","Région lémanique","Schweizer/innen","Unteres Kader","Frauen",8271,4744,6334,10395,12301
"2012","Région lémanique","Schweizer/innen","Unteres Kader","Männer",9450,5862,7270,11556,14025
"2012","Région lémanique","Schweizer/innen","Verantwortlich für die Ausführung der Arbeiten","Geschlecht - Total",7341,4672,5788,8983,10908
"2012","Région lémanique","Schweizer/innen","Verantwortlich für die Ausführung der Arbeiten","Frauen",6910,4238,5285,8664,10290
"2012","Région lémanique","Schweizer/innen","Verantwortlich für die Ausführung der Arbeiten","Männer",7637,5159,6117,9268,11244
"2012","Région lémanique","Schweizer/innen","Ohne Kaderfunktion","Geschlecht - Total",6294,3900,4907,7943,9959
"2012","Région lémanique","Schweizer/innen","Ohne Kaderfunktion","Frauen",6000,3619,4571,7585,9221
"2012","Région lémanique","Schweizer/innen","Ohne Kaderfunktion","Männer",6593,4307,5264,8356,10682
"2012","Région lémanique","Ausländer/innen","Berufliche Stellung - Total","Geschlecht - Total",6038,3747,4661,8217,12064
"2012","Région lémanique","Ausländer/innen","Berufliche Stellung - Total","Frauen",5728,3481,4186,7912,10540
"2012","Région lémanique","Ausländer/innen","Berufliche Stellung - Total","Männer",6188,4046,4956,8447,13155
"2012","Région lémanique","Ausländer/innen","Oberes und mittleres Kader","Geschlecht - Total",12433,5285,7916,19017,31369
"2012","Région lémanique","Ausländer/innen","Oberes und mittleres Kader","Frauen",10534,4494,6824,15929,22936
"2012","Région lémanique","Ausländer/innen","Oberes und mittleres Kader","Männer",13107,5674,8348,20607,34014
"2012","Région lémanique","Ausländer/innen","Unteres Kader","Geschlecht - Total",9202,5017,6812,11831,15554
"2012","Région lémanique","Ausländer/innen","Unteres Kader","Frauen",8797,4334,6467,11217,13895
"2012","Région lémanique","Ausländer/innen","Unteres Kader","Männer",9467,5395,7000,12254,16516
"2012","Région lémanique","Ausländer/innen","Verantwortlich für die Ausführung der Arbeiten","Geschlecht - Total",6751,4354,5389,8655,11108
"2012","Région lémanique","Ausländer/innen","Verantwortlich für die Ausführung der Arbeiten","Frauen",6667,4000,4962,8650,10509
"2012","Région lémanique","Ausländer/innen","Verantwortlich für die Ausführung der Arbeiten","Männer",6783,4670,5591,8667,11537
"2012","Région lémanique","Ausländer/innen","Ohne Kaderfunktion","Geschlecht - Total",5504,3571,4348,6841,8689
"2012","Région lémanique","Ausländer/innen","Ohne Kaderfunktion","Frauen",5171,3364,3983,6880,8785
"2012","Région lémanique","Ausländer/innen","Ohne Kaderfunktion","Männer",5627,3844,4631,6821,8621
"2012","Région lémanique","> Kurzaufenthalter/innen (Kat. L)","Berufliche Stellung - Total","Geschlecht - Total",4485,2839,3561,5693,7088
"2012","Région lémanique","> Kurzaufenthalter/innen (Kat. L)","Berufliche Stellung - Total","Frauen",3757,2330,3336,5303,7337
"2012","Région lémanique","> Kurzaufenthalter/innen (Kat. L)","Berufliche Stellung - Total","Männer",4849,3248,3913,5745,6805
"2012","Région lémanique","> Kurzaufenthalter/innen (Kat. L)","Oberes und mittleres Kader","Geschlecht - Total",,,,,
"2012","Région lémanique","> Kurzaufenthalter/innen (Kat. L)","Oberes und mittleres Kader","Frauen",,,,,
"2012","Région lémanique","> Kurzaufenthalter/innen (Kat. L)","Oberes und mittleres Kader","Männer",,,,,
"2012","Région lémanique","> Kurzaufenthalter/innen (Kat. L)","Unteres Kader","Geschlecht - Total",4132,3402,3757,7936,10524
"2012","Région lémanique","> Kurzaufenthalter/innen (Kat. L)","Unteres Kader","Frauen",3844,3402,3491,7885,10200
"2012","Région lémanique","> Kurzaufenthalter/innen (Kat. L)","Unteres Kader","Männer",,,,,
"2012","Région lémanique","> Kurzaufenthalter/innen (Kat. L)","Verantwortlich für die Ausführung der Arbeiten","Geschlecht - Total",5812,2480,4856,6391,7653
"2012","Région lémanique","> Kurzaufenthalter/innen (Kat. L)","Verantwortlich für die Ausführung der Arbeiten","Frauen",5209,2071,3497,6936,7855
"2012","Région lémanique","> Kurzaufenthalter/innen (Kat. L)","Verantwortlich für die Ausführung der Arbeiten","Männer",,,,,
"2012","Région lémanique","> Kurzaufenthalter/innen (Kat. L)","Ohne Kaderfunktion","Geschlecht - Total",4416,2758,3515,5497,6608
"2012","Région lémanique","> Kurzaufenthalter/innen (Kat. L)","Ohne Kaderfunktion","Frauen",3610,2000,3208,4679,7088
"2012","Région lémanique","> Kurzaufenthalter/innen (Kat. L)","Ohne Kaderfunktion","Männer",4782,3200,3775,5602,6523
"2012","Région lémanique","> Aufenthalter/innen (Kat. B)","Berufliche Stellung - Total","Geschlecht - Total",5648,3493,4161,8496,14123
"2012","Région lémanique","> Aufenthalter/innen (Kat. B)","Berufliche Stellung - Total","Frauen",5467,3273,3803,8018,11856
"2012","Région lémanique","> Aufenthalter/innen (Kat. B)","Berufliche Stellung - Total","Männer",5719,3636,4435,8937,16177
"2012","Région lémanique","> Aufenthalter/innen (Kat. B)","Oberes und mittleres Kader","Geschlecht - Total",14532,5320,9429,23473,36461
"2012","Région lémanique","> Aufenthalter/innen (Kat. B)","Oberes und mittleres Kader","Frauen",11857,4308,7703,17289,25881
"2012","Région lémanique","> Aufenthalter/innen (Kat. B)","Oberes und mittleres Kader","Männer",16145,5991,10718,25888,40897
"2012","Région lémanique","> Aufenthalter/innen (Kat. B)","Unteres Kader","Geschlecht - Total",9868,5411,7596,13085,17515
"2012","Région lémanique","> Aufenthalter/innen (Kat. B)","Unteres Kader","Frauen",9199,5000,7501,11989,15217
"2012","Région lémanique","> Aufenthalter/innen (Kat. B)","Unteres Kader","Männer",10276,5778,7723,14251,18213
"2012","Région lémanique","> Aufenthalter/innen (Kat. B)","Verantwortlich für die Ausführung der Arbeiten","Geschlecht - Total",6872,4218,5282,8953,12295
"2012","Région lémanique","> Aufenthalter/innen (Kat. B)","Verantwortlich für die Ausführung der Arbeiten","Frauen",6674,4034,5270,8969,11261
"2012","Région lémanique","> Aufenthalter/innen (Kat. B)","Verantwortlich für die Ausführung der Arbeiten","Männer",6900,4240,5329,8953,12800
"2012","Région lémanique","> Aufenthalter/innen (Kat. B)","Ohne Kaderfunktion","Geschlecht - Total",4894,3339,3848,6261,8301
"2012","Région lémanique","> Aufenthalter/innen (Kat. B)","Ohne Kaderfunktion","Frauen",4376,3162,3586,6543,8256
"2012","Région lémanique","> Aufenthalter/innen (Kat. B)","Ohne Kaderfunktion","Männer",5088,3508,4109,6147,8344
"2012","Région lémanique","> Niedergelassene (Kat. C)","Berufliche Stellung - Total","Geschlecht - Total",5958,3844,4715,7829,12070
"2012","Région lémanique","> Niedergelassene (Kat. C)","Berufliche Stellung - Total","Frauen",5347,3496,4136,7382,10337
"2012","Région lémanique","> Niedergelassene (Kat. C)","Berufliche Stellung - Total","Männer",6219,4275,5125,8133,13338
"2012","Région lémanique","> Niedergelassene (Kat. C)","Oberes und mittleres Kader","Geschlecht - Total",12378,5156,7523,19294,32783
"2012","Région lémanique","> Niedergelassene (Kat. C)","Oberes und mittleres Kader","Frauen",10844,4333,6422,16458,23950
"2012","Région lémanique","> Niedergelassene (Kat. C)","Oberes und mittleres Kader","Männer",12937,5493,7712,20969,36542
"2012","Région lémanique","> Niedergelassene (Kat. C)","Unteres Kader","Geschlecht - Total",8811,4743,6387,11572,15563
"2012","Région lémanique","> Niedergelassene (Kat. C)","Unteres Kader","Frauen",8440,3972,5761,10902,13800
"2012","Région lémanique","> Niedergelassene (Kat. C)","Unteres Kader","Männer",9132,5176,6527,12029,16250
"2012","Région lémanique","> Niedergelassene (Kat. C)","Verantwortlich für die Ausführung der Arbeiten","Geschlecht - Total",6548,4436,5307,8289,11073
"2012","Région lémanique","> Niedergelassene (Kat. C)","Verantwortlich für die Ausführung der Arbeiten","Frauen",6165,3797,4697,8222,10560
"2012","Région lémanique","> Niedergelassene (Kat. C)","Verantwortlich für die Ausführung der Arbeiten","Männer",6659,4889,5564,8340,11397
"2012","Région lémanique","> Niedergelassene (Kat. C)","Ohne Kaderfunktion","Geschlecht - Total",5515,3677,4436,6699,8268
"2012","Région lémanique","> Niedergelassene (Kat. C)","Ohne Kaderfunktion","Frauen",4992,3383,4000,6500,8311
"2012","Région lémanique","> Niedergelassene (Kat. C)","Ohne Kaderfunktion","Männer",5746,4089,4838,6784,8250
"2012","Région lémanique","> Grenzgänger/innen (Kat. G)","Berufliche Stellung - Total","Geschlecht - Total",6519,4233,5151,8663,11255
"2012","Région lémanique","> Grenzgänger/innen (Kat. G)","Berufliche Stellung - Total","Frauen",6416,3984,4879,8471,10277
"2012","Région lémanique","> Grenzgänger/innen (Kat. G)","Berufliche Stellung - Total","Männer",6588,4411,5260,8793,12116
"2012","Région lémanique","> Grenzgänger/innen (Kat. G)","Oberes und mittleres Kader","Geschlecht - Total",10946,5754,7962,15881,22699
"2012","Région lémanique","> Grenzgänger/innen (Kat. G)","Oberes und mittleres Kader","Frauen",9393,5333,7200,13425,18532
"2012","Région lémanique","> Grenzgänger/innen (Kat. G)","Oberes und mittleres Kader","Männer",11610,5881,8264,16500,24191
"2012","Région lémanique","> Grenzgänger/innen (Kat. G)","Unteres Kader","Geschlecht - Total",9216,5470,7042,11461,14391
"2012","Région lémanique","> Grenzgänger/innen (Kat. G)","Unteres Kader","Frauen",8839,5158,6734,10917,13180
"2012","Région lémanique","> Grenzgänger/innen (Kat. G)","Unteres Kader","Männer",9420,5704,7171,11700,15045
"2012","Région lémanique","> Grenzgänger/innen (Kat. G)","Verantwortlich für die Ausführung der Arbeiten","Geschlecht - Total",6938,4493,5600,8786,10722
"2012","Région lémanique","> Grenzgänger/innen (Kat. G)","Verantwortlich für die Ausführung der Arbeiten","Frauen",7075,4128,5250,8795,10122
"2012","Région lémanique","> Grenzgänger/innen (Kat. G)","Verantwortlich für die Ausführung der Arbeiten","Männer",6887,4743,5702,8775,10940
"2012","Région lémanique","> Grenzgänger/innen (Kat. G)","Ohne Kaderfunktion","Geschlecht - Total",6039,4080,4863,7508,9331
"2012","Région lémanique","> Grenzgänger/innen (Kat. G)","Ohne Kaderfunktion","Frauen",6004,3840,4663,7663,9419
"2012","Région lémanique","> Grenzgänger/innen (Kat. G)","Ohne Kaderfunktion","Männer",6050,4237,4977,7405,9239
"2012","Région lémanique","> Andere","Berufliche Stellung - Total","Geschlecht - Total",5622,3471,4126,9115,11908
"2012","Région lémanique","> Andere","Berufliche Stellung - Total","Frauen",6443,3123,4223,9141,11315
"2012","Région lémanique","> Andere","Berufliche Stellung - Total","Männer",5320,3476,4040,8991,12558
"2012","Région lémanique","> Andere","Oberes und mittleres Kader","Geschlecht - Total",11905,8600,10679,15462,19199
"2012","Région lémanique","> Andere","Oberes und mittleres Kader","Frauen",,,,,
"2012","Région lémanique","> Andere","Oberes und mittleres Kader","Männer",,,,,
"2012","Région lémanique","> Andere","Unteres Kader","Geschlecht - Total",10385,4574,9115,11509,13837
"2012","Région lémanique","> Andere","Unteres Kader","Frauen",10077,6152,9031,11433,12714
"2012","Région lémanique","> Andere","Unteres Kader","Männer",10451,4574,9199,11995,15051
"2012","Région lémanique","> Andere","Verantwortlich für die Ausführung der Arbeiten","Geschlecht - Total",8432,4081,6165,9909,12778
"2012","Région lémanique","> Andere","Verantwortlich für die Ausführung der Arbeiten","Frauen",8366,4500,6842,9672,9945
"2012","Région lémanique","> Andere","Verantwortlich für die Ausführung der Arbeiten","Männer",,,,,
"2012","Région lémanique","> Andere","Ohne Kaderfunktion","Geschlecht - Total",4714,3259,3907,6175,8386
"2012","Région lémanique","> Andere","Ohne Kaderfunktion","Frauen",4882,2926,4024,6630,8554
"2012","Région lémanique","> Andere","Ohne Kaderfunktion","Männer",4588,3471,3898,5813,8360
"2012","Espace Mittelland","Schweizer/innen und Ausländer/innen - Total","Berufliche Stellung - Total","Geschlecht - Total",6308,4143,5048,8156,10813
"2012","Espace Mittelland","Schweizer/innen und Ausländer/innen - Total","Berufliche Stellung - Total","Frauen",5658,3720,4477,7190,9265
"2012","Espace Mittelland","Schweizer/innen und Ausländer/innen - Total","Berufliche Stellung - Total","Männer",6690,4547,5478,8755,11517
"2012","Espace Mittelland","Schweizer/innen und Ausländer/innen - Total","Oberes und mittleres Kader","Geschlecht - Total",9500,4921,6808,12638,16210
"2012","Espace Mittelland","Schweizer/innen und Ausländer/innen - Total","Oberes und mittleres Kader","Frauen",7441,3428,5238,10092,12926
"2012","Espace Mittelland","Schweizer/innen und Ausländer/innen - Total","Oberes und mittleres Kader","Männer",10166,5638,7435,13243,16917
"2012","Espace Mittelland","Schweizer/innen und Ausländer/innen - Total","Unteres Kader","Geschlecht - Total",7586,4983,6118,9310,11194
"2012","Espace Mittelland","Schweizer/innen und Ausländer/innen - Total","Unteres Kader","Frauen",6750,4319,5365,8434,10406
"2012","Espace Mittelland","Schweizer/innen und Ausländer/innen - Total","Unteres Kader","Männer",7927,5383,6456,9592,11557
"2012","Espace Mittelland","Schweizer/innen und Ausländer/innen - Total","Verantwortlich für die Ausführung der Arbeiten","Geschlecht - Total",6823,4631,5707,8166,9836
"2012","Espace Mittelland","Schweizer/innen und Ausländer/innen - Total","Verantwortlich für die Ausführung der Arbeiten","Frauen",6243,4095,4989,7558,9098
"2012","Espace Mittelland","Schweizer/innen und Ausländer/innen - Total","Verantwortlich für die Ausführung der Arbeiten","Männer",7051,5070,6005,8413,10206
"2012","Espace Mittelland","Schweizer/innen und Ausländer/innen - Total","Ohne Kaderfunktion","Geschlecht - Total",5812,3989,4745,7086,8895
"2012","Espace Mittelland","Schweizer/innen und Ausländer/innen - Total","Ohne Kaderfunktion","Frauen",5299,3641,4333,6637,8123
"2012","Espace Mittelland","Schweizer/innen und Ausländer/innen - Total","Ohne Kaderfunktion","Männer",6074,4333,5129,7408,9329
"2012","Espace Mittelland","Schweizer/innen","Berufliche Stellung - Total","Geschlecht - Total",6538,4281,5244,8439,11080
"2012","Espace Mittelland","Schweizer/innen","Berufliche Stellung - Total","Frauen",5834,3837,4629,7323,9411
"2012","Espace Mittelland","Schweizer/innen","Berufliche Stellung - Total","Männer",6996,4752,5714,9090,11853
"2012","Espace Mittelland","Schweizer/innen","Oberes und mittleres Kader","Geschlecht - Total",9541,4927,6870,12632,16121
"2012","Espace Mittelland","Schweizer/innen","Oberes und mittleres Kader","Frauen",7400,3370,5189,9978,12607
"2012","Espace Mittelland","Schweizer/innen","Oberes und mittleres Kader","Männer",10235,5714,7556,13255,16784
"2012","Espace Mittelland","Schweizer/innen","Unteres Kader","Geschlecht - Total",7636,5056,6201,9316,11122
"2012","Espace Mittelland","Schweizer/innen","Unteres Kader","Frauen",6747,4278,5384,8386,10195
"2012","Espace Mittelland","Schweizer/innen","Unteres Kader","Männer",8003,5555,6581,9603,11509
"2012","Espace Mittelland","Schweizer/innen","Verantwortlich für die Ausführung der Arbeiten","Geschlecht - Total",6926,4737,5813,8270,9880
"2012","Espace Mittelland","Schweizer/innen","Verantwortlich für die Ausführung der Arbeiten","Frauen",6292,4156,5108,7585,9079
"2012","Espace Mittelland","Schweizer/innen","Verantwortlich für die Ausführung der Arbeiten","Männer",7183,5238,6127,8524,10303
"2012","Espace Mittelland","Schweizer/innen","Ohne Kaderfunktion","Geschlecht - Total",5995,4133,4911,7331,9167
"2012","Espace Mittelland","Schweizer/innen","Ohne Kaderfunktion","Frauen",5506,3779,4474,6787,8285
"2012","Espace Mittelland","Schweizer/innen","Ohne Kaderfunktion","Männer",6316,4520,5332,7754,9639
"2012","Espace Mittelland","Ausländer/innen","Berufliche Stellung - Total","Geschlecht - Total",5548,3775,4497,6900,9384
"2012","Espace Mittelland","Ausländer/innen","Berufliche Stellung - Total","Frauen",4866,3479,4078,6410,8530
"2012","Espace Mittelland","Ausländer/innen","Berufliche Stellung - Total","Männer",5804,4097,4870,7097,9811
"2012","Espace Mittelland","Ausländer/innen","Oberes und mittleres Kader","Geschlecht - Total",8933,4883,6473,12725,17806
"2012","Espace Mittelland","Ausländer/innen","Oberes und mittleres Kader","Frauen",7718,3953,5714,11098,15833
"2012","Espace Mittelland","Ausländer/innen","Oberes und mittleres Kader","Männer",9648,5185,6734,13223,18335
"2012","Espace Mittelland","Ausländer/innen","Unteres Kader","Geschlecht - Total",7221,4738,5648,9265,11666
"2012","Espace Mittelland","Ausländer/innen","Unteres Kader","Frauen",6796,4436,5273,8793,11417
"2012","Espace Mittelland","Ausländer/innen","Unteres Kader","Männer",7409,4929,5809,9437,11801
"2012","Espace Mittelland","Ausländer/innen","Verantwortlich für die Ausführung der Arbeiten","Geschlecht - Total",6341,4318,5250,7642,9630
"2012","Espace Mittelland","Ausländer/innen","Verantwortlich für die Ausführung der Arbeiten","Frauen",5946,3917,4589,7448,9286
"2012","Espace Mittelland","Ausländer/innen","Verantwortlich für die Ausführung der Arbeiten","Männer",6493,4560,5490,7716,9832
"2012","Espace Mittelland","Ausländer/innen","Ohne Kaderfunktion","Geschlecht - Total",5220,3660,4333,6228,7608
"2012","Espace Mittelland","Ausländer/innen","Ohne Kaderfunktion","Frauen",4620,3417,3962,5764,7322
"2012","Espace Mittelland","Ausländer/innen","Ohne Kaderfunktion","Männer",5508,3965,4671,6379,7788
"2012","Espace Mittelland","> Kurzaufenthalter/innen (Kat. L)","Berufliche Stellung - Total","Geschlecht - Total",4600,3048,3550,5967,7299
"2012","Espace Mittelland","> Kurzaufenthalter/innen (Kat. L)","Berufliche Stellung - Total","Frauen",3908,2847,3400,4912,7097
"2012","Espace Mittelland","> Kurzaufenthalter/innen (Kat. L)","Berufliche Stellung - Total","Männer",5056,3068,3789,6068,7393
"2012","Espace Mittelland","> Kurzaufenthalter/innen (Kat. L)","Oberes und mittleres Kader","Geschlecht - Total",,,,,
"2012","Espace Mittelland","> Kurzaufenthalter/innen (Kat. L)","Oberes und mittleres Kader","Frauen",,,,,
"2012","Espace Mittelland","> Kurzaufenthalter/innen (Kat. L)","Oberes und mittleres Kader","Männer",,,,,
"2012","Espace Mittelland","> Kurzaufenthalter/innen (Kat. L)","Unteres Kader","Geschlecht - Total",,,,,
"2012","Espace Mittelland","> Kurzaufenthalter/innen (Kat. L)","Unteres Kader","Frauen",,,,,
"2012","Espace Mittelland","> Kurzaufenthalter/innen (Kat. L)","Unteres Kader","Männer",,,,,
"2012","Espace Mittelland","> Kurzaufenthalter/innen (Kat. L)","Verantwortlich für die Ausführung der Arbeiten","Geschlecht - Total",,,,,
"2012","Espace Mittelland","> Kurzaufenthalter/innen (Kat. L)","Verantwortlich für die Ausführung der Arbeiten","Frauen",,,,,
"2012","Espace Mittelland","> Kurzaufenthalter/innen (Kat. L)","Verantwortlich für die Ausführung der Arbeiten","Männer",,,,,
"2012","Espace Mittelland","> Kurzaufenthalter/innen (Kat. L)","Ohne Kaderfunktion","Geschlecht - Total",4419,2924,3491,5706,6615
"2012","Espace Mittelland","> Kurzaufenthalter/innen (Kat. L)","Ohne Kaderfunktion","Frauen",3847,2847,3385,4735,6823
"2012","Espace Mittelland","> Kurzaufenthalter/innen (Kat. L)","Ohne Kaderfunktion","Männer",4898,3048,3560,5864,6615
"2012","Espace Mittelland","> Aufenthalter/innen (Kat. B)","Berufliche Stellung - Total","Geschlecht - Total",5291,3571,4259,6977,9649
"2012","Espace Mittelland","> Aufenthalter/innen (Kat. B)","Berufliche Stellung - Total","Frauen",4789,3301,3872,6738,8943
"2012","Espace Mittelland","> Aufenthalter/innen (Kat. B)","Berufliche Stellung - Total","Männer",5488,3838,4538,7081,10011
"2012","Espace Mittelland","> Aufenthalter/innen (Kat. B)","Oberes und mittleres Kader","Geschlecht - Total",9547,5007,6724,14180,21875
"2012","Espace Mittelland","> Aufenthalter/innen (Kat. B)","Oberes und mittleres Kader","Frauen",8087,3406,5631,12109,17952
"2012","Espace Mittelland","> Aufenthalter/innen (Kat. B)","Oberes und mittleres Kader","Männer",10419,5585,7250,14935,23780
"2012","Espace Mittelland","> Aufenthalter/innen (Kat. B)","Unteres Kader","Geschlecht - Total",7247,4522,5264,9585,12021
"2012","Espace Mittelland","> Aufenthalter/innen (Kat. B)","Unteres Kader","Frauen",6834,4378,5174,9278,12243
"2012","Espace Mittelland","> Aufenthalter/innen (Kat. B)","Unteres Kader","Männer",7452,4624,5280,9751,11928
"2012","Espace Mittelland","> Aufenthalter/innen (Kat. B)","Verantwortlich für die Ausführung der Arbeiten","Geschlecht - Total",6223,3932,4762,8008,9993
"2012","Espace Mittelland","> Aufenthalter/innen (Kat. B)","Verantwortlich für die Ausführung der Arbeiten","Frauen",6071,3678,4455,7602,9538
"2012","Espace Mittelland","> Aufenthalter/innen (Kat. B)","Verantwortlich für die Ausführung der Arbeiten","Männer",6321,4328,5015,8050,10264
"2012","Espace Mittelland","> Aufenthalter/innen (Kat. B)","Ohne Kaderfunktion","Geschlecht - Total",4934,3480,4092,6110,7796
"2012","Espace Mittelland","> Aufenthalter/innen (Kat. B)","Ohne Kaderfunktion","Frauen",4440,3263,3752,6000,7667
"2012","Espace Mittelland","> Aufenthalter/innen (Kat. B)","Ohne Kaderfunktion","Männer",5159,3714,4358,6145,7878
"2012","Espace Mittelland","> Niedergelassene (Kat. C)","Berufliche Stellung - Total","Geschlecht - Total",5634,3910,4630,6931,9516
"2012","Espace Mittelland","> Niedergelassene (Kat. C)","Berufliche Stellung - Total","Frauen",4889,3544,4147,6360,8645
"2012","Espace Mittelland","> Niedergelassene (Kat. C)","Berufliche Stellung - Total","Männer",5921,4285,5052,7150,10000
"2012","Espace Mittelland","> Niedergelassene (Kat. C)","Oberes und mittleres Kader","Geschlecht - Total",8859,4762,6348,12662,17104
"2012","Espace Mittelland","> Niedergelassene (Kat. C)","Oberes und mittleres Kader","Frauen",7780,3810,5385,11227,15361
"2012","Espace Mittelland","> Niedergelassene (Kat. C)","Oberes und mittleres Kader","Männer",9413,4981,6544,13239,17836
"2012","Espace Mittelland","> Niedergelassene (Kat. C)","Unteres Kader","Geschlecht - Total",7119,4907,5674,9147,11557
"2012","Espace Mittelland","> Niedergelassene (Kat. C)","Unteres Kader","Frauen",6686,4436,5258,8646,11126
"2012","Espace Mittelland","> Niedergelassene (Kat. C)","Unteres Kader","Männer",7217,4993,5831,9277,11667
"2012","Espace Mittelland","> Niedergelassene (Kat. C)","Verantwortlich für die Ausführung der Arbeiten","Geschlecht - Total",6398,4483,5416,7603,9520
"2012","Espace Mittelland","> Niedergelassene (Kat. C)","Verantwortlich für die Ausführung der Arbeiten","Frauen",5732,4043,4646,7479,9280
"2012","Espace Mittelland","> Niedergelassene (Kat. C)","Verantwortlich für die Ausführung der Arbeiten","Männer",6540,4771,5639,7650,9683
"2012","Espace Mittelland","> Niedergelassene (Kat. C)","Ohne Kaderfunktion","Geschlecht - Total",5332,3802,4446,6287,7651
"2012","Espace Mittelland","> Niedergelassene (Kat. C)","Ohne Kaderfunktion","Frauen",4662,3487,4043,5767,7340
"2012","Espace Mittelland","> Niedergelassene (Kat. C)","Ohne Kaderfunktion","Männer",5640,4188,4871,6468,7842
"2012","Espace Mittelland","> Grenzgänger/innen (Kat. G)","Berufliche Stellung - Total","Geschlecht - Total",5668,4036,4677,6932,8877
"2012","Espace Mittelland","> Grenzgänger/innen (Kat. G)","Berufliche Stellung - Total","Frauen",5025,3777,4275,6132,7656
"2012","Espace Mittelland","> Grenzgänger/innen (Kat. G)","Berufliche Stellung - Total","Männer",5925,4260,4983,7216,9460
"2012","Espace Mittelland","> Grenzgänger/innen (Kat. G)","Oberes und mittleres Kader","Geschlecht - Total",8686,5980,6828,11497,14444
"2012","Espace Mittelland","> Grenzgänger/innen (Kat. G)","Oberes und mittleres Kader","Frauen",7423,5779,6321,8408,11674
"2012","Espace Mittelland","> Grenzgänger/innen (Kat. G)","Oberes und mittleres Kader","Männer",9710,5987,7200,12302,14933
"2012","Espace Mittelland","> Grenzgänger/innen (Kat. G)","Unteres Kader","Geschlecht - Total",7717,5000,6331,9362,11913
"2012","Espace Mittelland","> Grenzgänger/innen (Kat. G)","Unteres Kader","Frauen",7424,4691,5836,8575,11020
"2012","Espace Mittelland","> Grenzgänger/innen (Kat. G)","Unteres Kader","Männer",7835,5039,6454,9471,11913
"2012","Espace Mittelland","> Grenzgänger/innen (Kat. G)","Verantwortlich für die Ausführung der Arbeiten","Geschlecht - Total",6282,4426,5350,7475,9210
"2012","Espace Mittelland","> Grenzgänger/innen (Kat. G)","Verantwortlich für die Ausführung der Arbeiten","Frauen",5829,4054,4643,7055,8466
"2012","Espace Mittelland","> Grenzgänger/innen (Kat. G)","Verantwortlich für die Ausführung der Arbeiten","Männer",6434,4526,5433,7592,9642
"2012","Espace Mittelland","> Grenzgänger/innen (Kat. G)","Ohne Kaderfunktion","Geschlecht - Total",5334,3949,4489,6275,7424
"2012","Espace Mittelland","> Grenzgänger/innen (Kat. G)","Ohne Kaderfunktion","Frauen",4799,3710,4152,5615,6751
"2012","Espace Mittelland","> Grenzgänger/innen (Kat. G)","Ohne Kaderfunktion","Männer",5601,4188,4778,6506,7680
"2012","Espace Mittelland","> Andere","Berufliche Stellung - Total","Geschlecht - Total",4855,3509,4038,6178,7406
"2012","Espace Mittelland","> Andere","Berufliche Stellung - Total","Frauen",4373,3177,3839,5085,7290
"2012","Espace Mittelland","> Andere","Berufliche Stellung - Total","Männer",5079,3509,4155,6255,7583
"2012","Espace Mittelland","> Andere","Oberes und mittleres Kader","Geschlecht - Total",,,,,
"2012","Espace Mittelland","> Andere","Oberes und mittleres Kader","Frauen",,,,,
"2012","Espace Mittelland","> Andere","Oberes und mittleres Kader","Männer",,,,,
"2012","Espace Mittelland","> Andere","Unteres Kader","Geschlecht - Total",,,,,
"2012","Espace Mittelland","> Andere","Unteres Kader","Frauen",,,,,
"2012","Espace Mittelland","> Andere","Unteres Kader","Männer",,,,,
"2012","Espace Mittelland","> Andere","Verantwortlich für die Ausführung der Arbeiten","Geschlecht - Total",6538,5043,5904,7345,8175
"2012","Espace Mittelland","> Andere","Verantwortlich für die Ausführung der Arbeiten","Frauen",,,,,
"2012","Espace Mittelland","> Andere","Verantwortlich für die Ausführung der Arbeiten","Männer",,,,,
"2012","Espace Mittelland","> Andere","Ohne Kaderfunktion","Geschlecht - Total",4571,3508,3880,5554,6693
"2012","Espace Mittelland","> Andere","Ohne Kaderfunktion","Frauen",4164,3057,3745,4776,6698
"2012","Espace Mittelland","> Andere","Ohne Kaderfunktion","Männer",4664,3509,3972,5669,6693
"2012","Nordwestschweiz","Schweizer/innen und Ausländer/innen - Total","Berufliche Stellung - Total","Geschlecht - Total",6653,4177,5146,8907,12282
"2012","Nordwestschweiz","Schweizer/innen und Ausländer/innen - Total","Berufliche Stellung - Total","Frauen",5981,3806,4585,7734,10406
"2012","Nordwestschweiz","Schweizer/innen und Ausländer/innen - Total","Berufliche Stellung - Total","Männer",7094,4570,5556,9649,13241
"2012","Nordwestschweiz","Schweizer/innen und Ausländer/innen - Total","Oberes und mittleres Kader","Geschlecht - Total",10670,5437,7626,15251,21232
"2012","Nordwestschweiz","Schweizer/innen und Ausländer/innen - Total","Oberes und mittleres Kader","Frauen",8789,4213,6198,13237,18070
"2012","Nordwestschweiz","Schweizer/innen und Ausländer/innen - Total","Oberes und mittleres Kader","Männer",11239,6095,8160,15921,22354
"2012","Nordwestschweiz","Schweizer/innen und Ausländer/innen - Total","Unteres Kader","Geschlecht - Total",8543,4976,6558,10776,13092
"2012","Nordwestschweiz","Schweizer/innen und Ausländer/innen - Total","Unteres Kader","Frauen",7071,4090,5386,9263,11888
"2012","Nordwestschweiz","Schweizer/innen und Ausländer/innen - Total","Unteres Kader","Männer",9104,5714,7222,11200,13508
"2012","Nordwestschweiz","Schweizer/innen und Ausländer/innen - Total","Verantwortlich für die Ausführung der Arbeiten","Geschlecht - Total",7289,4768,5938,9112,11083
"2012","Nordwestschweiz","Schweizer/innen und Ausländer/innen - Total","Verantwortlich für die Ausführung der Arbeiten","Frauen",6837,4267,5176,8407,10232
"2012","Nordwestschweiz","Schweizer/innen und Ausländer/innen - Total","Verantwortlich für die Ausführung der Arbeiten","Männer",7533,5238,6218,9500,11374
"2012","Nordwestschweiz","Schweizer/innen und Ausländer/innen - Total","Ohne Kaderfunktion","Geschlecht - Total",6024,4045,4831,7534,9592
"2012","Nordwestschweiz","Schweizer/innen und Ausländer/innen - Total","Ohne Kaderfunktion","Frauen",5610,3714,4430,7118,8962
"2012","Nordwestschweiz","Schweizer/innen und Ausländer/innen - Total","Ohne Kaderfunktion","Männer",6277,4358,5152,7816,9950
"2012","Nordwestschweiz","Schweizer/innen","Berufliche Stellung - Total","Geschlecht - Total",6833,4246,5286,9025,12099
"2012","Nordwestschweiz","Schweizer/innen","Berufliche Stellung - Total","Frauen",6005,3880,4671,7562,9889
"2012","Nordwestschweiz","Schweizer/innen","Berufliche Stellung - Total","Männer",7466,4710,5861,9929,13230
"2012","Nordwestschweiz","Schweizer/innen","Oberes und mittleres Kader","Geschlecht - Total",10089,5200,7301,13929,19255
"2012","Nordwestschweiz","Schweizer/innen","Oberes und mittleres Kader","Frauen",8183,4000,5749,11294,14974
"2012","Nordwestschweiz","Schweizer/innen","Oberes und mittleres Kader","Männer",10650,5980,7945,14651,20331
"2012","Nordwestschweiz","Schweizer/innen","Unteres Kader","Geschlecht - Total",8349,5048,6547,10420,12574
"2012","Nordwestschweiz","Schweizer/innen","Unteres Kader","Frauen",6800,4123,5316,8689,10965
"2012","Nordwestschweiz","Schweizer/innen","Unteres Kader","Männer",9008,5905,7302,10994,13034
"2012","Nordwestschweiz","Schweizer/innen","Verantwortlich für die Ausführung der Arbeiten","Geschlecht - Total",7305,4768,5965,9052,10881
"2012","Nordwestschweiz","Schweizer/innen","Verantwortlich für die Ausführung der Arbeiten","Frauen",6763,4225,5159,8117,9720
"2012","Nordwestschweiz","Schweizer/innen","Verantwortlich für die Ausführung der Arbeiten","Männer",7663,5339,6360,9584,11266
"2012","Nordwestschweiz","Schweizer/innen","Ohne Kaderfunktion","Geschlecht - Total",6207,4107,4938,7670,9696
"2012","Nordwestschweiz","Schweizer/innen","Ohne Kaderfunktion","Frauen",5702,3818,4551,7050,8751
"2012","Nordwestschweiz","Schweizer/innen","Ohne Kaderfunktion","Männer",6625,4451,5355,8162,10220
"2012","Nordwestschweiz","Ausländer/innen","Berufliche Stellung - Total","Geschlecht - Total",6271,4076,4938,8655,12693
"2012","Nordwestschweiz","Ausländer/innen","Berufliche Stellung - Total","Frauen",5890,3693,4405,8172,11607
"2012","Nordwestschweiz","Ausländer/innen","Berufliche Stellung - Total","Männer",6402,4396,5200,8953,13279
"2012","Nordwestschweiz","Ausländer/innen","Oberes und mittleres Kader","Geschlecht - Total",13732,6223,8983,18918,26163
"2012","Nordwestschweiz","Ausländer/innen","Oberes und mittleres Kader","Frauen",12842,5674,7857,17941,22999
"2012","Nordwestschweiz","Ausländer/innen","Oberes und mittleres Kader","Männer",14013,6655,9478,19354,27389
"2012","Nordwestschweiz","Ausländer/innen","Unteres Kader","Geschlecht - Total",8994,4800,6575,11391,14017
"2012","Nordwestschweiz","Ausländer/innen","Unteres Kader","Frauen",7904,3969,5757,10809,13343
"2012","Nordwestschweiz","Ausländer/innen","Unteres Kader","Männer",9377,5257,7080,11637,14366
"2012","Nordwestschweiz","Ausländer/innen","Verantwortlich für die Ausführung der Arbeiten","Geschlecht - Total",7242,4797,5837,9274,11560
"2012","Nordwestschweiz","Ausländer/innen","Verantwortlich für die Ausführung der Arbeiten","Frauen",7138,4328,5284,9199,11575
"2012","Nordwestschweiz","Ausländer/innen","Verantwortlich für die Ausführung der Arbeiten","Männer",7295,5111,6049,9330,11552
"2012","Nordwestschweiz","Ausländer/innen","Ohne Kaderfunktion","Geschlecht - Total",5747,3960,4690,7250,9385
"2012","Nordwestschweiz","Ausländer/innen","Ohne Kaderfunktion","Frauen",5332,3570,4244,7300,9414
"2012","Nordwestschweiz","Ausländer/innen","Ohne Kaderfunktion","Männer",5874,4263,4955,7231,9358
"2012","Nordwestschweiz","> Kurzaufenthalter/innen (Kat. L)","Berufliche Stellung - Total","Geschlecht - Total",4742,1882,3428,6283,8533
"2012","Nordwestschweiz","> Kurzaufenthalter/innen (Kat. L)","Berufliche Stellung - Total","Frauen",3813,932,2454,6498,8438
"2012","Nordwestschweiz","> Kurzaufenthalter/innen (Kat. L)","Berufliche Stellung - Total","Männer",4903,2407,3750,6209,8571
"2012","Nordwestschweiz","> Kurzaufenthalter/innen (Kat. L)","Oberes und mittleres Kader","Geschlecht - Total",,,,,
"2012","Nordwestschweiz","> Kurzaufenthalter/innen (Kat. L)","Oberes und mittleres Kader","Frauen",,,,,
"2012","Nordwestschweiz","> Kurzaufenthalter/innen (Kat. L)","Oberes und mittleres Kader","Männer",,,,,
"2012","Nordwestschweiz","> Kurzaufenthalter/innen (Kat. L)","Unteres Kader","Geschlecht - Total",,,,,
"2012","Nordwestschweiz","> Kurzaufenthalter/innen (Kat. L)","Unteres Kader","Frauen",,,,,
"2012","Nordwestschweiz","> Kurzaufenthalter/innen (Kat. L)","Unteres Kader","Männer",,,,,
"2012","Nordwestschweiz","> Kurzaufenthalter/innen (Kat. L)","Verantwortlich für die Ausführung der Arbeiten","Geschlecht - Total",,,,,
"2012","Nordwestschweiz","> Kurzaufenthalter/innen (Kat. L)","Verantwortlich für die Ausführung der Arbeiten","Frauen",,,,,
"2012","Nordwestschweiz","> Kurzaufenthalter/innen (Kat. L)","Verantwortlich für die Ausführung der Arbeiten","Männer",,,,,
"2012","Nordwestschweiz","> Kurzaufenthalter/innen (Kat. L)","Ohne Kaderfunktion","Geschlecht - Total",4580,1600,3111,5987,7512
"2012","Nordwestschweiz","> Kurzaufenthalter/innen (Kat. L)","Ohne Kaderfunktion","Frauen",3610,608,2411,6075,7691
"2012","Nordwestschweiz","> Kurzaufenthalter/innen (Kat. L)","Ohne Kaderfunktion","Männer",4746,2353,3636,5987,7397
"2012","Nordwestschweiz","> Aufenthalter/innen (Kat. B)","Berufliche Stellung - Total","Geschlecht - Total",6422,3882,4791,9097,13629
"2012","Nordwestschweiz","> Aufenthalter/innen (Kat. B)","Berufliche Stellung - Total","Frauen",6303,3610,4467,8684,12429
"2012","Nordwestschweiz","> Aufenthalter/innen (Kat. B)","Berufliche Stellung - Total","Männer",6520,4102,4928,9350,14577
"2012","Nordwestschweiz","> Aufenthalter/innen (Kat. B)","Oberes und mittleres Kader","Geschlecht - Total",15000,6223,9778,20656,29244
"2012","Nordwestschweiz","> Aufenthalter/innen (Kat. B)","Oberes und mittleres Kader","Frauen",13576,6076,8552,18397,24240
"2012","Nordwestschweiz","> Aufenthalter/innen (Kat. B)","Oberes und mittleres Kader","Männer",15580,6731,10703,22046,33199
"2012","Nordwestschweiz","> Aufenthalter/innen (Kat. B)","Unteres Kader","Geschlecht - Total",8831,3762,6047,11402,13991
"2012","Nordwestschweiz","> Aufenthalter/innen (Kat. B)","Unteres Kader","Frauen",7524,3762,5035,10786,13128
"2012","Nordwestschweiz","> Aufenthalter/innen (Kat. B)","Unteres Kader","Männer",9282,3984,6911,11719,14612
"2012","Nordwestschweiz","> Aufenthalter/innen (Kat. B)","Verantwortlich für die Ausführung der Arbeiten","Geschlecht - Total",7198,4446,5496,9698,12260
"2012","Nordwestschweiz","> Aufenthalter/innen (Kat. B)","Verantwortlich für die Ausführung der Arbeiten","Frauen",7096,4058,5229,9408,12236
"2012","Nordwestschweiz","> Aufenthalter/innen (Kat. B)","Verantwortlich für die Ausführung der Arbeiten","Männer",7319,4760,5553,10000,12317
"2012","Nordwestschweiz","> Aufenthalter/innen (Kat. B)","Ohne Kaderfunktion","Geschlecht - Total",5720,3762,4540,7506,9524
"2012","Nordwestschweiz","> Aufenthalter/innen (Kat. B)","Ohne Kaderfunktion","Frauen",5754,3477,4216,7570,9781
"2012","Nordwestschweiz","> Aufenthalter/innen (Kat. B)","Ohne Kaderfunktion","Männer",5720,3985,4672,7442,9440
"2012","Nordwestschweiz","> Niedergelassene (Kat. C)","Berufliche Stellung - Total","Geschlecht - Total",5885,4000,4745,7877,11685
"2012","Nordwestschweiz","> Niedergelassene (Kat. C)","Berufliche Stellung - Total","Frauen",5094,3564,4194,7325,10636
"2012","Nordwestschweiz","> Niedergelassene (Kat. C)","Berufliche Stellung - Total","Männer",6147,4425,5117,8195,12262
"2012","Nordwestschweiz","> Niedergelassene (Kat. C)","Oberes und mittleres Kader","Geschlecht - Total",12211,5909,8357,17950,25624
"2012","Nordwestschweiz","> Niedergelassene (Kat. C)","Oberes und mittleres Kader","Frauen",11601,5000,7323,17448,22901
"2012","Nordwestschweiz","> Niedergelassene (Kat. C)","Oberes und mittleres Kader","Männer",12318,6293,8650,18143,26712
"2012","Nordwestschweiz","> Niedergelassene (Kat. C)","Unteres Kader","Geschlecht - Total",8921,4846,6375,11111,13940
"2012","Nordwestschweiz","> Niedergelassene (Kat. C)","Unteres Kader","Frauen",7408,3972,5629,10210,13024
"2012","Nordwestschweiz","> Niedergelassene (Kat. C)","Unteres Kader","Männer",9360,5384,7069,11328,14436
"2012","Nordwestschweiz","> Niedergelassene (Kat. C)","Verantwortlich für die Ausführung der Arbeiten","Geschlecht - Total",6817,4460,5470,8552,10993
"2012","Nordwestschweiz","> Niedergelassene (Kat. C)","Verantwortlich für die Ausführung der Arbeiten","Frauen",6525,3813,4598,8549,11166
"2012","Nordwestschweiz","> Niedergelassene (Kat. C)","Verantwortlich für die Ausführung der Arbeiten","Männer",6913,4941,5769,8563,10971
"2012","Nordwestschweiz","> Niedergelassene (Kat. C)","Ohne Kaderfunktion","Geschlecht - Total",5454,3910,4543,6648,8447
"2012","Nordwestschweiz","> Niedergelassene (Kat. C)","Ohne Kaderfunktion","Frauen",4792,3508,4093,6376,8480
"2012","Nordwestschweiz","> Niedergelassene (Kat. C)","Ohne Kaderfunktion","Männer",5717,4332,4943,6737,8423
"2012","Nordwestschweiz","> Grenzgänger/innen (Kat. G)","Berufliche Stellung - Total","Geschlecht - Total",6850,4475,5429,9340,13244
"2012","Nordwestschweiz","> Grenzgänger/innen (Kat. G)","Berufliche Stellung - Total","Frauen",6773,4150,5027,8841,12046
"2012","Nordwestschweiz","> Grenzgänger/innen (Kat. G)","Berufliche Stellung - Total","Männer",6878,4720,5558,9603,13777
"2012","Nordwestschweiz","> Grenzgänger/innen (Kat. G)","Oberes und mittleres Kader","Geschlecht - Total",14689,6826,9381,19083,24849
"2012","Nordwestschweiz","> Grenzgänger/innen (Kat. G)","Oberes und mittleres Kader","Frauen",13783,5933,8021,18204,22099
"2012","Nordwestschweiz","> Grenzgänger/innen (Kat. G)","Oberes und mittleres Kader","Männer",14835,6965,10000,19402,25413
"2012","Nordwestschweiz","> Grenzgänger/innen (Kat. G)","Unteres Kader","Geschlecht - Total",9278,5487,7059,11723,14067
"2012","Nordwestschweiz","> Grenzgänger/innen (Kat. G)","Unteres Kader","Frauen",8403,4950,6639,11418,13591
"2012","Nordwestschweiz","> Grenzgänger/innen (Kat. G)","Unteres Kader","Männer",9546,5631,7189,11908,14175
"2012","Nordwestschweiz","> Grenzgänger/innen (Kat. G)","Verantwortlich für die Ausführung der Arbeiten","Geschlecht - Total",7647,5384,6275,9646,11639
"2012","Nordwestschweiz","> Grenzgänger/innen (Kat. G)","Verantwortlich für die Ausführung der Arbeiten","Frauen",7832,4978,6189,9621,11413
"2012","Nordwestschweiz","> Grenzgänger/innen (Kat. G)","Verantwortlich für die Ausführung der Arbeiten","Männer",7600,5415,6293,9647,11660
"2012","Nordwestschweiz","> Grenzgänger/innen (Kat. G)","Ohne Kaderfunktion","Geschlecht - Total",6228,4328,5126,7914,10247
"2012","Nordwestschweiz","> Grenzgänger/innen (Kat. G)","Ohne Kaderfunktion","Frauen",6284,4034,4792,8024,10311
"2012","Nordwestschweiz","> Grenzgänger/innen (Kat. G)","Ohne Kaderfunktion","Männer",6211,4502,5252,7864,10225
"2012","Nordwestschweiz","> Andere","Berufliche Stellung - Total","Geschlecht - Total",4699,3307,3796,5634,7481
"2012","Nordwestschweiz","> Andere","Berufliche Stellung - Total","Frauen",4536,3216,3903,6404,10395
"2012","Nordwestschweiz","> Andere","Berufliche Stellung - Total","Männer",4772,3307,3756,5579,7028
"2012","Nordwestschweiz","> Andere","Oberes und mittleres Kader","Geschlecht - Total",,,,,
"2012","Nordwestschweiz","> Andere","Oberes und mittleres Kader","Frauen",,,,,
"2012","Nordwestschweiz","> Andere","Oberes und mittleres Kader","Männer",,,,,
"2012","Nordwestschweiz","> Andere","Unteres Kader","Geschlecht - Total",,,,,
"2012","Nordwestschweiz","> Andere","Unteres Kader","Frauen",,,,,
"2012","Nordwestschweiz","> Andere","Unteres Kader","Männer",,,,,
"2012","Nordwestschweiz","> Andere","Verantwortlich für die Ausführung der Arbeiten","Geschlecht - Total",,,,,
"2012","Nordwestschweiz","> Andere","Verantwortlich für die Ausführung der Arbeiten","Frauen",,,,,
"2012","Nordwestschweiz","> Andere","Verantwortlich für die Ausführung der Arbeiten","Männer",,,,,
"2012","Nordwestschweiz","> Andere","Ohne Kaderfunktion","Geschlecht - Total",4560,3351,3808,5480,6659
"2012","Nordwestschweiz","> Andere","Ohne Kaderfunktion","Frauen",4337,2717,3794,5508,6887
"2012","Nordwestschweiz","> Andere","Ohne Kaderfunktion","Männer",4737,3387,3808,5476,6247
"2012","Zürich","Schweizer/innen und Ausländer/innen - Total","Berufliche Stellung - Total","Geschlecht - Total",6900,4170,5163,9330,12678
"2012","Zürich","Schweizer/innen und Ausländer/innen - Total","Berufliche Stellung - Total","Frauen",6192,3787,4611,8176,10457
"2012","Zürich","Schweizer/innen und Ausländer/innen - Total","Berufliche Stellung - Total","Männer",7500,4578,5717,10396,14096
"2012","Zürich","Schweizer/innen und Ausländer/innen - Total","Oberes und mittleres Kader","Geschlecht - Total",10709,6486,8183,14785,21811
"2012","Zürich","Schweizer/innen und Ausländer/innen - Total","Oberes und mittleres Kader","Frauen",9071,5685,7426,11262,14805
"2012","Zürich","Schweizer/innen und Ausländer/innen - Total","Oberes und mittleres Kader","Männer",11826,6873,8831,16389,23940
"2012","Zürich","Schweizer/innen und Ausländer/innen - Total","Unteres Kader","Geschlecht - Total",8940,5592,7083,10952,13119
"2012","Zürich","Schweizer/innen und Ausländer/innen - Total","Unteres Kader","Frauen",7936,4792,6322,9815,11782
"2012","Zürich","Schweizer/innen und Ausländer/innen - Total","Unteres Kader","Männer",9524,6168,7565,11428,13731
"2012","Zürich","Schweizer/innen und Ausländer/innen - Total","Verantwortlich für die Ausführung der Arbeiten","Geschlecht - Total",7143,4805,5821,8787,10817
"2012","Zürich","Schweizer/innen und Ausländer/innen - Total","Verantwortlich für die Ausführung der Arbeiten","Frauen",6567,4365,5280,8130,9937
"2012","Zürich","Schweizer/innen und Ausländer/innen - Total","Verantwortlich für die Ausführung der Arbeiten","Männer",7470,5159,6226,9149,11332
"2012","Zürich","Schweizer/innen und Ausländer/innen - Total","Ohne Kaderfunktion","Geschlecht - Total",6074,3905,4721,7764,9982
"2012","Zürich","Schweizer/innen und Ausländer/innen - Total","Ohne Kaderfunktion","Frauen",5550,3564,4387,7210,8912
"2012","Zürich","Schweizer/innen und Ausländer/innen - Total","Ohne Kaderfunktion","Männer",6422,4250,5134,8310,10852
"2012","Zürich","Schweizer/innen","Berufliche Stellung - Total","Geschlecht - Total",7180,4333,5428,9607,12856
"2012","Zürich","Schweizer/innen","Berufliche Stellung - Total","Frauen",6341,4000,4767,8266,10488
"2012","Zürich","Schweizer/innen","Berufliche Stellung - Total","Männer",7956,4832,6104,10817,14417
"2012","Zürich","Schweizer/innen","Oberes und mittleres Kader","Geschlecht - Total",10711,6594,8268,14528,21176
"2012","Zürich","Schweizer/innen","Oberes und mittleres Kader","Frauen",9110,5699,7423,11134,14196
"2012","Zürich","Schweizer/innen","Oberes und mittleres Kader","Männer",11756,7000,8925,16070,23280
"2012","Zürich","Schweizer/innen","Unteres Kader","Geschlecht - Total",8905,5674,7138,10834,12847
"2012","Zürich","Schweizer/innen","Unteres Kader","Frauen",7886,4800,6348,9682,11476
"2012","Zürich","Schweizer/innen","Unteres Kader","Männer",9494,6270,7620,11312,13420
"2012","Zürich","Schweizer/innen","Verantwortlich für die Ausführung der Arbeiten","Geschlecht - Total",7222,4837,5905,8793,10653
"2012","Zürich","Schweizer/innen","Verantwortlich für die Ausführung der Arbeiten","Frauen",6543,4330,5262,8032,9724
"2012","Zürich","Schweizer/innen","Verantwortlich für die Ausführung der Arbeiten","Männer",7619,5353,6358,9222,11194
"2012","Zürich","Schweizer/innen","Ohne Kaderfunktion","Geschlecht - Total",6283,4095,4890,8004,10197
"2012","Zürich","Schweizer/innen","Ohne Kaderfunktion","Frauen",5746,3813,4532,7282,8931
"2012","Zürich","Schweizer/innen","Ohne Kaderfunktion","Männer",6726,4460,5415,8652,11233
"2012","Zürich","Ausländer/innen","Berufliche Stellung - Total","Geschlecht - Total",6179,3773,4672,8571,11978
"2012","Zürich","Ausländer/innen","Berufliche Stellung - Total","Frauen",5550,3261,4235,7902,10355
"2012","Zürich","Ausländer/innen","Berufliche Stellung - Total","Männer",6424,4149,5058,9021,12976
"2012","Zürich","Ausländer/innen","Oberes und mittleres Kader","Geschlecht - Total",10744,5984,7937,16252,24586
"2012","Zürich","Ausländer/innen","Oberes und mittleres Kader","Frauen",8835,5600,7426,12032,17950
"2012","Zürich","Ausländer/innen","Oberes und mittleres Kader","Männer",12202,6148,8400,18310,27157
"2012","Zürich","Ausländer/innen","Unteres Kader","Geschlecht - Total",9133,5365,6849,11422,14397
"2012","Zürich","Ausländer/innen","Unteres Kader","Frauen",8315,4754,6190,10452,12873
"2012","Zürich","Ausländer/innen","Unteres Kader","Männer",9675,5755,7267,11847,15192
"2012","Zürich","Ausländer/innen","Verantwortlich für die Ausführung der Arbeiten","Geschlecht - Total",6955,4732,5608,8770,11303
"2012","Zürich","Ausländer/innen","Verantwortlich für die Ausführung der Arbeiten","Frauen",6651,4508,5302,8512,10742
"2012","Zürich","Ausländer/innen","Verantwortlich für die Ausführung der Arbeiten","Männer",7090,4850,5850,8900,11638
"2012","Zürich","Ausländer/innen","Ohne Kaderfunktion","Geschlecht - Total",5569,3556,4394,7194,9398
"2012","Zürich","Ausländer/innen","Ohne Kaderfunktion","Frauen",4934,2605,4031,6890,8870
"2012","Zürich","Ausländer/innen","Ohne Kaderfunktion","Männer",5848,3930,4753,7356,9864
"2012","Zürich","> Kurzaufenthalter/innen (Kat. L)","Berufliche Stellung - Total","Geschlecht - Total",6027,2874,4365,8556,12051
"2012","Zürich","> Kurzaufenthalter/innen (Kat. L)","Berufliche Stellung - Total","Frauen",6023,2619,4126,8485,10550
"2012","Zürich","> Kurzaufenthalter/innen (Kat. L)","Berufliche Stellung - Total","Männer",6038,3200,4686,8615,12854
"2012","Zürich","> Kurzaufenthalter/innen (Kat. L)","Oberes und mittleres Kader","Geschlecht - Total",8738,2400,6747,14993,33353
"2012","Zürich","> Kurzaufenthalter/innen (Kat. L)","Oberes und mittleres Kader","Frauen",,,,,
"2012","Zürich","> Kurzaufenthalter/innen (Kat. L)","Oberes und mittleres Kader","Männer",,,,,
"2012","Zürich","> Kurzaufenthalter/innen (Kat. L)","Unteres Kader","Geschlecht - Total",10238,7685,8447,13088,19040
"2012","Zürich","> Kurzaufenthalter/innen (Kat. L)","Unteres Kader","Frauen",,,,,
"2012","Zürich","> Kurzaufenthalter/innen (Kat. L)","Unteres Kader","Männer",9887,8057,8402,13072,17185
"2012","Zürich","> Kurzaufenthalter/innen (Kat. L)","Verantwortlich für die Ausführung der Arbeiten","Geschlecht - Total",8333,3945,6244,12193,16219
"2012","Zürich","> Kurzaufenthalter/innen (Kat. L)","Verantwortlich für die Ausführung der Arbeiten","Frauen",,,,,
"2012","Zürich","> Kurzaufenthalter/innen (Kat. L)","Verantwortlich für die Ausführung der Arbeiten","Männer",8914,3945,6257,12679,17161
"2012","Zürich","> Kurzaufenthalter/innen (Kat. L)","Ohne Kaderfunktion","Geschlecht - Total",5721,2781,4241,7432,10760
"2012","Zürich","> Kurzaufenthalter/innen (Kat. L)","Ohne Kaderfunktion","Frauen",5610,2327,3680,7382,8941
"2012","Zürich","> Kurzaufenthalter/innen (Kat. L)","Ohne Kaderfunktion","Männer",5721,3200,4507,7440,11487
"2012","Zürich","> Aufenthalter/innen (Kat. B)","Berufliche Stellung - Total","Geschlecht - Total",6350,3712,4627,8592,11934
"2012","Zürich","> Aufenthalter/innen (Kat. B)","Berufliche Stellung - Total","Frauen",6190,3372,4334,8015,10316
"2012","Zürich","> Aufenthalter/innen (Kat. B)","Berufliche Stellung - Total","Männer",6422,3951,4824,9019,13179
"2012","Zürich","> Aufenthalter/innen (Kat. B)","Oberes und mittleres Kader","Geschlecht - Total",9878,5714,7588,16263,26500
"2012","Zürich","> Aufenthalter/innen (Kat. B)","Oberes und mittleres Kader","Frauen",8285,5554,7143,11183,17961
"2012","Zürich","> Aufenthalter/innen (Kat. B)","Oberes und mittleres Kader","Männer",12086,6063,8094,19110,30913
"2012","Zürich","> Aufenthalter/innen (Kat. B)","Unteres Kader","Geschlecht - Total",9036,5150,6757,11422,15387
"2012","Zürich","> Aufenthalter/innen (Kat. B)","Unteres Kader","Frauen",7833,4667,6190,10368,12998
"2012","Zürich","> Aufenthalter/innen (Kat. B)","Unteres Kader","Männer",9780,5627,7179,12174,17002
"2012","Zürich","> Aufenthalter/innen (Kat. B)","Verantwortlich für die Ausführung der Arbeiten","Geschlecht - Total",7237,4469,5330,9176,12383
"2012","Zürich","> Aufenthalter/innen (Kat. B)","Verantwortlich für die Ausführung der Arbeiten","Frauen",7024,4324,5246,8548,10744
"2012","Zürich","> Aufenthalter/innen (Kat. B)","Verantwortlich für die Ausführung der Arbeiten","Männer",7467,4527,5372,9665,13653
"2012","Zürich","> Aufenthalter/innen (Kat. B)","Ohne Kaderfunktion","Geschlecht - Total",5619,3518,4334,7370,9368
"2012","Zürich","> Aufenthalter/innen (Kat. B)","Ohne Kaderfunktion","Frauen",5528,3000,4093,7274,8911
"2012","Zürich","> Aufenthalter/innen (Kat. B)","Ohne Kaderfunktion","Männer",5702,3781,4557,7460,9714
"2012","Zürich","> Niedergelassene (Kat. C)","Berufliche Stellung - Total","Geschlecht - Total",6096,3800,4682,8580,12144
"2012","Zürich","> Niedergelassene (Kat. C)","Berufliche Stellung - Total","Frauen",5200,3036,4169,7875,10495
"2012","Zürich","> Niedergelassene (Kat. C)","Berufliche Stellung - Total","Männer",6459,4281,5184,9087,13147
"2012","Zürich","> Niedergelassene (Kat. C)","Oberes und mittleres Kader","Geschlecht - Total",11341,6284,8314,16578,24277
"2012","Zürich","> Niedergelassene (Kat. C)","Oberes und mittleres Kader","Frauen",9461,5714,7767,12539,18189
"2012","Zürich","> Niedergelassene (Kat. C)","Oberes und mittleres Kader","Männer",12553,6552,8940,18612,26407
"2012","Zürich","> Niedergelassene (Kat. C)","Unteres Kader","Geschlecht - Total",9303,5512,7014,11468,14131
"2012","Zürich","> Niedergelassene (Kat. C)","Unteres Kader","Frauen",8693,4867,6551,10526,12826
"2012","Zürich","> Niedergelassene (Kat. C)","Unteres Kader","Männer",9762,5827,7360,11837,14772
"2012","Zürich","> Niedergelassene (Kat. C)","Verantwortlich für die Ausführung der Arbeiten","Geschlecht - Total",6857,4861,5675,8541,10970
"2012","Zürich","> Niedergelassene (Kat. C)","Verantwortlich für die Ausführung der Arbeiten","Frauen",6384,4594,5302,8527,10752
"2012","Zürich","> Niedergelassene (Kat. C)","Verantwortlich für die Ausführung der Arbeiten","Männer",7000,5044,5917,8557,11133
"2012","Zürich","> Niedergelassene (Kat. C)","Ohne Kaderfunktion","Geschlecht - Total",5486,3531,4398,7031,9300
"2012","Zürich","> Niedergelassene (Kat. C)","Ohne Kaderfunktion","Frauen",4748,2028,3973,6629,8853
"2012","Zürich","> Niedergelassene (Kat. C)","Ohne Kaderfunktion","Männer",5898,4067,4865,7246,9858
"2012","Zürich","> Grenzgänger/innen (Kat. G)","Berufliche Stellung - Total","Geschlecht - Total",6250,4252,4969,8544,11301
"2012","Zürich","> Grenzgänger/innen (Kat. G)","Berufliche Stellung - Total","Frauen",5479,3898,4448,7271,9737
"2012","Zürich","> Grenzgänger/innen (Kat. G)","Berufliche Stellung - Total","Männer",6560,4568,5316,9019,11925
"2012","Zürich","> Grenzgänger/innen (Kat. G)","Oberes und mittleres Kader","Geschlecht - Total",9737,5131,7503,14086,18127
"2012","Zürich","> Grenzgänger/innen (Kat. G)","Oberes und mittleres Kader","Frauen",9121,5131,7502,11275,14451
"2012","Zürich","> Grenzgänger/innen (Kat. G)","Oberes und mittleres Kader","Männer",10097,4767,7503,14726,20032
"2012","Zürich","> Grenzgänger/innen (Kat. G)","Unteres Kader","Geschlecht - Total",8514,5541,6410,10921,12840
"2012","Zürich","> Grenzgänger/innen (Kat. G)","Unteres Kader","Frauen",6333,4944,5541,9676,11820
"2012","Zürich","> Grenzgänger/innen (Kat. G)","Unteres Kader","Männer",9064,5690,7046,11171,13209
"2012","Zürich","> Grenzgänger/innen (Kat. G)","Verantwortlich für die Ausführung der Arbeiten","Geschlecht - Total",6836,5153,5801,8399,10337
"2012","Zürich","> Grenzgänger/innen (Kat. G)","Verantwortlich für die Ausführung der Arbeiten","Frauen",6468,4861,5523,8174,10006
"2012","Zürich","> Grenzgänger/innen (Kat. G)","Verantwortlich für die Ausführung der Arbeiten","Männer",6915,5215,5849,8591,10513
"2012","Zürich","> Grenzgänger/innen (Kat. G)","Ohne Kaderfunktion","Geschlecht - Total",5812,4117,4744,7515,9873
"2012","Zürich","> Grenzgänger/innen (Kat. G)","Ohne Kaderfunktion","Frauen",5044,3790,4313,6600,8677
"2012","Zürich","> Grenzgänger/innen (Kat. G)","Ohne Kaderfunktion","Männer",6102,4375,5070,7942,10389
"2012","Zürich","> Andere","Berufliche Stellung - Total","Geschlecht - Total",3939,1484,3530,4932,7583
"2012","Zürich","> Andere","Berufliche Stellung - Total","Frauen",3939,709,2903,5256,8947
"2012","Zürich","> Andere","Berufliche Stellung - Total","Männer",3947,3097,3569,4899,7557
"2012","Zürich","> Andere","Oberes und mittleres Kader","Geschlecht - Total",,,,,
"2012","Zürich","> Andere","Oberes und mittleres Kader","Frauen",,,,,
"2012","Zürich","> Andere","Oberes und mittleres Kader","Männer",,,,,
"2012","Zürich","> Andere","Unteres Kader","Geschlecht - Total",,,,,
"2012","Zürich","> Andere","Unteres Kader","Frauen",,,,,
"2012","Zürich","> Andere","Unteres Kader","Männer",,,,,
"2012","Zürich","> Andere","Verantwortlich für die Ausführung der Arbeiten","Geschlecht - Total",,,,,
"2012","Zürich","> Andere","Verantwortlich für die Ausführung der Arbeiten","Frauen",,,,,
"2012","Zürich","> Andere","Verantwortlich für die Ausführung der Arbeiten","Männer",,,,,
"2012","Zürich","> Andere","Ohne Kaderfunktion","Geschlecht - Total",3909,1210,3517,4656,6402
"2012","Zürich","> Andere","Ohne Kaderfunktion","Frauen",3762,680,2209,4627,7125
"2012","Zürich","> Andere","Ohne Kaderfunktion","Männer",3921,2620,3569,4743,6318
"2012","Ostschweiz","Schweizer/innen und Ausländer/innen - Total","Berufliche Stellung - Total","Geschlecht - Total",5933,3840,4718,7686,10401
"2012","Ostschweiz","Schweizer/innen und Ausländer/innen - Total","Berufliche Stellung - Total","Frauen",5151,3367,4154,6763,8831
"2012","Ostschweiz","Schweizer/innen und Ausländer/innen - Total","Berufliche Stellung - Total","Männer",6307,4323,5169,8219,11200
"2012","Ostschweiz","Schweizer/innen und Ausländer/innen - Total","Oberes und mittleres Kader","Geschlecht - Total",8730,4682,6478,11877,15804
"2012","Ostschweiz","Schweizer/innen und Ausländer/innen - Total","Oberes und mittleres Kader","Frauen",6781,3218,4854,9313,11905
"2012","Ostschweiz","Schweizer/innen und Ausländer/innen - Total","Oberes und mittleres Kader","Männer",9394,5460,7161,12597,16943
"2012","Ostschweiz","Schweizer/innen und Ausländer/innen - Total","Unteres Kader","Geschlecht - Total",7131,4557,5718,9033,11140
"2012","Ostschweiz","Schweizer/innen und Ausländer/innen - Total","Unteres Kader","Frauen",6201,3862,4833,7771,9674
"2012","Ostschweiz","Schweizer/innen und Ausländer/innen - Total","Unteres Kader","Männer",7604,5233,6293,9562,11530
"2012","Ostschweiz","Schweizer/innen und Ausländer/innen - Total","Verantwortlich für die Ausführung der Arbeiten","Geschlecht - Total",6192,4265,5095,7441,9234
"2012","Ostschweiz","Schweizer/innen und Ausländer/innen - Total","Verantwortlich für die Ausführung der Arbeiten","Frauen",5469,3767,4483,6707,8000
"2012","Ostschweiz","Schweizer/innen und Ausländer/innen - Total","Verantwortlich für die Ausführung der Arbeiten","Männer",6544,4720,5553,7891,9699
"2012","Ostschweiz","Schweizer/innen und Ausländer/innen - Total","Ohne Kaderfunktion","Geschlecht - Total",5469,3674,4480,6707,8478
"2012","Ostschweiz","Schweizer/innen und Ausländer/innen - Total","Ohne Kaderfunktion","Frauen",4895,3301,4048,6322,8140
"2012","Ostschweiz","Schweizer/innen und Ausländer/innen - Total","Ohne Kaderfunktion","Männer",5750,4114,4873,6900,8648
"2012","Ostschweiz","Schweizer/innen","Berufliche Stellung - Total","Geschlecht - Total",6202,4014,4890,8076,10867
"2012","Ostschweiz","Schweizer/innen","Berufliche Stellung - Total","Frauen",5341,3496,4294,6910,9067
"2012","Ostschweiz","Schweizer/innen","Berufliche Stellung - Total","Männer",6707,4509,5429,8752,11792
"2012","Ostschweiz","Schweizer/innen","Oberes und mittleres Kader","Geschlecht - Total",8808,4706,6596,11902,15717
"2012","Ostschweiz","Schweizer/innen","Oberes und mittleres Kader","Frauen",6747,2952,4795,9256,11681
"2012","Ostschweiz","Schweizer/innen","Oberes und mittleres Kader","Männer",9492,5577,7246,12643,16753
"2012","Ostschweiz","Schweizer/innen","Unteres Kader","Geschlecht - Total",7143,4629,5782,9024,11082
"2012","Ostschweiz","Schweizer/innen","Unteres Kader","Frauen",6146,3911,4817,7706,9623
"2012","Ostschweiz","Schweizer/innen","Unteres Kader","Männer",7667,5365,6445,9550,11506
"2012","Ostschweiz","Schweizer/innen","Verantwortlich für die Ausführung der Arbeiten","Geschlecht - Total",6289,4280,5173,7501,9173
"2012","Ostschweiz","Schweizer/innen","Verantwortlich für die Ausführung der Arbeiten","Frauen",5598,3817,4553,6736,7973
"2012","Ostschweiz","Schweizer/innen","Verantwortlich für die Ausführung der Arbeiten","Männer",6695,4815,5711,7994,9638
"2012","Ostschweiz","Schweizer/innen","Ohne Kaderfunktion","Geschlecht - Total",5660,3851,4604,6968,8830
"2012","Ostschweiz","Schweizer/innen","Ohne Kaderfunktion","Frauen",5092,3429,4214,6519,8421
"2012","Ostschweiz","Schweizer/innen","Ohne Kaderfunktion","Männer",6026,4296,5048,7293,9115
"2012","Ostschweiz","Ausländer/innen","Berufliche Stellung - Total","Geschlecht - Total",5411,3556,4388,6707,8973
"2012","Ostschweiz","Ausländer/innen","Berufliche Stellung - Total","Frauen",4612,3217,3793,6201,8128
"2012","Ostschweiz","Ausländer/innen","Berufliche Stellung - Total","Männer",5657,3972,4795,6944,9417
"2012","Ostschweiz","Ausländer/innen","Oberes und mittleres Kader","Geschlecht - Total",8254,4540,5984,11623,16462
"2012","Ostschweiz","Ausländer/innen","Oberes und mittleres Kader","Frauen",6923,3587,5080,9603,12259
"2012","Ostschweiz","Ausländer/innen","Oberes und mittleres Kader","Männer",8820,4952,6475,12413,17918
"2012","Ostschweiz","Ausländer/innen","Unteres Kader","Geschlecht - Total",7074,4164,5537,9046,11307
"2012","Ostschweiz","Ausländer/innen","Unteres Kader","Frauen",6286,3730,4858,7952,9953
"2012","Ostschweiz","Ausländer/innen","Unteres Kader","Männer",7322,4782,5802,9590,11741
"2012","Ostschweiz","Ausländer/innen","Verantwortlich für die Ausführung der Arbeiten","Geschlecht - Total",5928,4230,4911,7168,9433
"2012","Ostschweiz","Ausländer/innen","Verantwortlich für die Ausführung der Arbeiten","Frauen",5056,3742,4325,6540,8205
"2012","Ostschweiz","Ausländer/innen","Verantwortlich für die Ausführung der Arbeiten","Männer",6150,4588,5340,7477,9925
"2012","Ostschweiz","Ausländer/innen","Ohne Kaderfunktion","Geschlecht - Total",5173,3488,4230,6182,7613
"2012","Ostschweiz","Ausländer/innen","Ohne Kaderfunktion","Frauen",4396,3155,3686,5714,7396
"2012","Ostschweiz","Ausländer/innen","Ohne Kaderfunktion","Männer",5406,3881,4669,6288,7698
"2012","Ostschweiz","> Kurzaufenthalter/innen (Kat. L)","Berufliche Stellung - Total","Geschlecht - Total",4451,2914,3412,5664,6863
"2012","Ostschweiz","> Kurzaufenthalter/innen (Kat. L)","Berufliche Stellung - Total","Frauen",3594,2227,3205,4406,6433
"2012","Ostschweiz","> Kurzaufenthalter/innen (Kat. L)","Berufliche Stellung - Total","Männer",4880,3105,3661,5767,6953
"2012","Ostschweiz","> Kurzaufenthalter/innen (Kat. L)","Oberes und mittleres Kader","Geschlecht - Total",6703,4457,6067,7533,13163
"2012","Ostschweiz","> Kurzaufenthalter/innen (Kat. L)","Oberes und mittleres Kader","Frauen",,,,,
"2012","Ostschweiz","> Kurzaufenthalter/innen (Kat. L)","Oberes und mittleres Kader","Männer",,,,,
"2012","Ostschweiz","> Kurzaufenthalter/innen (Kat. L)","Unteres Kader","Geschlecht - Total",,,,,
"2012","Ostschweiz","> Kurzaufenthalter/innen (Kat. L)","Unteres Kader","Frauen",,,,,
"2012","Ostschweiz","> Kurzaufenthalter/innen (Kat. L)","Unteres Kader","Männer",,,,,
"2012","Ostschweiz","> Kurzaufenthalter/innen (Kat. L)","Verantwortlich für die Ausführung der Arbeiten","Geschlecht - Total",,,,,
"2012","Ostschweiz","> Kurzaufenthalter/innen (Kat. L)","Verantwortlich für die Ausführung der Arbeiten","Frauen",,,,,
"2012","Ostschweiz","> Kurzaufenthalter/innen (Kat. L)","Verantwortlich für die Ausführung der Arbeiten","Männer",,,,,
"2012","Ostschweiz","> Kurzaufenthalter/innen (Kat. L)","Ohne Kaderfunktion","Geschlecht - Total",4223,2818,3372,5533,6390
"2012","Ostschweiz","> Kurzaufenthalter/innen (Kat. L)","Ohne Kaderfunktion","Frauen",3510,2108,3160,4086,5961
"2012","Ostschweiz","> Kurzaufenthalter/innen (Kat. L)","Ohne Kaderfunktion","Männer",4776,3050,3599,5667,6487
"2012","Ostschweiz","> Aufenthalter/innen (Kat. B)","Berufliche Stellung - Total","Geschlecht - Total",5241,3507,4228,6563,8727
"2012","Ostschweiz","> Aufenthalter/innen (Kat. B)","Berufliche Stellung - Total","Frauen",4681,3294,3744,6498,8066
"2012","Ostschweiz","> Aufenthalter/innen (Kat. B)","Berufliche Stellung - Total","Männer",5392,3801,4566,6606,9093
"2012","Ostschweiz","> Aufenthalter/innen (Kat. B)","Oberes und mittleres Kader","Geschlecht - Total",7608,4510,5810,11083,14897
"2012","Ostschweiz","> Aufenthalter/innen (Kat. B)","Oberes und mittleres Kader","Frauen",7095,4510,5295,9173,12235
"2012","Ostschweiz","> Aufenthalter/innen (Kat. B)","Oberes und mittleres Kader","Männer",8412,4579,6000,12197,17294
"2012","Ostschweiz","> Aufenthalter/innen (Kat. B)","Unteres Kader","Geschlecht - Total",6467,3855,5234,8648,11205
"2012","Ostschweiz","> Aufenthalter/innen (Kat. B)","Unteres Kader","Frauen",6293,3686,4669,7544,9715
"2012","Ostschweiz","> Aufenthalter/innen (Kat. B)","Unteres Kader","Männer",6515,4384,5551,9609,11910
"2012","Ostschweiz","> Aufenthalter/innen (Kat. B)","Verantwortlich für die Ausführung der Arbeiten","Geschlecht - Total",5674,4187,4696,6897,9420
"2012","Ostschweiz","> Aufenthalter/innen (Kat. B)","Verantwortlich für die Ausführung der Arbeiten","Frauen",5204,3535,4325,6607,7654
"2012","Ostschweiz","> Aufenthalter/innen (Kat. B)","Verantwortlich für die Ausführung der Arbeiten","Männer",5834,4344,4998,7198,10159
"2012","Ostschweiz","> Aufenthalter/innen (Kat. B)","Ohne Kaderfunktion","Geschlecht - Total",5000,3431,4075,6004,7575
"2012","Ostschweiz","> Aufenthalter/innen (Kat. B)","Ohne Kaderfunktion","Frauen",4335,3229,3583,5992,7430
"2012","Ostschweiz","> Aufenthalter/innen (Kat. B)","Ohne Kaderfunktion","Männer",5200,3730,4409,6011,7655
"2012","Ostschweiz","> Niedergelassene (Kat. C)","Berufliche Stellung - Total","Geschlecht - Total",5431,3727,4489,6681,9022
"2012","Ostschweiz","> Niedergelassene (Kat. C)","Berufliche Stellung - Total","Frauen",4563,3288,3849,5898,8194
"2012","Ostschweiz","> Niedergelassene (Kat. C)","Berufliche Stellung - Total","Männer",5777,4309,4950,6969,9517
"2012","Ostschweiz","> Niedergelassene (Kat. C)","Oberes und mittleres Kader","Geschlecht - Total",8249,4282,5854,11997,17111
"2012","Ostschweiz","> Niedergelassene (Kat. C)","Oberes und mittleres Kader","Frauen",6484,3333,4746,9610,12674
"2012","Ostschweiz","> Niedergelassene (Kat. C)","Oberes und mittleres Kader","Männer",8755,4850,6420,12673,18560
"2012","Ostschweiz","> Niedergelassene (Kat. C)","Unteres Kader","Geschlecht - Total",7130,4600,5666,9390,11517
"2012","Ostschweiz","> Niedergelassene (Kat. C)","Unteres Kader","Frauen",6497,3730,4922,8306,10684
"2012","Ostschweiz","> Niedergelassene (Kat. C)","Unteres Kader","Männer",7317,5220,6049,9733,11883
"2012","Ostschweiz","> Niedergelassene (Kat. C)","Verantwortlich für die Ausführung der Arbeiten","Geschlecht - Total",5913,4333,5001,7094,9175
"2012","Ostschweiz","> Niedergelassene (Kat. C)","Verantwortlich für die Ausführung der Arbeiten","Frauen",5021,4047,4438,6493,8412
"2012","Ostschweiz","> Niedergelassene (Kat. C)","Verantwortlich für die Ausführung der Arbeiten","Männer",6146,4776,5384,7217,9569
"2012","Ostschweiz","> Niedergelassene (Kat. C)","Ohne Kaderfunktion","Geschlecht - Total",5181,3637,4337,6179,7528
"2012","Ostschweiz","> Niedergelassene (Kat. C)","Ohne Kaderfunktion","Frauen",4390,3229,3767,5430,7287
"2012","Ostschweiz","> Niedergelassene (Kat. C)","Ohne Kaderfunktion","Männer",5530,4227,4825,6361,7616
"2012","Ostschweiz","> Grenzgänger/innen (Kat. G)","Berufliche Stellung - Total","Geschlecht - Total",5935,3939,4846,7415,9746
"2012","Ostschweiz","> Grenzgänger/innen (Kat. G)","Berufliche Stellung - Total","Frauen",5351,3143,4165,6634,8540
"2012","Ostschweiz","> Grenzgänger/innen (Kat. G)","Berufliche Stellung - Total","Männer",6065,4335,5126,7691,10040
"2012","Ostschweiz","> Grenzgänger/innen (Kat. G)","Oberes und mittleres Kader","Geschlecht - Total",9230,5204,6838,11592,16154
"2012","Ostschweiz","> Grenzgänger/innen (Kat. G)","Oberes und mittleres Kader","Frauen",7512,4286,5238,10917,12901
"2012","Ostschweiz","> Grenzgänger/innen (Kat. G)","Oberes und mittleres Kader","Männer",9683,5357,7072,12032,16671
"2012","Ostschweiz","> Grenzgänger/innen (Kat. G)","Unteres Kader","Geschlecht - Total",7271,4625,5948,9124,10996
"2012","Ostschweiz","> Grenzgänger/innen (Kat. G)","Unteres Kader","Frauen",6286,4000,4933,7414,8916
"2012","Ostschweiz","> Grenzgänger/innen (Kat. G)","Unteres Kader","Männer",7713,4808,6283,9690,11358
"2012","Ostschweiz","> Grenzgänger/innen (Kat. G)","Verantwortlich für die Ausführung der Arbeiten","Geschlecht - Total",6487,4069,5361,7691,9953
"2012","Ostschweiz","> Grenzgänger/innen (Kat. G)","Verantwortlich für die Ausführung der Arbeiten","Frauen",5295,2821,3869,6540,7499
"2012","Ostschweiz","> Grenzgänger/innen (Kat. G)","Verantwortlich für die Ausführung der Arbeiten","Männer",6692,4615,5685,8331,10745
"2012","Ostschweiz","> Grenzgänger/innen (Kat. G)","Ohne Kaderfunktion","Geschlecht - Total",5623,3785,4680,6648,8317
"2012","Ostschweiz","> Grenzgänger/innen (Kat. G)","Ohne Kaderfunktion","Frauen",5103,3087,4044,6412,7856
"2012","Ostschweiz","> Grenzgänger/innen (Kat. G)","Ohne Kaderfunktion","Männer",5723,4206,4913,6742,8484
"2012","Ostschweiz","> Andere","Berufliche Stellung - Total","Geschlecht - Total",3769,3070,3387,4643,6719
"2012","Ostschweiz","> Andere","Berufliche Stellung - Total","Frauen",,,,,
"2012","Ostschweiz","> Andere","Berufliche Stellung - Total","Männer",3769,3070,3387,4643,6955
"2012","Ostschweiz","> Andere","Oberes und mittleres Kader","Geschlecht - Total",,,,,
"2012","Ostschweiz","> Andere","Oberes und mittleres Kader","Frauen",..,..,..,..,..
"2012","Ostschweiz","> Andere","Oberes und mittleres Kader","Männer",,,,,
"2012","Ostschweiz","> Andere","Unteres Kader","Geschlecht - Total",,,,,
"2012","Ostschweiz","> Andere","Unteres Kader","Frauen",,,,,
"2012","Ostschweiz","> Andere","Unteres Kader","Männer",,,,,
"2012","Ostschweiz","> Andere","Verantwortlich für die Ausführung der Arbeiten","Geschlecht - Total",,,,,
"2012","Ostschweiz","> Andere","Verantwortlich für die Ausführung der Arbeiten","Frauen",..,..,..,..,..
"2012","Ostschweiz","> Andere","Verantwortlich für die Ausführung der Arbeiten","Männer",,,,,
"2012","Ostschweiz","> Andere","Ohne Kaderfunktion","Geschlecht - Total",3769,3018,3386,4458,6290
"2012","Ostschweiz","> Andere","Ohne Kaderfunktion","Frauen",,,,,
"2012","Ostschweiz","> Andere","Ohne Kaderfunktion","Männer",3769,3018,3386,4408,6266
"2012","Zentralschweiz","Schweizer/innen und Ausländer/innen - Total","Berufliche Stellung - Total","Geschlecht - Total",6313,3962,4911,8412,11272
"2012","Zentralschweiz","Schweizer/innen und Ausländer/innen - Total","Berufliche Stellung - Total","Frauen",5608,3340,4303,7420,9576
"2012","Zentralschweiz","Schweizer/innen und Ausländer/innen - Total","Berufliche Stellung - Total","Männer",6722,4476,5383,9149,12317
"2012","Zentralschweiz","Schweizer/innen und Ausländer/innen - Total","Oberes und mittleres Kader","Geschlecht - Total",9500,5000,6934,13040,19061
"2012","Zentralschweiz","Schweizer/innen und Ausländer/innen - Total","Oberes und mittleres Kader","Frauen",7796,3611,5207,10525,14909
"2012","Zentralschweiz","Schweizer/innen und Ausländer/innen - Total","Oberes und mittleres Kader","Männer",10000,5719,7402,13709,20556
"2012","Zentralschweiz","Schweizer/innen und Ausländer/innen - Total","Unteres Kader","Geschlecht - Total",7622,4815,6118,9657,11771
"2012","Zentralschweiz","Schweizer/innen und Ausländer/innen - Total","Unteres Kader","Frauen",6638,4156,5158,8429,10629
"2012","Zentralschweiz","Schweizer/innen und Ausländer/innen - Total","Unteres Kader","Männer",8044,5504,6514,10051,12098
"2012","Zentralschweiz","Schweizer/innen und Ausländer/innen - Total","Verantwortlich für die Ausführung der Arbeiten","Geschlecht - Total",6394,4319,5254,7892,9940
"2012","Zentralschweiz","Schweizer/innen und Ausländer/innen - Total","Verantwortlich für die Ausführung der Arbeiten","Frauen",5690,3876,4534,6993,8521
"2012","Zentralschweiz","Schweizer/innen und Ausländer/innen - Total","Verantwortlich für die Ausführung der Arbeiten","Männer",6733,4762,5622,8327,10412
"2012","Zentralschweiz","Schweizer/innen und Ausländer/innen - Total","Ohne Kaderfunktion","Geschlecht - Total",5794,3755,4623,7340,9488
"2012","Zentralschweiz","Schweizer/innen und Ausländer/innen - Total","Ohne Kaderfunktion","Frauen",5357,3175,4199,7023,8978
"2012","Zentralschweiz","Schweizer/innen und Ausländer/innen - Total","Ohne Kaderfunktion","Männer",6028,4247,5037,7583,9930
"2012","Zentralschweiz","Schweizer/innen","Berufliche Stellung - Total","Geschlecht - Total",6501,4120,5098,8596,11275
"2012","Zentralschweiz","Schweizer/innen","Berufliche Stellung - Total","Frauen",5785,3579,4458,7514,9567
"2012","Zentralschweiz","Schweizer/innen","Berufliche Stellung - Total","Männer",6986,4639,5588,9364,12336
"2012","Zentralschweiz","Schweizer/innen","Oberes und mittleres Kader","Geschlecht - Total",9362,5031,6912,12640,17355
"2012","Zentralschweiz","Schweizer/innen","Oberes und mittleres Kader","Frauen",7658,3509,5207,10276,13900
"2012","Zentralschweiz","Schweizer/innen","Oberes und mittleres Kader","Männer",9883,5750,7361,13214,18738
"2012","Zentralschweiz","Schweizer/innen","Unteres Kader","Geschlecht - Total",7575,4897,6121,9475,11342
"2012","Zentralschweiz","Schweizer/innen","Unteres Kader","Frauen",6595,4165,5140,8246,10221
"2012","Zentralschweiz","Schweizer/innen","Unteres Kader","Männer",7965,5608,6540,9893,11674
"2012","Zentralschweiz","Schweizer/innen","Verantwortlich für die Ausführung der Arbeiten","Geschlecht - Total",6424,4385,5333,7896,9786
"2012","Zentralschweiz","Schweizer/innen","Verantwortlich für die Ausführung der Arbeiten","Frauen",5731,3884,4593,6979,8382
"2012","Zentralschweiz","Schweizer/innen","Verantwortlich für die Ausführung der Arbeiten","Männer",6785,4872,5701,8382,10330
"2012","Zentralschweiz","Schweizer/innen","Ohne Kaderfunktion","Geschlecht - Total",5978,3954,4771,7561,9641
"2012","Zentralschweiz","Schweizer/innen","Ohne Kaderfunktion","Frauen",5579,3488,4354,7178,9105
"2012","Zentralschweiz","Schweizer/innen","Ohne Kaderfunktion","Männer",6236,4395,5207,7884,10207
"2012","Zentralschweiz","Ausländer/innen","Berufliche Stellung - Total","Geschlecht - Total",5621,3481,4424,7593,11250
"2012","Zentralschweiz","Ausländer/innen","Berufliche Stellung - Total","Frauen",4692,2008,3818,6885,9663
"2012","Zentralschweiz","Ausländer/innen","Berufliche Stellung - Total","Männer",5946,4044,4894,8045,12235
"2012","Zentralschweiz","Ausländer/innen","Oberes und mittleres Kader","Geschlecht - Total",10600,4706,7143,16683,31246
"2012","Zentralschweiz","Ausländer/innen","Oberes und mittleres Kader","Frauen",8333,3810,5159,12983,19479
"2012","Zentralschweiz","Ausländer/innen","Oberes und mittleres Kader","Männer",11641,5501,7791,18431,38071
"2012","Zentralschweiz","Ausländer/innen","Unteres Kader","Geschlecht - Total",8020,4504,5984,10500,13832
"2012","Zentralschweiz","Ausländer/innen","Unteres Kader","Frauen",7057,3993,5195,9069,12536
"2012","Zentralschweiz","Ausländer/innen","Unteres Kader","Männer",8550,4835,6438,10883,14458
"2012","Zentralschweiz","Ausländer/innen","Verantwortlich für die Ausführung der Arbeiten","Geschlecht - Total",6158,4067,4859,7864,10518
"2012","Zentralschweiz","Ausländer/innen","Verantwortlich für die Ausführung der Arbeiten","Frauen",5262,3743,4355,7222,10170
"2012","Zentralschweiz","Ausländer/innen","Verantwortlich für die Ausführung der Arbeiten","Männer",6474,4246,5329,8081,10837
"2012","Zentralschweiz","Ausländer/innen","Ohne Kaderfunktion","Geschlecht - Total",5242,3346,4227,6565,8685
"2012","Zentralschweiz","Ausländer/innen","Ohne Kaderfunktion","Frauen",4451,1645,3620,6080,8302
"2012","Zentralschweiz","Ausländer/innen","Ohne Kaderfunktion","Männer",5549,3826,4699,6697,8948
"2012","Zentralschweiz","> Kurzaufenthalter/innen (Kat. L)","Berufliche Stellung - Total","Geschlecht - Total",5014,3188,3892,5893,7133
"2012","Zentralschweiz","> Kurzaufenthalter/innen (Kat. L)","Berufliche Stellung - Total","Frauen",3977,2200,3282,4840,7109
"2012","Zentralschweiz","> Kurzaufenthalter/innen (Kat. L)","Berufliche Stellung - Total","Männer",5065,3289,4320,5971,7136
"2012","Zentralschweiz","> Kurzaufenthalter/innen (Kat. L)","Oberes und mittleres Kader","Geschlecht - Total",,,,,
"2012","Zentralschweiz","> Kurzaufenthalter/innen (Kat. L)","Oberes und mittleres Kader","Frauen",,,,,
"2012","Zentralschweiz","> Kurzaufenthalter/innen (Kat. L)","Oberes und mittleres Kader","Männer",,,,,
"2012","Zentralschweiz","> Kurzaufenthalter/innen (Kat. L)","Unteres Kader","Geschlecht - Total",,,,,
"2012","Zentralschweiz","> Kurzaufenthalter/innen (Kat. L)","Unteres Kader","Frauen",,,,,
"2012","Zentralschweiz","> Kurzaufenthalter/innen (Kat. L)","Unteres Kader","Männer",,,,,
"2012","Zentralschweiz","> Kurzaufenthalter/innen (Kat. L)","Verantwortlich für die Ausführung der Arbeiten","Geschlecht - Total",,,,,
"2012","Zentralschweiz","> Kurzaufenthalter/innen (Kat. L)","Verantwortlich für die Ausführung der Arbeiten","Frauen",,,,,
"2012","Zentralschweiz","> Kurzaufenthalter/innen (Kat. L)","Verantwortlich für die Ausführung der Arbeiten","Männer",,,,,
"2012","Zentralschweiz","> Kurzaufenthalter/innen (Kat. L)","Ohne Kaderfunktion","Geschlecht - Total",5006,3225,3985,5830,6811
"2012","Zentralschweiz","> Kurzaufenthalter/innen (Kat. L)","Ohne Kaderfunktion","Frauen",3998,2542,3253,4773,6919
"2012","Zentralschweiz","> Kurzaufenthalter/innen (Kat. L)","Ohne Kaderfunktion","Männer",5056,3333,4331,5888,6773
"2012","Zentralschweiz","> Aufenthalter/innen (Kat. B)","Berufliche Stellung - Total","Geschlecht - Total",5827,3544,4442,8328,12287
"2012","Zentralschweiz","> Aufenthalter/innen (Kat. B)","Berufliche Stellung - Total","Frauen",5361,2968,3917,7558,10380
"2012","Zentralschweiz","> Aufenthalter/innen (Kat. B)","Berufliche Stellung - Total","Männer",6044,3976,4799,8904,13262
"2012","Zentralschweiz","> Aufenthalter/innen (Kat. B)","Oberes und mittleres Kader","Geschlecht - Total",11375,5280,7847,18690,30022
"2012","Zentralschweiz","> Aufenthalter/innen (Kat. B)","Oberes und mittleres Kader","Frauen",9515,4784,6588,14166,21429
"2012","Zentralschweiz","> Aufenthalter/innen (Kat. B)","Oberes und mittleres Kader","Männer",12327,5714,8152,19787,36511
"2012","Zentralschweiz","> Aufenthalter/innen (Kat. B)","Unteres Kader","Geschlecht - Total",8235,4643,6188,10898,14778
"2012","Zentralschweiz","> Aufenthalter/innen (Kat. B)","Unteres Kader","Frauen",7452,4746,5793,9489,13156
"2012","Zentralschweiz","> Aufenthalter/innen (Kat. B)","Unteres Kader","Männer",8790,4533,6438,11752,16431
"2012","Zentralschweiz","> Aufenthalter/innen (Kat. B)","Verantwortlich für die Ausführung der Arbeiten","Geschlecht - Total",6118,4086,4659,8730,12044
"2012","Zentralschweiz","> Aufenthalter/innen (Kat. B)","Verantwortlich für die Ausführung der Arbeiten","Frauen",5544,3059,4360,7761,10107
"2012","Zentralschweiz","> Aufenthalter/innen (Kat. B)","Verantwortlich für die Ausführung der Arbeiten","Männer",6501,4246,5137,9367,12422
"2012","Zentralschweiz","> Aufenthalter/innen (Kat. B)","Ohne Kaderfunktion","Geschlecht - Total",5322,3429,4204,7040,9301
"2012","Zentralschweiz","> Aufenthalter/innen (Kat. B)","Ohne Kaderfunktion","Frauen",4659,2162,3713,6697,8545
"2012","Zentralschweiz","> Aufenthalter/innen (Kat. B)","Ohne Kaderfunktion","Männer",5500,3797,4570,7250,9684
"2012","Zentralschweiz","> Niedergelassene (Kat. C)","Berufliche Stellung - Total","Geschlecht - Total",5671,3818,4577,7465,11191
"2012","Zentralschweiz","> Niedergelassene (Kat. C)","Berufliche Stellung - Total","Frauen",4685,2904,3968,6617,9625
"2012","Zentralschweiz","> Niedergelassene (Kat. C)","Berufliche Stellung - Total","Männer",6057,4424,5084,7913,12287
"2012","Zentralschweiz","> Niedergelassene (Kat. C)","Oberes und mittleres Kader","Geschlecht - Total",10500,4762,6944,15946,34431
"2012","Zentralschweiz","> Niedergelassene (Kat. C)","Oberes und mittleres Kader","Frauen",8333,2627,4855,12212,16786
"2012","Zentralschweiz","> Niedergelassene (Kat. C)","Oberes und mittleres Kader","Männer",11615,5705,7546,17520,42139
"2012","Zentralschweiz","> Niedergelassene (Kat. C)","Unteres Kader","Geschlecht - Total",7908,4690,5918,10269,12687
"2012","Zentralschweiz","> Niedergelassene (Kat. C)","Unteres Kader","Frauen",6866,3810,5159,9044,12446
"2012","Zentralschweiz","> Niedergelassene (Kat. C)","Unteres Kader","Männer",8350,5039,6487,10540,12687
"2012","Zentralschweiz","> Niedergelassene (Kat. C)","Verantwortlich für die Ausführung der Arbeiten","Geschlecht - Total",6247,4169,4996,7701,10000
"2012","Zentralschweiz","> Niedergelassene (Kat. C)","Verantwortlich für die Ausführung der Arbeiten","Frauen",5052,3766,4378,6770,10170
"2012","Zentralschweiz","> Niedergelassene (Kat. C)","Verantwortlich für die Ausführung der Arbeiten","Männer",6537,4762,5571,7733,9939
"2012","Zentralschweiz","> Niedergelassene (Kat. C)","Ohne Kaderfunktion","Geschlecht - Total",5305,3642,4397,6502,8563
"2012","Zentralschweiz","> Niedergelassene (Kat. C)","Ohne Kaderfunktion","Frauen",4511,2503,3891,5944,8293
"2012","Zentralschweiz","> Niedergelassene (Kat. C)","Ohne Kaderfunktion","Männer",5654,4320,4894,6646,8667
"2012","Zentralschweiz","> Grenzgänger/innen (Kat. G)","Berufliche Stellung - Total","Geschlecht - Total",6889,4121,5577,8752,12305
"2012","Zentralschweiz","> Grenzgänger/innen (Kat. G)","Berufliche Stellung - Total","Frauen",5469,2631,4003,8125,11077
"2012","Zentralschweiz","> Grenzgänger/innen (Kat. G)","Berufliche Stellung - Total","Männer",7028,4877,5722,9100,12763
"2012","Zentralschweiz","> Grenzgänger/innen (Kat. G)","Oberes und mittleres Kader","Geschlecht - Total",11663,7843,9484,17595,32116
"2012","Zentralschweiz","> Grenzgänger/innen (Kat. G)","Oberes und mittleres Kader","Frauen",,,,,
"2012","Zentralschweiz","> Grenzgänger/innen (Kat. G)","Oberes und mittleres Kader","Männer",11663,7843,9484,17933,36154
"2012","Zentralschweiz","> Grenzgänger/innen (Kat. G)","Unteres Kader","Geschlecht - Total",10429,6353,8463,13952,15729
"2012","Zentralschweiz","> Grenzgänger/innen (Kat. G)","Unteres Kader","Frauen",,,,,
"2012","Zentralschweiz","> Grenzgänger/innen (Kat. G)","Unteres Kader","Männer",10831,7694,8802,14207,15729
"2012","Zentralschweiz","> Grenzgänger/innen (Kat. G)","Verantwortlich für die Ausführung der Arbeiten","Geschlecht - Total",6838,5165,5663,9415,11117
"2012","Zentralschweiz","> Grenzgänger/innen (Kat. G)","Verantwortlich für die Ausführung der Arbeiten","Frauen",,,,,
"2012","Zentralschweiz","> Grenzgänger/innen (Kat. G)","Verantwortlich für die Ausführung der Arbeiten","Männer",7183,5165,5590,10369,11838
"2012","Zentralschweiz","> Grenzgänger/innen (Kat. G)","Ohne Kaderfunktion","Geschlecht - Total",6397,3909,5278,7791,9862
"2012","Zentralschweiz","> Grenzgänger/innen (Kat. G)","Ohne Kaderfunktion","Frauen",4869,2593,3699,7476,10051
"2012","Zentralschweiz","> Grenzgänger/innen (Kat. G)","Ohne Kaderfunktion","Männer",6567,4661,5664,7845,9706
"2012","Zentralschweiz","> Andere","Berufliche Stellung - Total","Geschlecht - Total",2302,1382,1600,3523,4696
"2012","Zentralschweiz","> Andere","Berufliche Stellung - Total","Frauen",1915,1294,1479,2876,3858
"2012","Zentralschweiz","> Andere","Berufliche Stellung - Total","Männer",3429,1425,1867,3858,6765
"2012","Zentralschweiz","> Andere","Oberes und mittleres Kader","Geschlecht - Total",,,,,
"2012","Zentralschweiz","> Andere","Oberes und mittleres Kader","Frauen",,,,,
"2012","Zentralschweiz","> Andere","Oberes und mittleres Kader","Männer",,,,,
"2012","Zentralschweiz","> Andere","Unteres Kader","Geschlecht - Total",,,,,
"2012","Zentralschweiz","> Andere","Unteres Kader","Frauen",,,,,
"2012","Zentralschweiz","> Andere","Unteres Kader","Männer",,,,,
"2012","Zentralschweiz","> Andere","Verantwortlich für die Ausführung der Arbeiten","Geschlecht - Total",,,,,
"2012","Zentralschweiz","> Andere","Verantwortlich für die Ausführung der Arbeiten","Frauen",,,,,
"2012","Zentralschweiz","> Andere","Verantwortlich für die Ausführung der Arbeiten","Männer",,,,,
"2012","Zentralschweiz","> Andere","Ohne Kaderfunktion","Geschlecht - Total",2193,1370,1552,3508,4285
"2012","Zentralschweiz","> Andere","Ohne Kaderfunktion","Frauen",1887,1293,1472,2573,3494
"2012","Zentralschweiz","> Andere","Ohne Kaderfunktion","Männer",3243,1400,1790,3663,6257
"2012","Ticino","Schweizer/innen und Ausländer/innen - Total","Berufliche Stellung - Total","Geschlecht - Total",5388,3176,4106,7087,10020
"2012","Ticino","Schweizer/innen und Ausländer/innen - Total","Berufliche Stellung - Total","Frauen",4753,2755,3518,6465,8661
"2012","Ticino","Schweizer/innen und Ausländer/innen - Total","Berufliche Stellung - Total","Männer",5693,3652,4494,7488,10805
"2012","Ticino","Schweizer/innen und Ausländer/innen - Total","Oberes und mittleres Kader","Geschlecht - Total",8329,3852,5611,11865,17334
"2012","Ticino","Schweizer/innen und Ausländer/innen - Total","Oberes und mittleres Kader","Frauen",6422,3142,4186,9250,13168
"2012","Ticino","Schweizer/innen und Ausländer/innen - Total","Oberes und mittleres Kader","Männer",9020,4373,6207,12712,18358
"2012","Ticino","Schweizer/innen und Ausländer/innen - Total","Unteres Kader","Geschlecht - Total",6390,3745,4875,8317,10297
"2012","Ticino","Schweizer/innen und Ausländer/innen - Total","Unteres Kader","Frauen",5867,3258,4386,7816,9399
"2012","Ticino","Schweizer/innen und Ausländer/innen - Total","Unteres Kader","Männer",6740,4177,5159,8730,11003
"2012","Ticino","Schweizer/innen und Ausländer/innen - Total","Verantwortlich für die Ausführung der Arbeiten","Geschlecht - Total",5494,3302,4273,6902,8599
"2012","Ticino","Schweizer/innen und Ausländer/innen - Total","Verantwortlich für die Ausführung der Arbeiten","Frauen",4979,2967,3706,6543,8250
"2012","Ticino","Schweizer/innen und Ausländer/innen - Total","Verantwortlich für die Ausführung der Arbeiten","Männer",5747,3924,4674,7059,8850
"2012","Ticino","Schweizer/innen und Ausländer/innen - Total","Ohne Kaderfunktion","Geschlecht - Total",4993,3025,3875,6254,7936
"2012","Ticino","Schweizer/innen und Ausländer/innen - Total","Ohne Kaderfunktion","Frauen",4487,2602,3400,5979,7908
"2012","Ticino","Schweizer/innen und Ausländer/innen - Total","Ohne Kaderfunktion","Männer",5292,3508,4256,6379,7949
"2012","Ticino","Schweizer/innen","Berufliche Stellung - Total","Geschlecht - Total",6132,3767,4771,8100,11441
"2012","Ticino","Schweizer/innen","Berufliche Stellung - Total","Frauen",5536,3304,4273,7222,9754
"2012","Ticino","Schweizer/innen","Berufliche Stellung - Total","Männer",6534,4214,5253,8738,12693
"2012","Ticino","Schweizer/innen","Oberes und mittleres Kader","Geschlecht - Total",8636,4040,5879,12258,16917
"2012","Ticino","Schweizer/innen","Oberes und mittleres Kader","Frauen",6500,3095,4283,9203,12500
"2012","Ticino","Schweizer/innen","Oberes und mittleres Kader","Männer",9505,4667,6627,13088,18079
"2012","Ticino","Schweizer/innen","Unteres Kader","Geschlecht - Total",6971,4063,5200,8810,10728
"2012","Ticino","Schweizer/innen","Unteres Kader","Frauen",6022,3550,4643,7869,9399
"2012","Ticino","Schweizer/innen","Unteres Kader","Männer",7565,4651,5789,9480,11634
"2012","Ticino","Schweizer/innen","Verantwortlich für die Ausführung der Arbeiten","Geschlecht - Total",6119,4000,4878,7636,9529
"2012","Ticino","Schweizer/innen","Verantwortlich für die Ausführung der Arbeiten","Frauen",5733,3789,4533,7216,9131
"2012","Ticino","Schweizer/innen","Verantwortlich für die Ausführung der Arbeiten","Männer",6449,4390,5302,7984,9700
"2012","Ticino","Schweizer/innen","Ohne Kaderfunktion","Geschlecht - Total",5723,3640,4571,7110,9190
"2012","Ticino","Schweizer/innen","Ohne Kaderfunktion","Frauen",5363,3257,4193,6835,9180
"2012","Ticino","Schweizer/innen","Ohne Kaderfunktion","Männer",5959,4053,4931,7302,9203
"2012","Ticino","Ausländer/innen","Berufliche Stellung - Total","Geschlecht - Total",4724,2957,3660,6031,8083
"2012","Ticino","Ausländer/innen","Berufliche Stellung - Total","Frauen",3926,2600,3097,5330,7537
"2012","Ticino","Ausländer/innen","Berufliche Stellung - Total","Männer",5094,3449,4127,6278,8425
"2012","Ticino","Ausländer/innen","Oberes und mittleres Kader","Geschlecht - Total",7597,3782,5159,11250,18299
"2012","Ticino","Ausländer/innen","Oberes und mittleres Kader","Frauen",6392,3371,4078,9389,14678
"2012","Ticino","Ausländer/innen","Oberes und mittleres Kader","Männer",8011,3940,5533,11625,19791
"2012","Ticino","Ausländer/innen","Unteres Kader","Geschlecht - Total",5750,3453,4537,7735,9760
"2012","Ticino","Ausländer/innen","Unteres Kader","Frauen",5550,3200,3845,7727,9382
"2012","Ticino","Ausländer/innen","Unteres Kader","Männer",5853,3958,4746,7741,10082
"2012","Ticino","Ausländer/innen","Verantwortlich für die Ausführung der Arbeiten","Geschlecht - Total",4979,3088,3910,6219,7834
"2012","Ticino","Ausländer/innen","Verantwortlich für die Ausführung der Arbeiten","Frauen",4103,2830,3132,5417,7461
"2012","Ticino","Ausländer/innen","Verantwortlich für die Ausführung der Arbeiten","Männer",5417,3747,4405,6500,8157
"2012","Ticino","Ausländer/innen","Ohne Kaderfunktion","Geschlecht - Total",4417,2831,3519,5502,6628
"2012","Ticino","Ausländer/innen","Ohne Kaderfunktion","Frauen",3729,2534,2988,4896,6525
"2012","Ticino","Ausländer/innen","Ohne Kaderfunktion","Männer",4777,3340,3935,5731,6681
"2012","Ticino","> Kurzaufenthalter/innen (Kat. L)","Berufliche Stellung - Total","Geschlecht - Total",4089,2505,3411,6053,9412
"2012","Ticino","> Kurzaufenthalter/innen (Kat. L)","Berufliche Stellung - Total","Frauen",3970,2992,3411,6135,9788
"2012","Ticino","> Kurzaufenthalter/innen (Kat. L)","Berufliche Stellung - Total","Männer",4185,2401,3410,6053,8497
"2012","Ticino","> Kurzaufenthalter/innen (Kat. L)","Oberes und mittleres Kader","Geschlecht - Total",,,,,
"2012","Ticino","> Kurzaufenthalter/innen (Kat. L)","Oberes und mittleres Kader","Frauen",,,,,
"2012","Ticino","> Kurzaufenthalter/innen (Kat. L)","Oberes und mittleres Kader","Männer",,,,,
"2012","Ticino","> Kurzaufenthalter/innen (Kat. L)","Unteres Kader","Geschlecht - Total",,,,,
"2012","Ticino","> Kurzaufenthalter/innen (Kat. L)","Unteres Kader","Frauen",,,,,
"2012","Ticino","> Kurzaufenthalter/innen (Kat. L)","Unteres Kader","Männer",,,,,
"2012","Ticino","> Kurzaufenthalter/innen (Kat. L)","Verantwortlich für die Ausführung der Arbeiten","Geschlecht - Total",,,,,
"2012","Ticino","> Kurzaufenthalter/innen (Kat. L)","Verantwortlich für die Ausführung der Arbeiten","Frauen",,,,,
"2012","Ticino","> Kurzaufenthalter/innen (Kat. L)","Verantwortlich für die Ausführung der Arbeiten","Männer",,,,,
"2012","Ticino","> Kurzaufenthalter/innen (Kat. L)","Ohne Kaderfunktion","Geschlecht - Total",3729,2969,3409,5146,6312
"2012","Ticino","> Kurzaufenthalter/innen (Kat. L)","Ohne Kaderfunktion","Frauen",3546,3000,3386,4308,6312
"2012","Ticino","> Kurzaufenthalter/innen (Kat. L)","Ohne Kaderfunktion","Männer",3804,2890,3409,5412,6353
"2012","Ticino","> Aufenthalter/innen (Kat. B)","Berufliche Stellung - Total","Geschlecht - Total",5092,3294,3892,6617,9740
"2012","Ticino","> Aufenthalter/innen (Kat. B)","Berufliche Stellung - Total","Frauen",4658,2985,3593,6389,8605
"2012","Ticino","> Aufenthalter/innen (Kat. B)","Berufliche Stellung - Total","Männer",5231,3487,4116,6767,10733
"2012","Ticino","> Aufenthalter/innen (Kat. B)","Oberes und mittleres Kader","Geschlecht - Total",8666,4209,5700,14069,29412
"2012","Ticino","> Aufenthalter/innen (Kat. B)","Oberes und mittleres Kader","Frauen",7253,4444,5107,11508,22857
"2012","Ticino","> Aufenthalter/innen (Kat. B)","Oberes und mittleres Kader","Männer",9075,4117,5700,15595,40267
"2012","Ticino","> Aufenthalter/innen (Kat. B)","Unteres Kader","Geschlecht - Total",6111,3283,4333,8635,10317
"2012","Ticino","> Aufenthalter/innen (Kat. B)","Unteres Kader","Frauen",5812,3022,3644,8023,9346
"2012","Ticino","> Aufenthalter/innen (Kat. B)","Unteres Kader","Männer",6587,4008,4762,9491,12018
"2012","Ticino","> Aufenthalter/innen (Kat. B)","Verantwortlich für die Ausführung der Arbeiten","Geschlecht - Total",5672,3810,4746,7511,10381
"2012","Ticino","> Aufenthalter/innen (Kat. B)","Verantwortlich für die Ausführung der Arbeiten","Frauen",5443,3810,4348,6495,8381
"2012","Ticino","> Aufenthalter/innen (Kat. B)","Verantwortlich für die Ausführung der Arbeiten","Männer",5850,4116,4859,8355,11014
"2012","Ticino","> Aufenthalter/innen (Kat. B)","Ohne Kaderfunktion","Geschlecht - Total",4577,3205,3714,5803,7184
"2012","Ticino","> Aufenthalter/innen (Kat. B)","Ohne Kaderfunktion","Frauen",4157,2814,3508,5799,7412
"2012","Ticino","> Aufenthalter/innen (Kat. B)","Ohne Kaderfunktion","Männer",4830,3387,3910,5803,7042
"2012","Ticino","> Niedergelassene (Kat. C)","Berufliche Stellung - Total","Geschlecht - Total",5295,3500,4234,6690,9193
"2012","Ticino","> Niedergelassene (Kat. C)","Berufliche Stellung - Total","Frauen",4611,2800,3666,5843,8180
"2012","Ticino","> Niedergelassene (Kat. C)","Berufliche Stellung - Total","Männer",5617,3961,4677,7042,10222
"2012","Ticino","> Niedergelassene (Kat. C)","Oberes und mittleres Kader","Geschlecht - Total",8125,3700,4746,12036,21918
"2012","Ticino","> Niedergelassene (Kat. C)","Oberes und mittleres Kader","Frauen",6465,3296,3852,10465,18721
"2012","Ticino","> Niedergelassene (Kat. C)","Oberes und mittleres Kader","Männer",8725,3832,5647,12875,22447
"2012","Ticino","> Niedergelassene (Kat. C)","Unteres Kader","Geschlecht - Total",6650,4054,5089,8258,10408
"2012","Ticino","> Niedergelassene (Kat. C)","Unteres Kader","Frauen",5952,3628,4911,8180,9257
"2012","Ticino","> Niedergelassene (Kat. C)","Unteres Kader","Männer",6719,4227,5238,8258,10833
"2012","Ticino","> Niedergelassene (Kat. C)","Verantwortlich für die Ausführung der Arbeiten","Geschlecht - Total",5660,3948,4690,6789,8188
"2012","Ticino","> Niedergelassene (Kat. C)","Verantwortlich für die Ausführung der Arbeiten","Frauen",5288,3448,4161,6213,7920
"2012","Ticino","> Niedergelassene (Kat. C)","Verantwortlich für die Ausführung der Arbeiten","Männer",5830,4234,5064,6994,8379
"2012","Ticino","> Niedergelassene (Kat. C)","Ohne Kaderfunktion","Geschlecht - Total",5007,3385,4069,5912,7219
"2012","Ticino","> Niedergelassene (Kat. C)","Ohne Kaderfunktion","Frauen",4313,2103,3509,5257,6869
"2012","Ticino","> Niedergelassene (Kat. C)","Ohne Kaderfunktion","Männer",5322,3910,4554,6190,7376
"2012","Ticino","> Grenzgänger/innen (Kat. G)","Berufliche Stellung - Total","Geschlecht - Total",4440,2837,3473,5691,7293
"2012","Ticino","> Grenzgänger/innen (Kat. G)","Berufliche Stellung - Total","Frauen",3548,2593,2933,4830,6813
"2012","Ticino","> Grenzgänger/innen (Kat. G)","Berufliche Stellung - Total","Männer",4825,3302,3981,5953,7539
"2012","Ticino","> Grenzgänger/innen (Kat. G)","Oberes und mittleres Kader","Geschlecht - Total",7083,3852,5163,11250,13491
"2012","Ticino","> Grenzgänger/innen (Kat. G)","Oberes und mittleres Kader","Frauen",5805,3436,4078,8168,10765
"2012","Ticino","> Grenzgänger/innen (Kat. G)","Oberes und mittleres Kader","Männer",7583,4114,5417,11250,14083
"2012","Ticino","> Grenzgänger/innen (Kat. G)","Unteres Kader","Geschlecht - Total",5495,3250,4333,7034,9194
"2012","Ticino","> Grenzgänger/innen (Kat. G)","Unteres Kader","Frauen",5092,3083,3500,7224,9066
"2012","Ticino","> Grenzgänger/innen (Kat. G)","Unteres Kader","Männer",5557,3670,4643,6973,9208
"2012","Ticino","> Grenzgänger/innen (Kat. G)","Verantwortlich für die Ausführung der Arbeiten","Geschlecht - Total",4643,2971,3601,5839,7220
"2012","Ticino","> Grenzgänger/innen (Kat. G)","Verantwortlich für die Ausführung der Arbeiten","Frauen",3590,2792,3016,4829,6843
"2012","Ticino","> Grenzgänger/innen (Kat. G)","Verantwortlich für die Ausführung der Arbeiten","Männer",5119,3611,4261,6230,7381
"2012","Ticino","> Grenzgänger/innen (Kat. G)","Ohne Kaderfunktion","Geschlecht - Total",4183,2738,3320,5266,6334
"2012","Ticino","> Grenzgänger/innen (Kat. G)","Ohne Kaderfunktion","Frauen",3475,2528,2850,4501,6070
"2012","Ticino","> Grenzgänger/innen (Kat. G)","Ohne Kaderfunktion","Männer",4595,3198,3794,5546,6392
"2012","Ticino","> Andere","Berufliche Stellung - Total","Geschlecht - Total",,,,,
"2012","Ticino","> Andere","Berufliche Stellung - Total","Frauen",,,,,
"2012","Ticino","> Andere","Berufliche Stellung - Total","Männer",,,,,
"2012","Ticino","> Andere","Oberes und mittleres Kader","Geschlecht - Total",,,,,
"2012","Ticino","> Andere","Oberes und mittleres Kader","Frauen",..,..,..,..,..
"2012","Ticino","> Andere","Oberes und mittleres Kader","Männer",,,,,
"2012","Ticino","> Andere","Unteres Kader","Geschlecht - Total",,,,,
"2012","Ticino","> Andere","Unteres Kader","Frauen",..,..,..,..,..
"2012","Ticino","> Andere","Unteres Kader","Männer",,,,,
"2012","Ticino","> Andere","Verantwortlich für die Ausführung der Arbeiten","Geschlecht - Total",..,..,..,..,..
"2012","Ticino","> Andere","Verantwortlich für die Ausführung der Arbeiten","Frauen",..,..,..,..,..
"2012","Ticino","> Andere","Verantwortlich für die Ausführung der Arbeiten","Männer",..,..,..,..,..
"2012","Ticino","> Andere","Ohne Kaderfunktion","Geschlecht - Total",,,,,
"2012","Ticino","> Andere","Ohne Kaderfunktion","Frauen",,,,,
"2012","Ticino","> Andere","Ohne Kaderfunktion","Männer",,,,,
